n: 100

c:
[
 0.5000000000 0.6158830075 0.8318886449 0.9538924078 0.8465604808 0.7351823511 0.9747015800 0.9867557308 0.8711280839 0.9416842297 0.9013018851 0.9939138566 0.9719325454 0.8133895286 0.5965883328 0.6298839724 0.9727953023 0.8984730234 0.7700685838 0.7616067894 0.9226797310 0.7780027353 0.9469566888 0.7806570648 0.8406153181 0.6183690453 0.2766034026 0.7430257099 0.8668693400 0.7132280334 0.9021244361 0.8268825141 0.6533618485 0.7021974363 0.7616910618 0.4193875850 0.9633021067 0.9136369396 0.8281534556 0.3270247519 0.6993934132 0.7661593587 0.7068167956 0.6385820682 0.3390515354 0.8709853763 0.7576542790 0.9003266005 0.6618164108 0.5037505814 0.9819388293 0.5365387555 0.9891268281 0.6708843819 0.8456321942 0.6594493190 0.8647606639 0.9518870745 0.6973494878 0.7945351051 0.9825838238 0.7491248248 0.6586665152 0.9066659754 0.3738392454 0.7775429844 0.6511062547 0.7461970738 0.8541802085 0.9878636608 0.6967599035 0.7953873489 0.3817183957 0.4951958905 0.3973564904 0.8675535209 0.8098382299 0.7512039971 0.5061355702 0.6840353447 0.9765955862 0.9447116176 0.7378989236 0.6992494889 0.7885793116 0.7489474384 0.5056931599 0.8739230488 0.7590737629 0.7809286327 0.3083648334 0.5979573148 0.9705847061 0.8238426215 0.8359121798 0.7105114134 0.7842219720 0.7739660776 0.8375732208 0.9650793298
 0.3841169925 0.5000000000 0.3901992026 0.6811928750 0.8840568124 0.9685436744 0.7492234742 0.4573554456 0.4321601310 0.6748865768 0.9260778490 0.9022122386 0.6077445684 0.9332384165 0.2610037515 0.7512354434 0.3969795759 0.7961912881 0.9656331125 0.9457636286 0.8671454208 0.5866644493 0.6887818222 0.9016715941 0.2622846382 0.9803166734 0.6726940190 0.8124414048 0.8250560288 0.9738972798 0.8642219954 0.9219698952 0.5583271245 0.9551881013 0.8416415978 0.8909838546 0.7878263847 0.7380034717 0.9776603328 0.7007272005 0.9254313782 0.3911620651 0.2057193112 0.7214047088 0.5432486097 0.9680726647 0.7088801392 0.3392283782 0.9458022627 0.8630785836 0.6951787054 0.2246615985 0.6049785477 0.4624487068 0.9748239461 0.6460349000 0.8326629589 0.8643103097 0.5514700347 0.8176966565 0.9325896675 0.2056660606 0.6637615307 0.9216829942 0.9770096806 0.6734295641 0.1231709858 0.8930638045 0.8841437666 0.6965078934 0.8178083943 0.9746695858 0.3166350922 0.8940782495 0.7823456220 0.9655573815 0.1290351293 0.8564894592 0.8906949163 0.5958298993 0.9096981278 0.9618375714 0.6717920308 0.8576335706 0.4587026463 0.5357765968 0.8629580465 0.9762528364 0.6182397617 0.6222515254 0.6385636908 0.5914923347 0.6044975947 0.3115631185 0.7836599979 0.5516814531 0.9166653491 0.4743199361 0.9158322714 0.4622157537
 0.1681113551 0.6098007974 0.5000000000 0.7499472098 0.6464487265 0.6035867314 0.8714357065 0.7651317886 0.7666181727 0.6053394847 0.7491714815 0.2687461565 0.7346287056 0.7974485010 0.6195617365 0.9236686457 0.9856712305 0.6367073580 0.5483608061 0.9971846132 0.4198652101 0.8567082929 0.5509255553 0.7692574150 0.9081358482 0.6814273232 0.6407462848 0.8347394817 0.9432798267 0.8701725281 0.6355066912 0.6026980618 0.8771926139 0.4950447696 0.8444969898 0.6291557416 0.5892991271 0.5398963650 0.8116566507 0.8964612777 0.8914008280 0.4840926355 0.4289801272 0.8585075707 0.7824606882 0.9413873113 0.9715530032 0.6124090903 0.8064205550 0.9840926144 0.9010397882 0.7277243046 0.7550006360 0.9182559364 0.9046985294 0.9333584522 0.7757541078 0.8650121639 0.4297620482 0.7650134814 0.8029520915 0.5810424875 0.7451194316 0.8218424993 0.8004230708 0.1741642583 0.4414696052 0.9730398862 0.7000688012 0.7947270439 0.9725497063 0.7461282478 0.9342191785 0.6744979897 0.7334692429 0.9374973538 0.6851962215 0.8186564533 0.9688475207 0.7705876594 0.8269827837 0.7463795818 0.7133850479 0.4147365255 0.9006784607 0.9558231696 0.4713562618 0.9864377135 0.6419799544 0.8676242139 0.6507813558 0.7853510011 0.7371702888 0.6511663238 0.7887699919 0.7604985648 0.9772075030 0.6209537242 0.9712931727 0.7809590863
 0.0461075922 0.3188071250 0.2500527902 0.5000000000 0.9587526402 0.8859796091 0.1798042530 0.6467994223 0.9606361211 0.6700234609 0.8549230802 0.9201300828 0.8125082615 0.8967947836 0.7622787989 0.6376632622 0.9594429517 0.4905887469 0.8080434403 0.4848714309 0.7221917482 0.7715103365 0.8893341852 0.8730274191 0.8418818017 0.9445880619 0.7840359326 0.8958315815 0.9747620986 0.7921872541 0.7067284385 0.8090289406 0.5671266217 0.9018060460 0.9611397190 0.4903978824 0.9320722020 0.9537249032 0.7552801071 0.6035038834 0.8127235260 0.6785729911 0.6696631269 0.3738866572 0.6183319541 0.9276284453 0.8294062677 0.7500278028 0.9089496910 0.7621993958 0.8454214204 0.8367519231 0.8528624394 0.9775101518 0.8185130204 0.4948432623 0.7358415115 0.5650018835 0.4437545853 0.7356107381 0.9374936690 0.5751526335 0.7966793598 0.8929466032 0.9090617367 0.2708963430 0.9113441585 0.9914341812 0.9779091687 0.6139369715 0.4329327988 0.8216837234 0.6756318202 0.8199282901 0.7834984528 0.4295767858 0.9336426905 0.9346341052 0.9700319468 0.8184254259 0.7072044815 0.8438689946 0.7990846928 0.7992395801 0.2387064633 0.3324332023 0.8166537609 0.7744583453 0.2166936584 0.8396490765 0.2359208840 0.8597786509 0.9861619643 0.8713324095 0.7925494604 0.7824517004 0.9634736737 0.2469824457 0.6210944528 0.6109413047
 0.1534395192 0.1159431876 0.3535512735 0.0412473598 0.5000000000 0.5999968741 0.4337340191 0.9536850544 0.6943958866 0.9505174745 0.6741389559 0.2505611796 0.7024089319 0.8943944020 0.5213053284 0.9642898595 0.8627213663 0.3986978413 0.8889959041 0.7681352785 0.9341602503 0.9915179123 0.5715327193 0.7473885407 0.7272051765 0.5739696297 0.7874399064 0.5787720280 0.9490322352 0.4776114650 0.8186321184 0.8148690641 0.8409472573 0.8356142964 0.9662371743 0.7763738033 0.9908702157 0.6844148745 0.9861315078 0.9604643625 0.6358047573 0.9595500824 0.8869310838 0.9617951152 0.9727047807 0.8351999536 0.9455201963 0.4607323462 0.5489562743 0.2160628144 0.7485546887 0.9186595999 0.9885481276 0.8279400023 0.9304479464 0.8987366637 0.9172842459 0.8680010396 0.8764836011 0.9966059852 0.7125388389 0.9693715256 0.3139505962 0.9329516903 0.3410452731 0.7280734538 0.9546965358 0.7427813349 0.9866289753 0.6273591885 0.8848511817 0.8646866444 0.8704381637 0.9611965434 0.2690863493 0.6840417030 0.5191939639 0.9937592324 0.8321518627 0.8990053385 0.9386470310 0.5159264008 0.9291152158 0.7962575625 0.8717517674 0.9776681382 0.5910147548 0.6766070573 0.8851164508 0.7355738418 0.8382511291 0.9823447450 0.8489701313 0.8755221875 0.5929923098 0.3906727708 0.7805917537 0.9879085939 0.3460750141 0.6475319906
 0.2648176489 0.0314563256 0.3964132686 0.1140203909 0.4000031259 0.5000000000 0.8781730441 0.5719120583 0.9340006851 0.9817841702 0.8381231113 0.8737190985 0.9312646200 0.5893101529 0.9294765320 0.8853861183 0.7706989472 0.7290373525 0.7168361708 0.5374385209 0.5922531193 0.9862117064 0.9531934926 0.9908217217 0.6922767146 0.9738592083 0.7444911818 0.7530673045 0.4316110525 0.9160649685 0.6974466630 0.7870644371 0.9675275536 0.8715848799 0.9623901556 0.9924484749 0.7474049204 0.7253166357 0.7965529831 0.9319472345 0.8950076025 0.9537735896 0.9382397102 0.9170757515 0.7163596223 0.8260053587 0.6044520011 0.8131250765 0.3528870117 0.6500273827 0.5676200828 0.5756816014 0.7472736007 0.8545747045 0.1797887455 0.9530034270 0.7170919625 0.8650271059 0.7715594539 0.5086852171 0.6595901442 0.3845560427 0.8829453101 0.9621672909 0.7425483556 0.5265299994 0.9330421314 0.8088639741 0.5606669200 0.7513543635 0.6287299643 0.9122927478 0.5855723487 0.8649591622 0.9856412883 0.3461544069 0.9781233124 0.9210062009 0.7535834167 0.9320438972 0.5860528315 0.7727442874 0.7310092047 0.3834476932 0.7317204806 0.6067747849 0.7214519022 0.5059758077 0.8476439869 0.8780964879 0.9474150170 0.5526499053 0.6157160756 0.3056187510 0.8047801790 0.9241189827 0.8714752330 0.8187614183 0.9224958857 0.9289907135
 0.0252984200 0.2507765258 0.1285642935 0.8201957470 0.5662659809 0.1218269559 0.5000000000 0.8601660277 0.8498008833 0.9985605053 0.8737618265 0.9955606920 0.6324578072 0.4072748668 0.7586178048 0.5650039518 0.8506711948 0.9293274371 0.9551996308 0.6452894073 0.4266145605 0.8117571908 0.4735092993 0.2995923068 0.7736661894 0.6994276353 0.8691182098 0.8929246473 0.7629751196 0.7900397440 0.5878982484 0.8077438509 0.7074256391 0.9127513848 0.3632040255 0.8629935652 0.6039069373 0.5790393669 0.9577505680 0.5111411142 0.9711190646 0.9823329467 0.8118121632 0.7559452889 0.9472061249 0.2807552380 0.8583004570 0.8254103751 0.6038153773 0.7507367496 0.9247020550 0.5563631786 0.9445844876 0.4995721761 0.9422443860 0.4655086099 0.9139597091 0.9293151393 0.1433452743 0.8446696271 0.9768687485 0.5430366733 0.8750061102 0.8832879005 0.9550102723 0.7651663830 0.8900813071 0.7401568013 0.8212737777 0.9103765615 0.8390578867 0.8604848527 0.8530298605 0.8208580911 0.7912476117 0.8772723646 0.9808636662 0.6216343007 0.9053962678 0.7816090481 0.8647638176 0.6427146771 0.7941386349 0.9842743130 0.9900369213 0.5386553867 0.9806045879 0.9563727818 0.7311119920 0.5640384537 0.6659864839 0.4573555253 0.7918052021 0.5627196802 0.9831223782 0.2684181836 0.9014337701 0.8811816732 0.9241845570 0.9640785027
 0.0132442692 0.5426445544 0.2348682114 0.3532005777 0.0463149456 0.4280879417 0.1398339723 0.5000000000 0.4351101930 0.6794665064 0.6579868553 0.8235699536 0.3686652739 0.8582118539 0.8476349309 0.9219963823 0.9758976276 0.9356336830 0.9879728024 0.8372226852 0.6014784603 0.8774089105 0.9550405101 0.4726439103 0.7545764112 0.9294630477 0.5745461683 0.6462681113 0.4935346721 0.4394242461 0.9541455076 0.8296963127 0.2751954569 0.5608815388 0.6508062510 0.8026357968 0.9901642539 0.7127515005 0.7677915139 0.6961974407 0.6894148054 0.7514924933 0.6745018636 0.7457202805 0.7513992856 0.3283620424 0.8464122319 0.8306802415 0.8948828972 0.9983453456 0.5806024631 0.7265092219 0.9993418826 0.9868009030 0.6474862440 0.7334115547 0.8430722667 0.5904681476 0.6853278173 0.5760195237 0.6106823365 0.9919468786 0.7800287369 0.9143145399 0.9437035460 0.7774214163 0.4786499661 0.9808099430 0.4586232408 0.6552516050 0.9018179747 0.7172167793 0.9171688715 0.8915767130 0.4983106771 0.3339618260 0.7029423513 0.5127298502 0.8684292902 0.9467970075 0.6049710037 0.6556662968 0.7197479340 0.3727110290 0.7345285412 0.3470100971 0.7771802448 0.9014995560 0.5329950521 0.5740253766 0.9190169522 0.8980864869 0.8854948389 0.6349728470 0.8514395446 0.9058555308 0.6637643455 0.3228083478 0.9063598194 0.7054397917
 0.1288719161 0.5678398690 0.2333818273 0.0393638789 0.3056041134 0.0659993149 0.1501991167 0.5648898070 0.5000000000 0.9967510890 0.8771997513 0.3433879075 0.7946417726 0.7752599104 0.7412843919 0.9242687990 0.9779988876 0.5416040587 0.9577511565 0.5632478462 0.9499180539 0.4921828429 0.6597731498 0.8207584436 0.8240164510 0.9202234619 0.6142155109 0.8229807568 0.8484919254 0.8121858714 0.9027046972 0.9835709500 0.9211678526 0.9631265872 0.8117100944 0.8171637599 0.8998596079 0.9546754982 0.8420663146 0.9266465128 0.8028831540 0.9369891295 0.4579045273 0.9717383395 0.5479510006 0.4090907874 0.4956357904 0.7416081009 0.4662464848 0.5898793974 0.4296887313 0.9835541469 0.8590410467 0.8807776264 0.7735981401 0.8621794828 0.8080075545 0.7586117990 0.6798531228 0.9875543987 0.6691093121 0.9331110635 0.6121188084 0.7790308779 0.8494820660 0.8017769617 0.6812115697 0.7075847587 0.9325920999 0.9475250041 0.7813582240 0.8199825146 0.7424263313 0.9094989104 0.4547150847 0.6963652395 0.7056714435 0.3064181665 0.9057934317 0.6817270799 0.6394490098 0.6903616101 0.8635081242 0.3651125570 0.8859349376 0.8074018688 0.8502060686 0.9664685919 0.7001640490 0.9781751439 0.7837544120 0.8176696754 0.5347737641 0.8440016822 0.7356183776 0.7310836044 0.3914746592 0.6680881644 0.6945276293 0.8510970791
 0.0583157703 0.3251134232 0.3946605153 0.3299765391 0.0494825255 0.0182158298 0.0014394947 0.3205334936 0.0032489110 0.5000000000 0.3860531932 0.9342542339 0.9593892820 0.5439933462 0.7819673732 0.8482857205 0.9631646729 0.9281357985 0.7477342274 0.8960031072 0.7415690252 0.4043785418 0.9745870316 0.5924998909 0.8757779982 0.8377715576 0.9548226238 0.5607721820 0.8487039728 0.9831584364 0.4676771396 0.9010479759 0.7260087337 0.3649784312 0.8028196249 0.7066112082 0.5565759462 0.6468586138 0.7894083817 0.9057807927 0.5805256733 0.6335784988 0.6567550673 0.4777964408 0.4926316540 0.9187389453 0.5377026976 0.7776646126 0.7207990242 0.9509785195 0.9889565192 0.9548121549 0.9142298928 0.7605767695 0.9067680339 0.9200075107 0.3103427337 0.8525802697 0.9711810203 0.9970554602 0.5202540629 0.5098132873 0.8393180068 0.9724790131 0.7878639171 0.9351740981 0.5849317102 0.8602575687 0.8733577404 0.8205928216 0.7881591634 0.6849827370 0.6004979021 0.8520274463 0.8556620447 0.6927312130 0.6397022009 0.9899082631 0.8012579661 0.5301334987 0.9133424704 0.4659894623 0.7340417181 0.7151944553 0.7140765482 0.7124383092 0.9219370437 0.9608818874 0.2793290248 0.7470777491 0.7295797738 0.8076860356 0.8697066690 0.8939352351 0.7898249287 0.3678650023 0.4226571638 0.8722466761 0.3672882247 0.9694470457
 0.0986981149 0.0739221510 0.2508285185 0.1450769198 0.3258610441 0.1618768887 0.1262381735 0.3420131447 0.1228002487 0.6139468068 0.5000000000 0.9303720990 0.8905303183 0.8822864404 0.5965635684 0.7075700153 0.8524660983 0.6703311314 0.9715648390 0.9361866057 0.8227742816 0.6636954957 0.6671865386 0.9563881244 0.9846763345 0.7427041068 0.4041093548 0.6128983491 0.8061704614 0.9878669457 0.6408828110 0.3904402364 0.9781785274 0.9480124396 0.8151388010 0.8889935133 0.8217204410 0.9647423116 0.4932721958 0.8636624438 0.5127396259 0.7572412991 0.7237848143 0.6063878342 0.9723026567 0.8566128291 0.8955577582 0.6504081183 0.9947988274 0.8392641328 0.9941193765 0.9055621263 0.9082964320 0.9161350071 0.9074615874 0.3999438826 0.7986473394 0.8727611205 0.5861202766 0.9224408542 0.8199240311 0.6133021784 0.5510771470 0.7633601662 0.9485808141 0.9555992600 0.5089895491 0.9290227216 0.7819420332 0.7782046588 0.8483603493 0.7249054821 0.7237748938 0.6315222378 0.6903513146 0.9054961613 0.7063414155 0.5173897214 0.4467393934 0.4434519931 0.9177023118 0.7359004752 0.9060198297 0.8828625806 0.8086414762 0.7744296008 0.7892834814 0.9298878920 0.4798160139 0.8149711530 0.8124253081 0.4322839532 0.8055002537 0.9523684576 0.6217958096 0.1549599221 0.9631414952 0.7966042402 0.6393451019 0.9607988553
 0.0060861434 0.0977877614 0.7312538435 0.0798699172 0.7494388204 0.1262809015 0.0044393080 0.1764300464 0.6566120925 0.0657457661 0.0696279010 0.5000000000 0.2860120235 0.7307431013 0.9834930188 0.9652024998 0.8574758992 0.7747346270 0.6535261164 0.6186805205 0.9426349729 0.6823573096 0.3874891887 0.8568995046 0.9216447455 0.7417994965 0.9631386863 0.5958826331 0.8579341774 0.9291212425 0.9743230589 0.8608750865 0.8261400402 0.9639752086 0.9141715596 0.9734288488 0.9612321208 0.9698082561 0.8569743321 0.7376337311 0.8315659676 0.9359740644 0.6026150041 0.8551689626 0.7711091173 0.5174783396 0.8500775959 0.5891432412 0.6295641465 0.9380247981 0.6664309453 0.9177616266 0.9140892864 0.6527997664 0.6723532635 0.8660033004 0.6466210144 0.9691084196 0.9597194786 0.4360955085 0.9430353717 0.7162424426 0.9789576290 0.8820438771 0.3168972043 0.1323359335 0.6359703222 0.9202467330 0.6498337510 0.6600229871 0.7018352487 0.4507686100 0.7005942229 0.7522545957 0.8448923709 0.8291060681 0.7664372854 0.9381589669 0.0928614807 0.8545572444 0.2140456926 0.6082051866 0.9858545146 0.5365274157 0.9745379971 0.4500850292 0.4311037652 0.2822570300 0.7154818757 0.9196304157 0.9330043916 0.9411599632 0.8525691251 0.9720504664 0.9958449997 0.9509889615 0.9272486777 0.6435859329 0.4396993452 0.9182807717
 0.0280674546 0.3922554316 0.2653712944 0.1874917385 0.2975910681 0.0687353800 0.3675421928 0.6313347261 0.2053582274 0.0406107180 0.1094696817 0.7139879765 0.5000000000 0.9280369944 0.2637395129 0.9998556542 0.2878513827 0.9546487977 0.5135220419 0.7173250115 0.9126166150 0.9751024648 0.9335577260 0.4319129499 0.3918645890 0.5996874426 0.4486849292 0.9741842500 0.9838199485 0.8550376511 0.7107236835 0.8256185248 0.7750028472 0.6970766622 0.9054222895 0.9097485215 0.6195941675 0.8861202964 0.7560328674 0.7879935678 0.8764140078 0.7986288907 0.8170131672 0.8071337881 0.4321196359 0.5259194663 0.9022453106 0.8102082972 0.8535013584 0.9228049103 0.8983414556 0.9372695722 0.7848405645 0.6234008131 0.6238603592 0.8158534146 0.7168334740 0.4438251508 0.8227167137 0.4022953419 0.3754922983 0.5168522103 0.3588351735 0.8432380589 0.2275423178 0.9697803499 0.9611595535 0.4990015055 0.8917697956 0.9828159412 0.6182078564 0.5381875889 0.7993073630 0.9853674690 0.3554879443 0.8346790444 0.8611436138 0.7263208570 0.6960384799 0.6674422494 0.5473310134 0.8453975290 0.4001405292 0.2510494458 0.4865475951 0.6935204007 0.7105765965 0.9261797516 0.3336990216 0.7512507472 0.7063123466 0.3706378163 0.8812733223 0.3043467836 0.7916353049 0.8435556383 0.9342770859 0.9776670347 0.6860867157 0.5811236642
 0.1866104714 0.0667615835 0.2025514990 0.1032052164 0.1056055980 0.4106898471 0.5927251332 0.1417881461 0.2247400896 0.4560066538 0.1177135596 0.2692568987 0.0719630056 0.5000000000 0.9567468552 0.3527138982 0.9163752792 0.5213441950 0.6543769196 0.7872067874 0.6509426030 0.4486531509 0.5277776632 0.9618119790 0.9396164606 0.6880778473 0.9862660325 0.3062920303 0.9601054678 0.9801267844 0.9821971039 0.8395142670 0.5086360014 0.6903436568 0.9256074562 0.9517373678 0.9530105989 0.7266720080 0.8923376502 0.7397255423 0.7675128360 0.9375622531 0.9341575845 0.4420163327 0.7564209559 0.9637845311 0.6257641620 0.6788158126 0.4423420412 0.7348912786 0.7085823105 0.1917165370 0.3548100371 0.9132243263 0.8535268399 0.6616687986 0.9813625935 0.3723054439 0.8262923945 0.6583831333 0.9296596937 0.5509534488 0.7020793319 0.9672623121 0.9073707193 0.5833038600 0.9887569926 0.8264869364 0.8638122624 0.8662501362 0.9752677863 0.5795241229 0.8388760302 0.6538671391 0.8478122606 0.8421401794 0.8562652333 0.5365602899 0.9495747009 0.9033455669 0.8685553743 0.7911100121 0.7117132771 0.5362900989 0.9898490944 0.3951797870 0.9339271906 0.7661631698 0.7665248078 0.8386131730 0.3472776455 0.6189411409 0.8110995472 0.4356891694 0.9013460199 0.9612886907 0.6179891684 0.5192080166 0.6850429554 0.9744979410
 0.4034116672 0.7389962485 0.3804382635 0.2377212011 0.4786946716 0.0705234680 0.2413821952 0.1523650691 0.2587156081 0.2180326268 0.4034364316 0.0165069812 0.7362604871 0.0432531448 0.5000000000 0.4725435249 0.9872293140 0.7925110648 0.7586387229 0.7466873433 0.7402881261 0.6406873013 0.7433201454 0.9312938437 0.7170329848 0.9788178314 0.8282120268 0.6395946545 0.9793701520 0.6789030859 0.8631011642 0.0774676387 0.8475246049 0.8595578826 0.8885932529 0.8924203572 0.9386351140 0.6808324760 0.9766071149 0.7082245938 0.8397234420 0.9938947084 0.4187036252 0.9742226239 0.8154424016 0.3691256086 0.8296777848 0.9194529311 0.7781416731 0.9845867566 0.5368899346 0.8273575531 0.6252855755 0.8959562236 0.4476528254 0.8760987914 0.9812315310 0.9251530286 0.3561991509 0.8326904239 0.9726813630 0.8294775688 0.9083765491 0.7074485172 0.9487995411 0.9612164447 0.5957143157 0.7779970757 0.9680983948 0.6777893704 0.7754274365 0.7570329100 0.6315880058 0.8869525647 0.9124753344 0.6813784855 0.6029671046 0.5215004296 0.7419359285 0.9865519788 0.4201050655 0.8664349485 0.3523662907 0.8661310705 0.6805925547 0.5464591862 0.8877696687 0.8789122403 0.9745174943 0.7144545719 0.9723799384 0.9536447801 0.3624449055 0.2457170245 0.2480284115 0.9293667284 0.6827893372 0.9234118849 0.9489323110 0.1559748155
 0.3701160276 0.2487645566 0.0763313543 0.3623367378 0.0357101405 0.1146138817 0.4349960482 0.0780036177 0.0757312010 0.1517142795 0.2924299847 0.0347975002 0.0001443458 0.6472861018 0.5274564751 0.5000000000 0.7566245970 0.9053031671 0.9693834438 0.7101824282 0.7585144288 0.7385303643 0.7995448730 0.8491414487 0.7225462692 0.6805620585 0.6219406214 0.7853516270 0.9584684105 0.8491089072 0.7789254252 0.7110125962 0.6921744169 0.9519233506 0.9957960863 0.8381392046 0.7692146359 0.9433717566 0.9821275310 0.8715363545 0.5465666829 0.7594220857 0.8745658227 0.7018935613 0.5247693507 0.5910057271 0.7478407852 0.8393986267 0.6261869951 0.6721575012 0.7535713328 0.9794723173 0.6863153123 0.8636953292 0.8150244418 0.6360331766 0.8231578781 0.5679042086 0.8534062042 0.8947416541 0.8966455831 0.9044448948 0.4126176329 0.9153661877 0.2165220838 0.9835060191 0.6600918513 0.8900440589 0.9815388394 0.9754790572 0.9653008833 0.9562711566 0.5083826001 0.8921847720 0.9248000469 0.6532081883 0.9143883833 0.7357911601 0.4418407094 0.5491285651 0.8392733198 0.9813929907 0.5662871845 0.9795344405 0.7214105050 0.8244136556 0.9883745174 0.3299184826 0.9275793852 0.5602581324 0.8569663603 0.7989737774 0.2608321995 0.7655297020 0.8796028105 0.8390460917 0.5568677544 0.6696512166 0.7505367568 0.8764399464
 0.0272046977 0.6030204241 0.0143287695 0.0405570483 0.1372786337 0.2293010528 0.1493288052 0.0241023724 0.0220011124 0.0368353271 0.1475339017 0.1425241008 0.7121486173 0.0836247208 0.0127706860 0.2433754030 0.5000000000 0.6313937217 0.8698711516 0.8934844886 0.9005232278 0.8631058570 0.9115861356 0.9777643105 0.9626220970 0.4882090552 0.9979596718 0.5745213898 0.9479410392 0.8744991300 0.6159786673 0.7653727713 0.8229774449 0.8460994465 0.8609139856 0.8343354179 0.7443525589 0.6362373594 0.7716285716 0.9960102436 0.9465209514 0.6682024107 0.6805543279 0.8283466270 0.7518952414 0.4788605661 0.6383266915 0.8233614334 0.4937194341 0.7789757617 0.6011078481 0.9131051921 0.7713607486 0.8673774061 0.7819209015 0.9369064032 0.8055576583 0.9930217558 0.5280099691 0.8878750330 0.9094010800 0.6598231429 0.3541130984 0.6238117103 0.8684910542 0.8810049391 0.8389120212 0.6307001961 0.8595987536 0.6121514499 0.4937044356 0.8483916724 0.6229196452 0.8235948107 0.5191782001 0.9017751065 0.8671964764 0.9667695649 0.9340774094 0.9018672621 0.6499743634 0.9557597146 0.9753472500 0.8278240931 0.8408149103 0.7041712417 0.8079810692 0.7597855174 0.4932386178 0.6557760031 0.8941630785 0.8593152081 0.6765947710 0.6805475789 0.9461957453 0.8023755853 0.9423427678 0.9364388024 0.8379112671 0.8136813171
 0.1015269766 0.2038087119 0.3632926420 0.5094112531 0.6013021587 0.2709626475 0.0706725629 0.0643663170 0.4583959413 0.0718642015 0.3296688686 0.2252653730 0.0453512023 0.4786558050 0.2074889352 0.0946968329 0.3686062783 0.5000000000 0.6143395101 0.3404885781 0.9560837034 0.8810701725 0.6366770646 0.3065356738 0.4667312087 0.7425659886 0.7893301730 0.4872186091 0.7452275778 0.9927492043 0.4404401092 0.8484217735 0.7355321100 0.4121445243 0.6855958031 0.5126111788 0.4160293084 0.4152731320 0.8928395822 0.9302306790 0.9457539169 0.9106985794 0.8140108563 0.7596335966 0.6473855665 0.5144168873 0.6483418413 0.9862239012 0.5434993137 0.4607800096 0.9691896938 0.9625887991 0.2920682352 0.9497909468 0.8947476480 0.8231420596 0.9037617254 0.2038770954 0.9036621871 0.8059840442 0.8980023889 0.9252935599 0.6368812114 0.6605694437 0.7929068818 0.4567396977 0.4859464217 0.9582587721 0.7411004016 0.6848855882 0.3725255121 0.9933332719 0.9358533387 0.9065801512 0.8062108687 0.6226633501 0.9971421680 0.5931655102 0.5491516444 0.4077850217 0.3617383742 0.5416408036 0.8367715877 0.5709834671 0.7964111737 0.8018977616 0.5780928735 0.5134163874 0.9855363250 0.6692655567 0.9004949397 0.8453855851 0.8625778313 0.7648427884 0.8968630712 0.9955953332 0.9184710610 0.7995939938 0.7457095962 0.6430895203
 0.2299314162 0.0343668875 0.4516391939 0.1919565597 0.1110040959 0.2831638292 0.0448003692 0.0120271976 0.0422488435 0.2522657726 0.0284351610 0.3464738836 0.4864779581 0.3456230804 0.2413612771 0.0306165562 0.1301288484 0.3856604899 0.5000000000 0.6595249568 0.2925759151 0.7497762533 0.4374131189 0.8144559959 0.9633436934 0.5897191484 0.7952370314 0.2222319156 0.8808687409 0.9456648944 0.7304922000 0.9451083064 0.9576490915 0.7202023900 0.4726088606 0.9913100459 0.4712551946 0.9022763844 0.5424388615 0.8378291421 0.9044340366 0.9639232324 0.9400403718 0.6597284584 0.9567000677 0.8000117326 0.8775166741 0.8942577513 0.9202956841 0.6652268159 0.5819185449 0.4085903248 0.4702663416 0.8782962825 0.8123156768 0.9443454576 0.4534620551 0.9168245831 0.8984470892 0.4955552114 0.6508834223 0.8958942464 0.9179775813 0.7907342157 0.9333276054 0.9610339318 0.6471456418 0.6936925674 0.9154800307 0.4328081902 0.9565435892 0.7858184967 0.6323243921 0.9564851958 0.2901295657 0.3620555334 0.8962608220 0.9186354917 0.6725049507 0.7288164336 0.9665936515 0.9365666230 0.7754940147 0.9630656920 0.7203267134 0.9157988770 0.5594256539 0.9539689343 0.8573636842 0.8340609489 0.9883774311 0.9270477822 0.8894171910 0.8836632559 0.9262714973 0.9320028761 0.8844657529 0.8057861602 0.7424307322 0.7027121016
 0.2383932106 0.0542363714 0.0028153868 0.5151285691 0.2318647215 0.4625614791 0.3547105927 0.1627773148 0.4367521538 0.1039968928 0.0638133943 0.3813194795 0.2826749885 0.2127932126 0.2533126567 0.2898175718 0.1065155114 0.6595114219 0.3404750432 0.5000000000 0.7540210244 0.6935338065 0.7217785675 0.3516994105 0.8116500654 0.9592919287 0.6323030972 0.6940189762 0.1168838887 0.3210578274 0.3702733039 0.9084707197 0.9054285215 0.4080545038 0.7565624303 0.6573820433 0.7572382984 0.7191424327 0.5875354008 0.8825993842 0.8727595714 0.9606596516 0.6724890864 0.9438918849 0.4443051042 0.9455513557 0.6942564596 0.9401405258 0.5821269633 0.7182908523 0.9770435950 0.7164782839 0.7796049125 0.9576997697 0.6120963167 0.9430144259 0.5823830926 0.8829433310 0.7944942154 0.4356202204 0.3714367503 0.9201776227 0.8131320683 0.4856834515 0.8541023722 0.9405233011 0.8024661440 0.5486473672 0.6541108592 0.9522771241 0.4451012006 0.7654331082 0.9310386806 0.8962179443 0.3286454783 0.4951956114 0.4229087714 0.7721314623 0.6259587926 0.9914856195 0.7716247481 0.3127140434 0.6392497342 0.3611264121 0.9313835711 0.7676553923 0.7542177185 0.7659726423 0.5781438365 0.8570360478 0.7669225609 0.9109657887 0.5400125210 0.8800932399 0.7952382351 0.5681261000 0.8566376091 0.7371357058 0.5332050480 0.9107614774
 0.0773202690 0.1328545792 0.5801347899 0.2778082518 0.0658397497 0.4077468807 0.5733854395 0.3985215397 0.0500819461 0.2584309748 0.1772257184 0.0573650271 0.0873833850 0.3490573970 0.2597118739 0.2414855712 0.0994767722 0.0439162966 0.7074240849 0.2459789756 0.5000000000 0.6096800301 0.5656505144 0.9820613478 0.8158054784 0.5917768294 0.9052079743 0.8122669318 0.3196324647 0.9140257413 0.9468847603 0.6308229074 0.7211733342 0.9866097079 0.9590256052 0.8159438592 0.9555496734 0.5667173140 0.6687518346 0.9722255937 0.9710161566 0.9827562756 0.7481284475 0.2292000613 0.8123825523 0.6035396290 0.7060291127 0.8312703274 0.6069577299 0.9241097143 0.8667284546 0.8529128222 0.9527409444 0.2956701909 0.6192382072 0.6490144531 0.3768554978 0.5874346773 0.5335985513 0.7392839783 0.7821021910 0.9361929441 0.4975665733 0.7925367852 0.5882608586 0.5794745480 0.8467560890 0.9423953542 0.7021360884 0.6899916990 0.6384679656 0.7464367444 0.5121562583 0.2394173231 0.8062331902 0.9656010447 0.9557756734 0.8999045192 0.6718647761 0.7521778125 0.8531998761 0.4712950654 0.7820035718 0.9906671663 0.9303684048 0.6794415019 0.7765343036 0.3194855699 0.2703706726 0.7164421532 0.8934543577 0.8292839223 0.9695088682 0.7148923694 0.8467232445 0.9427340324 0.8370586328 0.8040602408 0.6523875601 0.9601423005
 0.2219972647 0.4133355507 0.1432917071 0.2284896635 0.0084820877 0.0137882936 0.1882428092 0.1225910895 0.5078171571 0.5956214582 0.3363045043 0.3176426904 0.0248975352 0.5513468491 0.3593126987 0.2614696357 0.1368941430 0.1189298275 0.2502237467 0.3064661935 0.3903199699 0.5000000000 0.9519268709 0.9957960098 0.5061638641 0.2160419651 0.8742982462 0.7921371379 0.8509296646 0.8104556607 0.9558124713 0.6653031760 0.8459420598 0.7814635539 0.4865130322 0.9108530101 0.9117597618 0.7501133231 0.8269384256 0.6071640428 0.5734866044 0.9985534654 0.8873160621 0.5559390496 0.8782911808 0.7492500073 0.7143026949 0.4614027797 0.9942372020 0.8555755585 0.9941483874 0.9452416644 0.8368993514 0.9368714641 0.5411434690 0.9433708391 0.5438587794 0.7752031669 0.9874871946 0.3797760741 0.9743672648 0.9672920987 0.8582568920 0.7349216098 0.8952861038 0.6292164615 0.8873509741 0.9688949822 0.6825497979 0.8877794910 0.5368440332 0.8833073151 0.7757244127 0.3163579444 0.7969699218 0.8736548921 0.9888501323 0.7780608305 0.2275686181 0.9856755883 0.9665156289 0.7868746438 0.5450700376 0.9457604895 0.9422893760 0.9696834189 0.9112896341 0.2385587465 0.8009283261 0.9342375108 0.8723865799 0.9853401059 0.9995514926 0.6699770556 0.7891470669 0.9892239298 0.5265938762 0.6707136548 0.9733216498 0.8810090547
 0.0530433112 0.3112181778 0.4490744447 0.1106658148 0.4284672807 0.0468065074 0.5264907007 0.0449594899 0.3402268502 0.0254129684 0.3328134614 0.6125108113 0.0664422740 0.4722223368 0.2566798546 0.2004551270 0.0884138644 0.3633229354 0.5625868811 0.2782214325 0.4343494856 0.0480731291 0.5000000000 0.6209312717 0.8887103331 0.4022385347 0.7204204054 0.9636814788 0.4931919805 0.9751271678 0.9327906101 0.9860720216 0.8204747963 0.9648462288 0.7695647699 0.8288707101 0.3700339420 0.9829752455 0.4114049859 0.5929233088 0.1642077638 0.7049357992 0.9841569652 0.7141020211 0.5391340290 0.9945482630 0.9242130764 0.8037223209 0.7879670133 0.7048366666 0.2780802298 0.8885640915 0.5589567144 0.7488890293 0.1621232558 0.7796849486 0.7822386238 0.5346789321 0.1283229102 0.7633008189 0.6864907502 0.7175008034 0.5855532492 0.9431066633 0.8535801536 0.9476136662 0.8167335549 0.9301580302 0.9386234400 0.8218912626 0.8700105772 0.6537385346 0.9318955908 0.2023675214 0.9037075590 0.9047576568 0.6982580743 0.8047578552 0.9510079229 0.8236377580 0.2686710580 0.5350295201 0.4299932646 0.8516560867 0.6900645721 0.7021618388 0.9331360463 0.4115390395 0.2973481668 0.8161718212 0.8620584325 0.9798194343 0.9052783499 0.8647177124 0.7068419350 0.9365589121 0.8486253213 0.7904407726 0.4532526194 0.5788012018
 0.2193429352 0.0983284059 0.2307425850 0.1269725809 0.2526114593 0.0091782783 0.7004076932 0.5273560897 0.1792415564 0.4075001091 0.0436118756 0.1431004954 0.5680870501 0.0381880210 0.0687061563 0.1508585513 0.0222356895 0.6934643262 0.1855440041 0.6483005895 0.0179386522 0.0042039902 0.3790687283 0.5000000000 0.7286736051 0.9107051635 0.5023795779 0.4832809570 0.6079135945 0.7786797178 0.8365653838 0.9512337656 0.9753706574 0.8231830640 0.6181799916 0.8001168231 0.5529340345 0.9008018459 0.8566644604 0.9601663838 0.9215573046 0.9483488798 0.7947073724 0.8529723697 0.6580937846 0.3951844289 0.7947595938 0.5256430719 0.9762523827 0.2994970739 0.9314100562 0.4910630772 0.9940632335 0.8193156377 0.8850672671 0.9958461902 0.8193043077 0.9628448458 0.9248690082 0.8639925663 0.8706479108 0.8210777924 0.7227788763 0.8276904740 0.9705536949 0.9135068843 0.9617807945 0.8992873615 0.9047966014 0.4116819522 0.9727095987 0.9274212105 0.7648553515 0.7080766081 0.9371864720 0.8904953108 0.7735828653 0.5602902847 0.8005149322 0.6450226492 0.5361396820 0.8967020703 0.3520248259 0.8608902604 0.9609635595 0.3564613924 0.9866359757 0.5156123605 0.9128120634 0.8467525163 0.8322500607 0.4439592408 0.6259260682 0.5394851345 0.9767873218 0.7438560429 0.8157859688 0.7194801139 0.8528000533 0.9760039965
 0.1593846819 0.7377153618 0.0918641518 0.1581181983 0.2727948235 0.3077232854 0.2263338106 0.2454235888 0.1759835490 0.1242220018 0.0153236655 0.0783552545 0.6081354110 0.0603835394 0.2829670152 0.2774537308 0.0373779030 0.5332687913 0.0366563066 0.1883499346 0.1841945216 0.4938361359 0.1112896669 0.2713263949 0.5000000000 0.6459901928 0.9798904892 0.8625690206 0.5903639774 0.9406347710 0.8610325818 0.1810870819 0.7898780219 0.6349620720 0.4102393041 0.8316553297 0.7931731527 0.8889459585 0.9654410664 0.6870023368 0.9180661952 0.5307106302 0.8208008553 0.6511962667 0.8845836741 0.9404469344 0.8976490395 0.4815770235 0.6169936790 0.9726052320 0.2263539457 0.7518803258 0.7571882610 0.9509932414 0.8836271268 0.8398436701 0.8910245576 0.7890532625 0.9434735913 0.6271106268 0.6159591347 0.8886992723 0.9932214180 0.9370495461 0.5813307096 0.8370855160 0.8093527101 0.6256968028 0.8858518717 0.6866817190 0.9232240237 0.4182803538 0.9432376568 0.3621640777 0.4295076655 0.5782487826 0.6960444327 0.5609072186 0.9045549714 0.6479556704 0.9555503287 0.9024450759 0.9284162465 0.8298460498 0.8721223467 0.9293184026 0.7533003274 0.7278529984 0.8100258077 0.1300969191 0.8651143465 0.7572947524 0.3008590425 0.6576861611 0.9001089002 0.2905861430 0.9953993654 0.8912549633 0.6775555491 0.8811108977
 0.3816309547 0.0196833266 0.3185726768 0.0554119381 0.4260303703 0.0261407917 0.3005723647 0.0705369523 0.0797765381 0.1622284424 0.2572958932 0.2582005035 0.4003125574 0.3119221527 0.0211821686 0.3194379415 0.5117909448 0.2574340114 0.4102808516 0.0407080713 0.4082231706 0.7839580349 0.5977614653 0.0892948365 0.3540098072 0.5000000000 0.6742361510 0.6636462574 0.9921776699 0.9564694691 0.8945161961 0.9504638368 0.8478368167 0.6685248362 0.3305587419 0.8721148649 0.6404346872 0.5973711913 0.4443149866 0.8464772182 0.4851587347 0.4048352203 0.7573437227 0.8060771736 0.4847562929 0.6207430356 0.8856592466 0.8901323623 0.3650456155 0.1933052981 0.9439167516 0.8681231033 0.7978019019 0.8605781942 0.8801725447 0.9389579147 0.4528947581 0.5828164449 0.8921496201 0.9838880018 0.8720374594 0.9672523905 0.7008320810 0.7617295371 0.3311971640 0.9899023682 0.7201847282 0.8193119402 0.1401614471 0.8826732360 0.9642776630 0.9660465597 0.8415354068 0.9888641075 0.9731757244 0.6778502499 0.1790554150 0.9918699025 0.8430418986 0.7947721305 0.5838023682 0.6023807068 0.7040356124 0.4504809348 0.9184462556 0.6889749055 0.4387301267 0.9986410881 0.8964589184 0.5519799036 0.9200189948 0.2565712037 0.8445071864 0.8048767549 0.5724955789 0.7446039250 0.7193211915 0.6071666632 0.8366408006 0.7727972925
 0.7233965974 0.3273059810 0.3592537152 0.2159640674 0.2125600936 0.2555088182 0.1308817902 0.4254538317 0.3857844891 0.0451773762 0.5958906452 0.0368613137 0.5513150708 0.0137339675 0.1717879732 0.3780593786 0.0020403282 0.2106698270 0.2047629686 0.3676969028 0.0947920257 0.1257017538 0.2795795946 0.4976204221 0.0201095108 0.3257638490 0.5000000000 0.5248326119 0.9136650892 0.9055629922 0.7312316279 0.8021966578 0.9752039285 0.9308423381 0.9933030694 0.6830513217 0.5461076856 0.8998459538 0.7234241951 0.9628545241 0.5672873996 0.6394523551 0.7355963390 0.9626870928 0.9622163384 0.9584624855 0.9345058648 0.9190538652 0.8001530346 0.2526019975 0.8295778718 0.9550072826 0.9101204569 0.9385743157 0.4720777687 0.7314920644 0.8241183043 0.4271476595 0.9951160091 0.8026504575 0.9418705867 0.9961444007 0.9963666660 0.9283456586 0.5787539557 0.9752279576 0.5342454460 0.9101851594 0.5253340911 0.8341786049 0.9587365944 0.8196150331 0.9662408238 0.8805165725 0.8982087140 0.2841952237 0.9198778089 0.2520103080 0.9458325298 0.6126988575 0.4097309855 0.8190573665 0.7726884436 0.7101782584 0.6070480373 0.6405414370 0.6270338908 0.4595121484 0.7362272944 0.5785296601 0.9005354885 0.5032888246 0.7666368171 0.5900598127 0.9475226444 0.7993244682 0.8240390250 0.8948200020 0.4115863901 0.2905071952
 0.2569742901 0.1875585952 0.1652605183 0.1041684185 0.4212279720 0.2469326955 0.1070753527 0.3537318887 0.1770192432 0.4392278180 0.3871016509 0.4041173669 0.0258157500 0.6937079697 0.3604053455 0.2146483730 0.4254786102 0.5127813909 0.7777680844 0.3059810238 0.1877330682 0.2078628621 0.0363185212 0.5167190430 0.1374309794 0.3363537426 0.4751673881 0.5000000000 0.9687406087 0.6181430159 0.7822090039 0.5678141380 0.7931680375 0.9867078192 0.9056244694 0.9734647710 0.5566362424 0.9221001719 0.7092090527 0.8040022778 0.7160979048 0.7503224026 0.8548735429 0.7947479178 0.9405752619 0.7409545882 0.4452295005 0.7804166342 0.5614591129 0.9142327978 0.5855220717 0.8902174721 0.5899779427 0.6314507211 0.6930330038 0.4596875713 0.5967204956 0.5918611033 0.9904320437 0.9551754794 0.8836469879 0.3915390975 0.5818128120 0.8517024362 0.7104485951 0.6667461359 0.9869340778 0.5550546490 0.7434112349 0.7574058421 0.5896018003 0.8444611733 0.9091182726 0.9277299663 0.9277463111 0.7584886646 0.9420888426 0.6497242873 0.6262680570 0.5563393701 0.3071393480 0.9354989440 0.8756314119 0.9688021045 0.7877145773 0.7650288844 0.7723144373 0.6455613477 0.6141593096 0.4214334360 0.7074123972 0.9735111256 0.8943189672 0.8349575066 0.8347676518 0.9782092518 0.8824134425 0.8952168666 0.5406918759 0.9456230652
 0.1331306600 0.1749439712 0.0567201733 0.0252379014 0.0509677648 0.5683889475 0.2370248804 0.5064653279 0.1515080746 0.1512960272 0.1938295386 0.1420658226 0.0161800515 0.0398945322 0.0206298480 0.0415315895 0.0520589608 0.2547724222 0.1191312591 0.8831161113 0.6803675353 0.1490703354 0.5068080195 0.3920864055 0.4096360226 0.0078223301 0.0863349108 0.0312593913 0.5000000000 0.7702423796 0.4874038190 0.8400475116 0.5974514882 0.7750220978 0.9177916049 0.8918909493 0.7517892426 0.7672081630 0.6258236335 0.8042871004 0.9010147935 0.6137895368 0.5959086929 0.9416332052 0.7338302921 0.9080384044 0.7930225451 0.5784134912 0.5386337179 0.9612235203 0.9608316151 0.8145759627 0.8419209155 0.9223932392 0.7274841180 0.9005244429 0.9577418409 0.9282427885 0.5879679918 0.5707915437 0.6889391939 0.8419620049 0.8301522742 0.4333914530 0.7022605724 0.9626306204 0.4736245167 0.8479834646 0.7334492185 0.7426165926 0.7686666466 0.5267396238 0.4355677424 0.6534919054 0.9184449172 0.6931044648 0.6836373110 0.8925240692 0.8469253415 0.6431118926 0.7910877871 0.7450440714 0.6079421680 0.5469245561 0.6501937357 0.7664113339 0.2425148227 0.9996538180 0.8832918971 0.8702167455 0.5151831884 0.5634156101 0.9171077655 0.4695654079 0.5674463994 0.9057333403 0.4955143083 0.7292731987 0.9994453291 0.6581404864
 0.2867719666 0.0261027202 0.1298274719 0.2078127459 0.5223885350 0.0839350315 0.2099602560 0.5605757539 0.1878141286 0.0168415636 0.0121330543 0.0708787575 0.1449623489 0.0198732156 0.3210969141 0.1508910928 0.1255008700 0.0072507957 0.0543351056 0.6789421726 0.0859742587 0.1895443393 0.0248728322 0.2213202822 0.0593652290 0.0435305309 0.0944370078 0.3818569841 0.2297576204 0.5000000000 0.4169642196 0.7970456121 0.8679817376 0.7819244105 0.5083140071 0.9953624668 0.8426757547 0.5344864493 0.9908065084 0.9451848772 0.9896214647 0.7038758849 0.5237300683 0.5978549038 0.8653543941 0.3452978517 0.7104339024 0.2485685866 0.9917996152 0.7502250961 0.9665776880 0.7738946663 0.5629827539 0.8156381819 0.9019400593 0.7711480432 0.9552148917 0.7004250951 0.8800464768 0.3004634728 0.2034352820 0.9056349519 0.8440030333 0.6410616774 0.3117213332 0.7165847439 0.8019899346 0.4470546184 0.8177602771 0.9060584008 0.6272653113 0.5326026415 0.5571192726 0.7060934839 0.8300983190 0.9416146297 0.9139005411 0.7479097182 0.6724515419 0.9707672229 0.8028394842 0.7396650147 0.6228754126 0.8292113914 0.6693100652 0.8286393346 0.5816460890 0.7961114542 0.8638983128 0.6430033134 0.5740689792 0.2786909333 0.5842989328 0.9645759349 0.7317054036 0.6367338121 0.2205079722 0.9955447549 0.6901342461 0.6312251488
 0.0978755639 0.1357780046 0.3644933088 0.2932715615 0.1813678816 0.3025533370 0.4121017516 0.0458544924 0.0972953028 0.5323228604 0.3591171890 0.0256769411 0.2892763165 0.0178028961 0.1368988358 0.2210745748 0.3840213327 0.5595598908 0.2695078000 0.6297266961 0.0531152397 0.0441875287 0.0672093899 0.1634346162 0.1389674182 0.1054838039 0.2687683721 0.2177909961 0.5125961810 0.5830357804 0.5000000000 0.8246673477 0.5714704642 0.8208188173 0.9073608530 0.4806714082 0.9672065771 0.6254639731 0.9111105204 0.9809060745 0.4513152380 0.6780438930 0.9972512157 0.7940859396 0.7467820670 0.8630989398 0.9125203224 0.8050408966 0.9626860279 0.7803713251 0.6565394835 0.8852911623 0.8915166329 0.8218753439 0.5392478679 0.8053277470 0.7871096405 0.9148715616 0.9100125832 0.9037212905 0.9296942712 0.5426099022 0.7283183353 0.2606324947 0.7572389321 0.9392706752 0.7839689313 0.8915323177 0.7489182727 0.6901716398 0.5521982552 0.2680117997 0.8058405246 0.3889832447 0.9529465068 0.3996057229 0.9984877239 0.7714430100 0.5483502176 0.9711179213 0.9293338558 0.5187790402 0.8346504031 0.8347380353 0.7018011330 0.9934857612 0.9897307543 0.9206369448 0.2375392366 0.6826991894 0.7610444186 0.9284731068 0.8932161206 0.9475781707 0.8630635840 0.9610389438 0.9939235295 0.9999659725 0.8026974005 0.5437266640
 0.1731174859 0.0780301048 0.3973019382 0.1909710594 0.1851309359 0.2129355629 0.1922561491 0.1703036873 0.0164290500 0.0989520241 0.6095597636 0.1391249135 0.1743814752 0.1604857330 0.9225323613 0.2889874038 0.2346272287 0.1515782265 0.0548916936 0.0915292803 0.3691770926 0.3346968240 0.0139279784 0.0487662344 0.8189129181 0.0495361632 0.1978033422 0.4321858620 0.1599524884 0.2029543879 0.1753326523 0.5000000000 0.8485556360 0.9973389054 0.8117673400 0.0821802290 0.5050996802 0.5997095115 0.8938628706 0.9387588249 0.5996251028 0.9328576781 0.8280020874 0.6955542394 0.9816047939 0.6494680795 0.9334361513 0.7092555704 0.9865250652 0.9382140788 0.6999079077 0.8647828224 0.8634704380 0.1844710013 0.5999977998 0.8369154753 0.8675243142 0.5132788382 0.2885931797 0.4991960599 0.9788771814 0.7706596735 0.7938813271 0.5348671758 0.6703676900 0.7635168666 0.5827345662 0.7915257096 0.5506750075 0.7900860110 0.7336058266 0.6172449093 0.6028774208 0.8807484328 0.9600111617 0.7596701974 0.5752163743 0.9921578536 0.8288865197 0.8862206996 0.6718508340 0.4218925130 0.9998863406 0.8784166323 0.7930294675 0.8836784162 0.6878979689 0.4715556144 0.8419870490 0.7403277255 0.2703371665 0.8704887491 0.5951493027 0.2870570749 0.9584045089 0.4203927405 0.6274870850 0.8165476359 0.8186024340 0.9390570127
 0.3466381515 0.4416728755 0.1228073861 0.4328733783 0.1590527427 0.0324724464 0.2925743609 0.7248045431 0.0788321474 0.2739912663 0.0218214726 0.1738599598 0.2249971528 0.4913639986 0.1524753951 0.3078255831 0.1770225551 0.2644678900 0.0423509085 0.0945714785 0.2788266658 0.1540579402 0.1795252037 0.0246293426 0.2101219781 0.1521631833 0.0247960715 0.2068319625 0.4025485118 0.1320182624 0.4285295358 0.1514443640 0.5000000000 0.2875767206 0.5751519243 0.9196822822 0.1935820882 0.6388082313 0.6255401586 0.8325470941 0.6741102818 0.9612789137 0.9498679904 0.5320185160 0.8923250575 0.6975753221 0.8389368667 0.7869223585 0.9019647824 0.9574642508 0.5499472043 0.8927832517 0.7096432547 0.6896598268 0.6385424835 0.7335105788 0.9557946192 0.9949492656 0.7569636550 0.9061016074 0.2275339556 0.7220052996 0.8308930502 0.9819145011 0.9600512585 0.9805677977 0.8839584165 0.8944287491 0.4351891930 0.4672939511 0.5656985351 0.5541860969 0.5911784047 0.6254491387 0.6176911825 0.9170057565 0.6158580517 0.7098341835 0.8471992426 0.8334060430 0.8862045101 0.8047575904 0.7520903144 0.6687742307 0.3452849601 0.9332225652 0.7323535175 0.5621305128 0.5851406457 0.5987593894 0.8673560335 0.7720996937 0.2555529890 0.3756343764 0.7954895609 0.4719172938 0.9227885006 0.5063836641 0.9564162887 0.5188661318
 0.2978025637 0.0448118987 0.5049552304 0.0981939540 0.1643857036 0.1284151201 0.0872486152 0.4391184612 0.0368734128 0.6350215688 0.0519875604 0.0360247914 0.3029233378 0.3096563432 0.1404421174 0.0480766494 0.1539005535 0.5878554757 0.2797976100 0.5919454962 0.0133902921 0.2185364461 0.0351537712 0.1768169360 0.3650379280 0.3314751638 0.0691576619 0.0132921808 0.2249779022 0.2180755895 0.1791811827 0.0026610946 0.7124232794 0.5000000000 0.9150376078 0.4469168174 0.7233438696 0.8050042403 0.8857642371 0.8722428447 0.5831957272 0.9559157405 0.2796864981 0.7064290819 0.6344407300 0.9169553852 0.9321586796 0.9748038827 0.9068655981 0.9407218639 0.8579297158 0.6789834549 0.7735667575 0.6082492595 0.9659486629 0.9215920952 0.8737329049 0.6727780448 0.6287293544 0.9805622983 0.4516056980 0.9725729860 0.9626539596 0.5228990919 0.9265694301 0.7503946133 0.4796774905 0.7417945022 0.9923456808 0.3757712828 0.7475580680 0.3571383406 0.8749120063 0.2018208516 0.8320587332 0.8241285476 0.8422968947 0.9322123970 0.8713112806 0.8371786471 0.9584636909 0.6524497610 0.6186973358 0.7378021612 0.8994491501 0.4908353722 0.8468482276 0.4491861938 0.7163765542 0.8663760741 0.8790741140 0.7238473689 0.9575172408 0.7960854991 0.6038374067 0.7323906659 0.6753318619 0.9975476610 0.3795783715 0.9189978940
 0.2383089382 0.1583584022 0.1555030102 0.0388602810 0.0337628257 0.0376098444 0.6367959745 0.3491937490 0.1882899056 0.1971803751 0.1848611990 0.0858284404 0.0945777105 0.0743925438 0.1114067471 0.0042039137 0.1390860144 0.3144041969 0.5273911394 0.2434375697 0.0409743948 0.5134869678 0.2304352301 0.3818200084 0.5897606959 0.6694412581 0.0066969306 0.0943755306 0.0822083951 0.4916859929 0.0926391470 0.1882326600 0.4248480757 0.0849623922 0.5000000000 0.2881107826 0.9562541040 0.9525346168 0.8140753821 0.2967222879 0.2710130389 0.7797645835 0.9554020687 0.9550480362 0.6887908033 0.4516169455 0.8565555975 0.7451823289 0.5287286468 0.6517022338 0.7496927784 0.7442830241 0.5316243091 0.7813485643 0.8075413524 0.6901278215 0.7898179129 0.5959655914 0.8132287415 0.9425860946 0.3675525113 0.9842090959 0.5927435033 0.9896083811 0.7651910605 0.8804869653 0.3900518753 0.9922835089 0.6572803290 0.5330192835 0.5407316910 0.9066311777 0.6654247931 0.5965070573 0.9210205267 0.7590910511 0.6174142967 0.6551650035 0.9814104705 0.7165094123 0.6579441780 0.5305609641 0.7772931241 0.7181288426 0.4055959221 0.8148845178 0.8386445521 0.8981936518 0.3865225616 0.5226864137 0.9678932466 0.4821967950 0.2802946286 0.8149609308 0.2209453311 0.6314683326 0.7808191215 0.8783145201 0.5542014493 0.8093918858
 0.5806124150 0.1090161454 0.3708442584 0.5096021176 0.2236261967 0.0075515251 0.1370064348 0.1973642032 0.1828362401 0.2933887918 0.1110064867 0.0265711512 0.0902514785 0.0482626322 0.1075796428 0.1618607954 0.1656645821 0.4873888212 0.0086899541 0.3426179567 0.1840561408 0.0891469899 0.1711292899 0.1998831769 0.1683446703 0.1278851351 0.3169486783 0.0265352290 0.1081090507 0.0046375332 0.5193285918 0.9178197710 0.0803177178 0.5530831826 0.7118892174 0.5000000000 0.3612369446 0.9764338224 0.7443240365 0.4965932491 0.7704821789 0.5341975824 0.9709919847 0.8954428095 0.7532472308 0.9466634475 0.8939590123 0.5960751196 0.7134955602 0.6009308362 0.9026871392 0.8839697238 0.6587271785 0.7870491498 0.7522421920 0.4138597001 0.6612720189 0.9812100006 0.6217548396 0.5519607913 0.7443647251 0.8224855567 0.8405929465 0.6917424794 0.6638311148 0.7960764000 0.6491044353 0.6860241217 0.5060170371 0.8160842359 0.9965417121 0.9068475655 0.9245670816 0.6790503588 0.9413184921 0.8464555370 0.2673428966 0.8666130039 0.6932311695 0.3437042073 0.9954193083 0.5637753896 0.5375898136 0.3146985318 0.8684782156 0.7209147988 0.5281420983 0.6635213793 0.7597560355 0.9388230455 0.6838202888 0.6994858166 0.5858022640 0.9239050680 0.7345148506 0.8084478841 0.4772406784 0.8650411547 0.9781250500 0.7317248815
 0.0366978933 0.2121736153 0.4107008729 0.0679277980 0.0091297843 0.2525950796 0.3960930627 0.0098357461 0.1001403921 0.4434240538 0.1782795590 0.0387678792 0.3804058325 0.0469894011 0.0613648860 0.2307853641 0.2556474411 0.5839706916 0.5287448054 0.2427617016 0.0444503266 0.0882402382 0.6299660580 0.4470659655 0.2068268473 0.3595653128 0.4538923144 0.4433637576 0.2482107574 0.1573242453 0.0327934229 0.4949003198 0.8064179118 0.2766561304 0.0437458960 0.6387630554 0.5000000000 0.6164366411 0.9855568884 0.7971740816 0.8886025400 0.6296472861 0.7363501273 0.9180292501 0.8233885833 0.7469713340 0.8852333639 0.4180604076 0.9127793487 0.6543268462 0.5371174078 0.5817803848 0.9860494342 0.4627107530 0.6425616147 0.9240804780 0.8011485609 0.9019154209 0.9713809795 0.8229218062 0.7612963535 0.6490887534 0.8728080866 0.8505273405 0.9711700344 0.8799304218 0.6076046604 0.6875487439 0.5033523251 0.5757272242 0.6412565475 0.8940568001 0.8966970009 0.5260077507 0.1942990989 0.9567276157 0.6352304630 0.9941489193 0.8073645642 0.9220996547 0.6519636668 0.7810460647 0.9826465164 0.6180947773 0.7380872884 0.5730650276 0.7859957332 0.6275515130 0.8634309575 0.6321091603 0.9719563964 0.8096680541 0.9335755311 0.6703445684 0.8611430025 0.6589931609 0.7619031816 0.3901443508 0.8306488180 0.9586839854
 0.0863630604 0.2619965283 0.4601036350 0.0462750968 0.3155851255 0.2746833643 0.4209606331 0.2872484995 0.0453245018 0.3531413862 0.0352576884 0.0301917439 0.1138797036 0.2733279920 0.3191675240 0.0566282434 0.3637626406 0.5847268680 0.0977236156 0.2808575673 0.4332826860 0.2498866769 0.0170247545 0.0991981541 0.1110540415 0.4026288087 0.1001540462 0.0778998281 0.2327918370 0.4655135507 0.3745360269 0.4002904885 0.3611917687 0.1949957597 0.0474653832 0.0235661776 0.3835633589 0.5000000000 0.5942901557 0.7006151982 0.6115222802 0.4071686979 0.2990563229 0.8881338081 0.7632269485 0.7905896610 0.7557844965 0.5780398307 0.7541862839 0.9357143742 0.8936091968 0.8111706993 0.7142583366 0.8051776444 0.9628194166 0.4114635187 0.9072900182 0.9559116404 0.7753951463 0.7202827969 0.8289477052 0.6704064479 0.9628594649 0.5118492899 0.7854991014 0.6825433650 0.5852062263 0.8733304226 0.7672602675 0.4646238916 0.9690337850 0.2793286774 0.9617856998 0.4189098022 0.5791137839 0.7482518106 0.9980843401 0.6284458862 0.6511643284 0.9990861319 0.6503327948 0.6259014082 0.8900785402 0.9485229043 0.9212211100 0.6710530241 0.7462690834 0.8885370285 0.8216276225 0.9165567944 0.4770745318 0.6878730533 0.5364053925 0.8434024307 0.6965858889 0.7455076722 0.6770172430 0.2486773658 0.5119434617 0.7404074468
 0.1718465444 0.0223396672 0.1883433493 0.2447198929 0.0138684922 0.2034470169 0.0422494320 0.2322084861 0.1579336854 0.2105916183 0.5067278042 0.1430256679 0.2439671326 0.1076623498 0.0233928851 0.0178724690 0.2283714284 0.1071604178 0.4575611385 0.4124645992 0.3312481654 0.1730615744 0.5885950141 0.1433355396 0.0345589336 0.5556850134 0.2765758049 0.2907909473 0.3741763665 0.0091934916 0.0888894796 0.1061371294 0.3744598414 0.1142357629 0.1859246179 0.2556759635 0.0144431116 0.4057098443 0.5000000000 0.9940208158 0.9710416269 0.7865757182 0.9818108992 0.5957201945 0.7900128468 0.8907968683 0.8436409267 0.9406059404 0.7976115868 0.9830093668 0.8920684489 0.4575195419 0.6948680129 0.6688246105 0.5191523514 0.2849443611 0.6026573870 0.2869935293 0.6540212317 0.4387309476 0.4375168511 0.9012610455 0.9948004747 0.4868199412 0.9654382490 0.8964128811 0.7471017569 0.9826149021 0.8100306629 0.5703743882 0.9325654363 0.6052702868 0.9930450898 0.9656513179 0.6031169140 0.7415617157 0.6691462911 0.9464841248 0.5523635470 0.5457545990 0.7580460393 0.5618315026 0.9487892066 0.9258629812 0.7814661470 0.6714958092 0.5842512142 0.7071417284 0.9239869211 0.7173852668 0.7595220027 0.8227035676 0.6119190870 0.8670535989 0.7049338085 0.9684121171 0.7282264482 0.8385377129 0.6505176422 0.8507292764
 0.6729752481 0.2992727995 0.1035387223 0.3964961166 0.0395356375 0.0680527655 0.4888588858 0.3038025593 0.0733534872 0.0942192073 0.1363375562 0.2623662689 0.2120064322 0.2602744577 0.2917754062 0.1284636455 0.0039897564 0.0697693210 0.1621708579 0.1174006158 0.0277744063 0.3928359572 0.4070766912 0.0398336162 0.3129976632 0.1535227818 0.0371454759 0.1959977222 0.1957128996 0.0548151228 0.0190939255 0.0612411751 0.1674529059 0.1277571553 0.7032777121 0.5034067509 0.2028259184 0.2993848018 0.0059791842 0.5000000000 0.7011074144 0.9493981422 0.8537093648 0.5970334056 0.8498160100 0.5085985553 0.6719615503 0.4205643445 0.8162692933 0.8411766078 0.4247776877 0.9948290804 0.8256502025 0.7991881443 0.9395443093 0.3930261706 0.8484018913 0.9527814827 0.8659479160 0.6630533760 0.5866956935 0.5751429357 0.6350492977 0.6171408736 0.7924094972 0.6539301013 0.3749228889 0.9290755550 0.0974390240 0.8298784529 0.8435616288 0.8764359431 0.5593142512 0.4587522619 0.9848291680 0.8568422714 0.5293559364 0.4406220250 0.4917858619 0.7512542610 0.9051436629 0.8996572796 0.6668018604 0.9747675149 0.9741954533 0.8725201437 0.9297676707 0.6810049636 0.7400550393 0.8249705745 0.9714862267 0.7527819576 0.3286184566 0.7191247416 0.4462723895 0.8874633010 0.6303372377 0.2936808281 0.7314415378 0.7283313502
 0.3006065868 0.0745686218 0.1085991720 0.1872764740 0.3641952427 0.1049923975 0.0288809354 0.3105851946 0.1971168460 0.4194743267 0.4872603741 0.1684340324 0.1235859922 0.2324871640 0.1602765580 0.4534333171 0.0534790486 0.0542460831 0.0955659634 0.1272404286 0.0289838434 0.4265133956 0.8357922362 0.0784426954 0.0819338048 0.5148412653 0.4327126004 0.2839020952 0.0989852065 0.0103785353 0.5486847620 0.4003748972 0.3258897182 0.4168042728 0.7289869611 0.2295178211 0.1113974600 0.3884777198 0.0289583731 0.2988925856 0.5000000000 0.9686787335 0.9638887940 0.6123767298 0.8924856894 0.9666421111 0.7319612532 0.4157876855 0.8069798086 0.8896696552 0.8968639048 0.4366763436 0.9580368005 0.5345393793 0.9182378994 0.7411071987 0.4939967865 0.8509646233 0.7931776107 0.9579485043 0.9302161667 0.9158259431 0.5983734605 0.8736906460 0.9610823095 0.4732393375 0.6463028122 0.8686791981 0.9836224147 0.9697038708 0.6073617185 0.8223734136 0.4754003529 0.9245552967 0.5231806897 0.9020037489 0.8725347654 0.5475666801 0.7302264014 0.9924145358 0.4047060716 0.8720001789 0.9689022102 0.8257481844 0.6207152265 0.8329371066 0.7019543624 0.9897240265 0.8943982133 0.7683000252 0.8963324134 0.8123410031 0.8996823994 0.7559993479 0.6705408823 0.7877335070 0.9334814176 0.6648103642 0.9933910023 0.6560664620
 0.2338406413 0.6088379349 0.5159073645 0.3214270089 0.0404499176 0.0462264104 0.0176670533 0.2485075067 0.0630108705 0.3664215012 0.2427587009 0.0640259356 0.2013711093 0.0624377469 0.0061052916 0.2405779143 0.3317975893 0.0893014206 0.0360767676 0.0393403484 0.0172437244 0.0014465346 0.2950642008 0.0516511202 0.4692893698 0.5951647797 0.3605476449 0.2496775974 0.3862104632 0.2961241151 0.3219561070 0.0671423219 0.0387210863 0.0440842595 0.2202354165 0.4658024176 0.3703527139 0.5928313021 0.2134242818 0.0506018578 0.0313212665 0.5000000000 0.8629451899 0.6855943651 0.8174741514 0.8608155611 0.4205250611 0.9556467693 0.9647097434 0.9669957186 0.6968837481 0.9548641436 0.7995809945 0.2521376583 0.4179504358 0.9205698683 0.3504951684 0.3651345229 0.8697234128 0.6486859894 0.9701698075 0.5292825758 0.4111904203 0.5775020289 0.7452118143 0.6487442941 0.7624131856 0.8072142701 0.2789552034 0.7690708776 0.9349343895 0.8237847980 0.6213346957 0.9136094993 0.8453275807 0.9529441408 0.9590918395 0.9230790416 0.9965038939 0.6511534831 0.9550185542 0.9209283785 0.8462866459 0.9021246658 0.2320265592 0.9498207685 0.4669478937 0.3485225002 0.7047730906 0.7437068691 0.8670065383 0.9024828096 0.8297568519 0.9657212175 0.5746687612 0.8629027857 0.8031395031 0.8480391284 0.9178479148 0.9203913744
 0.2931832044 0.7942806888 0.5710198728 0.3303368731 0.1130689162 0.0617602898 0.1881878368 0.3254981364 0.5420954727 0.3432449327 0.2762151857 0.3973849959 0.1829868328 0.0658424155 0.5812963748 0.1254341773 0.3194456721 0.1859891437 0.0599596282 0.3275109136 0.2518715525 0.1126839379 0.0158430348 0.2052926276 0.1791991447 0.2426562773 0.2644036610 0.1451264571 0.4040913071 0.4762699317 0.0027487843 0.1719979126 0.0501320096 0.7203135019 0.0445979313 0.0290080153 0.2636498727 0.7009436771 0.0181891008 0.1462906352 0.0361112060 0.1370548101 0.5000000000 0.7800603929 0.5697297999 0.7897995944 0.7962142871 0.7035334605 0.5534011636 0.8960361925 0.2828354142 0.2412024578 0.9223743867 0.5636159861 0.4452814983 0.9237518491 0.4584262238 0.7617653219 0.7199668535 0.9670771022 0.9595420528 0.6103077313 0.6425379597 0.5088619165 0.4947123867 0.9470928304 0.8033452008 0.8849912924 0.9737353549 0.8345295979 0.5804524034 0.9150512606 0.8811679019 0.6973184797 0.9686583019 0.3778089386 0.5562456974 0.9827682579 0.9306918368 0.8847878160 0.5655896493 0.8741593682 0.9172815837 0.9493825725 0.9694013196 0.8493834592 0.9733526533 0.5885691566 0.9618690187 0.9829122190 0.7402983782 0.8669658724 0.6495960561 0.4985338587 0.7848994967 0.7154046109 0.9111894539 0.6289991709 0.7489549371 0.6884202783
 0.3614179318 0.2785952912 0.1414924293 0.6261133428 0.0382048848 0.0829242485 0.2440547111 0.2542797195 0.0282616605 0.5222035592 0.3936121658 0.1448310374 0.1928662119 0.5579836673 0.0257773761 0.2981064387 0.1716533730 0.2403664034 0.3402715416 0.0561081151 0.7707999387 0.4440609504 0.2858979789 0.1470276303 0.3488037333 0.1939228264 0.0373129072 0.2052520822 0.0583667948 0.4021450962 0.2059140604 0.3044457606 0.4679814840 0.2935709181 0.0449519638 0.1045571905 0.0819707499 0.1118661919 0.4042798055 0.4029665944 0.3876232702 0.3144056349 0.2199396071 0.5000000000 0.9935597430 0.9473715529 0.9440166491 0.8111052579 0.9657281397 0.9065316102 0.9311414245 0.3898284544 0.7749220775 0.9567569786 0.9609271268 0.8685899001 0.5632862975 0.7880848546 0.8427690120 0.7261682182 0.9181729808 0.6200680118 0.8810396395 0.5974704574 0.5028633985 0.9203387813 0.7665580235 0.5865980654 0.6744069482 0.8275957554 0.9429209649 0.6066354921 0.9129465919 0.8272728736 0.4252527426 0.9899544410 0.8839299985 0.8151969806 0.9771846113 0.5500433186 0.5250697951 0.2418586024 0.8217687980 0.5809864989 0.9481717627 0.8856735968 0.8705254320 0.8393288762 0.9618821784 0.6866303114 0.2336721177 0.5426378346 0.7921467672 0.8318477933 0.6972106045 0.5670794446 0.5861148951 0.7351103355 0.9638071015 0.6021184309
 0.6609484646 0.4567513903 0.2175393118 0.3816680459 0.0272952193 0.2836403777 0.0527938751 0.2486007144 0.4520489994 0.5073683460 0.0276973433 0.2288908827 0.5678803641 0.2435790441 0.1845575984 0.4752306493 0.2481047586 0.3526144335 0.0432999323 0.5556948958 0.1876174477 0.1217088192 0.4608659710 0.3419062154 0.1154163259 0.5152437071 0.0377836616 0.0594247381 0.2661697079 0.1346456059 0.2532179330 0.0183952061 0.1076749425 0.3655592700 0.3112091967 0.2467527692 0.1766114167 0.2367730515 0.2099871532 0.1501839900 0.1075143106 0.1825258486 0.4302702001 0.0064402570 0.5000000000 0.6986712236 0.7727860843 0.9690969015 0.9248527213 0.9735937507 0.8689362276 0.5753610601 0.6773533378 0.9260310505 0.6904572684 0.7866353760 0.5957471719 0.3198198595 0.9527072855 0.5908195344 0.9889027415 0.6665981012 0.6953411234 0.7434572384 0.5980074325 0.9962137544 0.3777959799 0.8021312856 0.9073053285 0.4415516766 0.6181279659 0.6150161862 0.9367125977 0.7885647326 0.8040471308 0.6898574733 0.9503121933 0.9665463773 0.7048073675 0.5311735702 0.6505695940 0.8754009587 0.9478815672 0.6440925533 0.8442627961 0.8971937123 0.6638252425 0.8832239646 0.6012779788 0.8789905939 0.9408307957 0.7048173244 0.8934158266 0.8627697815 0.9033483034 0.8772255809 0.7142183516 0.8955139720 0.5357410635 0.8073007942
 0.1290146237 0.0319273353 0.0586126887 0.0723715547 0.1648000464 0.1739946413 0.7192447620 0.6716379576 0.5909092126 0.0812610547 0.1433871709 0.4825216604 0.4740805337 0.0362154689 0.6308743914 0.4089942729 0.5211394339 0.4855831127 0.1999882674 0.0544486443 0.3964603710 0.2507499927 0.0054517370 0.6048155711 0.0595530656 0.3792569644 0.0415375145 0.2590454118 0.0919615956 0.6547021483 0.1369010602 0.3505319205 0.3024246779 0.0830446148 0.5483830545 0.0533365525 0.2530286660 0.2094103390 0.1092031317 0.4914014447 0.0333578889 0.1391844389 0.2102004056 0.0526284471 0.3013287764 0.5000000000 0.8790745637 0.7355419279 0.5180300873 0.6981542333 0.4281589280 0.6183691600 0.8984869587 0.6541132921 0.8524597313 0.9607779498 0.6135321626 0.2890592651 0.7376468651 0.8963013664 0.9253051843 0.7918432958 0.9261650590 0.7109009566 0.9645512144 0.4900504188 0.6396863002 0.8892826391 0.8676307516 0.8858213654 0.9037963594 0.4250797271 0.7955371136 0.9383144940 0.9808484771 0.4231893637 0.7526573846 0.8925462900 0.7798580540 0.5216454728 0.8879838949 0.8786971856 0.5619257205 0.7203268248 0.6517750200 0.9782101593 0.3663848081 0.7468852670 0.5131277638 0.3582781960 0.4686322352 0.6501200939 0.6212502702 0.5014395981 0.6257651207 0.9173799424 0.6443686805 0.8616537491 0.8067250304 0.5499362431
 0.2423457210 0.2911198608 0.0284469968 0.1705937323 0.0544798037 0.3955479989 0.1416995430 0.1535877681 0.5043642096 0.4622973024 0.1044422418 0.1499224041 0.0977546894 0.3742358380 0.1703222152 0.2521592148 0.3616733085 0.3516581587 0.1224833259 0.3057435404 0.2939708873 0.2856973051 0.0757869236 0.2052404062 0.1023509605 0.1143407534 0.0654941352 0.5547704995 0.2069774549 0.2895660976 0.0874796776 0.0665638487 0.1610631333 0.0678413204 0.1434444025 0.1060409877 0.1147666361 0.2442155035 0.1563590733 0.3280384497 0.2680387468 0.5794749389 0.2037857129 0.0559833509 0.2272139157 0.1209254363 0.5000000000 0.9627314213 0.8828577858 0.8465086968 0.7676180360 0.7574735790 0.9994987872 0.6632107692 0.9033498716 0.9477193313 0.6881129623 0.6748493414 0.3238901667 0.2413055576 0.9733769586 0.8501671894 0.6692742897 0.4511417241 0.7004705980 0.9819641245 0.7144999311 0.8775627960 0.7100537378 0.9292345871 0.8013956518 0.6603799140 0.4164755880 0.8959567566 0.7515848764 0.9525615125 0.9405484158 0.7510306997 0.9507598251 0.9785668371 0.3429276227 0.9054877334 0.9500762143 0.8490731814 0.5685553875 0.8460382133 0.9469109511 0.5374740113 0.9569692155 0.8979003048 0.9391114668 0.6120076880 0.8077290886 0.8324204754 0.6522601952 0.9024661446 0.6875063401 0.3419317845 0.9142083484 0.7780285248
 0.0996733995 0.6607716218 0.3875909097 0.2499721972 0.5392676538 0.1868749235 0.1745896249 0.1693197585 0.2583918991 0.2223353874 0.3495918817 0.4108567588 0.1897917028 0.3211841874 0.0805470689 0.1606013733 0.1766385666 0.0137760988 0.1057422487 0.0598594742 0.1687296726 0.5385972203 0.1962776791 0.4743569281 0.5184229765 0.1098676377 0.0809461348 0.2195833658 0.4215865088 0.7514314134 0.1949591034 0.2907444296 0.2130776415 0.0251961173 0.2548176711 0.4039248804 0.5819395924 0.4219601693 0.0593940596 0.5794356555 0.5842123145 0.0443532307 0.2964665395 0.1888947421 0.0309030985 0.2644580721 0.0372685787 0.5000000000 0.9623635734 0.4528458325 0.9191941792 0.9701763670 0.8838830789 0.7995903303 0.3618408039 0.4335769925 0.9996517543 0.8971861928 0.6966697825 0.8264557667 0.9031089501 0.6266840216 0.5612033749 0.8818872607 0.9007655694 0.5462992462 0.6279108135 0.9296113485 0.9636881557 0.9375266285 0.8857835190 0.8838190247 0.2228359339 0.8860813704 0.8994580241 0.9584407747 0.9054232990 0.9091111510 0.3856871682 0.7981551064 0.7561513045 0.8653543319 0.8934818628 0.9418162363 0.7351540351 0.9822481123 0.9636393886 0.9040579056 0.9536357306 0.5397414529 0.6858585885 0.9731159527 0.9622770535 0.6053447387 0.8808761204 0.8722455917 0.5492041107 0.8235577806 0.8286244738 0.8206034668
 0.3381835892 0.0541977373 0.1935794450 0.0910503090 0.4510437257 0.6471129883 0.3961846227 0.1051171028 0.5337535152 0.2792009758 0.0052011726 0.3704358535 0.1464986416 0.5576579588 0.2218583269 0.3738130049 0.5062805659 0.4565006863 0.0797043159 0.4178730367 0.3930422701 0.0057627980 0.2120329867 0.0237476173 0.3830063210 0.6349543845 0.1998469654 0.4385408871 0.4613662821 0.0082003848 0.0373139721 0.0134749348 0.0980352176 0.0931344019 0.4712713532 0.2865044398 0.0872206513 0.2458137161 0.2023884132 0.1837307067 0.1930201914 0.0352902566 0.4465988364 0.0342718603 0.0751472787 0.4819699127 0.1171422142 0.0376364266 0.5000000000 0.9901375554 0.6497047540 0.7859925920 0.9723077963 0.8123994311 0.9375501766 0.9115398668 0.9478907341 0.8999758946 0.7258313064 0.6389469467 0.8367842326 0.2339248003 0.6370223493 0.9722160867 0.8373333710 0.9808525266 0.6457836920 0.8398233198 0.9495572428 0.7895524351 0.8526852385 0.8649801232 0.9979215783 0.8420612942 0.4882672431 0.5674217127 0.9242503207 0.9872129827 0.5743537166 0.5527224530 0.7834284763 0.9762303826 0.9022959064 0.4563694404 0.9407455736 0.9414508905 0.9443768243 0.8523210624 0.7867769120 0.3601907726 0.9148776679 0.8914565956 0.6371198466 0.6334789920 0.9629728518 0.9738449689 0.8913673225 0.9521095884 0.5950541911 0.9183196717
 0.4962494186 0.1369214164 0.0159073856 0.2378006042 0.7839371856 0.3499726173 0.2492632504 0.0016546544 0.4101206026 0.0490214805 0.1607358672 0.0619752019 0.0771950897 0.2651087214 0.0154132434 0.3278424988 0.2210242383 0.5392199904 0.3347731841 0.2817091477 0.0758902857 0.1444244415 0.2951633334 0.7005029261 0.0273947680 0.8066947019 0.7473980025 0.0857672022 0.0387764797 0.2497749039 0.2196286749 0.0617859212 0.0425357492 0.0592781361 0.3482977662 0.3990691638 0.3456731538 0.0642856258 0.0169906332 0.1588233922 0.1103303448 0.0330042814 0.1039638075 0.0934683898 0.0264062493 0.3018457667 0.1534913032 0.5471541675 0.0098624446 0.5000000000 0.8840769306 0.8330185719 0.8785960274 0.9167161942 0.9793518240 0.9274235708 0.7058345055 0.4149695461 0.2611977893 0.9428533293 0.9753718961 0.7574569915 0.6733584661 0.8556147794 0.9647971567 0.9783514849 0.9377348693 0.5452207373 0.7954780646 0.9027053604 0.7182407890 0.4263513046 0.8576265237 0.7026979047 0.3641654677 0.9540573009 0.5684631100 0.9567360838 0.6278996734 0.8005158251 0.9768743808 0.5165110382 0.9792502506 0.8039182297 0.7274052799 0.2537996032 0.4727439839 0.9660477434 0.7068696368 0.8686613919 0.9989752438 0.9710691359 0.7581061177 0.9013909157 0.7947873828 0.8542391693 0.9616456395 0.4604141297 0.8708047206 0.9886673129
 0.0180611707 0.3048212946 0.0989602118 0.1545785796 0.2514453113 0.4323799172 0.0752979450 0.4193975369 0.5703112687 0.0110434808 0.0058806235 0.3335690547 0.1016585444 0.2914176895 0.4631100654 0.2464286672 0.3988921519 0.0308103062 0.4180814551 0.0229564050 0.1332715454 0.0058516126 0.7219197702 0.0685899438 0.7736460543 0.0560832484 0.1704221282 0.4144779283 0.0391683849 0.0334223120 0.3434605165 0.3000920923 0.4500527957 0.1420702842 0.2503072216 0.0973128608 0.4628825922 0.1063908032 0.1079315511 0.5752223123 0.1031360952 0.3031162519 0.7171645858 0.0688585755 0.1310637724 0.5718410720 0.2323819640 0.0808058208 0.3502952460 0.1159230694 0.5000000000 0.3818446774 0.9421223543 0.9849115274 0.8397452688 0.4303471939 0.9081920903 0.9047061082 0.5456943507 0.7000056681 0.7019490038 0.6040255587 0.9728160057 0.1548933824 0.9903237063 0.7353645499 0.9461731408 0.7650707831 0.9306339608 0.6474393769 0.8661673202 0.8079353197 0.8724081240 0.7999150765 0.9009663756 0.9997609507 0.3423319297 0.9251688030 0.8529273484 0.6541308768 0.7756443416 0.9068826080 0.5339182612 0.8555297555 0.8062358908 0.9951131958 0.7819188969 0.7261116509 0.8577366224 0.9196708199 0.6684277138 0.8007325210 0.4469310515 0.7572571194 0.7964112861 0.9356519600 0.7857037154 0.9709083776 0.6286020095 0.7785451763
 0.4634612445 0.7753384015 0.2722756954 0.1632480769 0.0813404001 0.4243183986 0.4436368214 0.2734907781 0.0164458531 0.0451878451 0.0944378737 0.0822383734 0.0627304278 0.8082834630 0.1726424469 0.0205276827 0.0868948079 0.0374112009 0.5914096752 0.2835217161 0.1470871778 0.0547583356 0.1114359085 0.5089369228 0.2481196742 0.1318768967 0.0449927174 0.1097825279 0.1854240373 0.2261053337 0.1147088377 0.1352171776 0.1072167483 0.3210165451 0.2557169759 0.1160302762 0.4182196152 0.1888293007 0.5424804581 0.0051709196 0.5633236564 0.0451358564 0.7587975422 0.6101715456 0.4246389399 0.3816308400 0.2425264210 0.0298236330 0.2140074080 0.1669814281 0.6181553226 0.5000000000 0.5531279054 0.9962634907 0.6641118939 0.9278703415 0.8592765516 0.7581327615 0.8055674321 0.6901045401 0.4500714063 0.5651359169 0.9464486415 0.7955990654 0.7779219283 0.8690520915 0.9958457208 0.9816924651 0.6918628184 0.9324020662 0.8731315296 0.9849503242 0.3235539829 0.9703252535 0.7570911083 0.9930229682 0.9113458729 0.7989176983 0.9351596993 0.7824689285 0.8289537158 0.8456642843 0.8198305719 0.9900740578 0.6527799759 0.7439415661 0.6034876976 0.5882916824 0.8012579798 0.9509267638 0.5898193491 0.2722226453 0.1251460746 0.5131111587 0.7567783404 0.9871419177 0.9986204289 0.8154060594 0.8193906828 0.9179944049
 0.0108731719 0.3950214523 0.2449993640 0.1471375606 0.0114518724 0.2527263993 0.0554155124 0.0006581174 0.1409589533 0.0857701072 0.0917035680 0.0859107136 0.2151594355 0.6451899629 0.3747144245 0.3136846877 0.2286392514 0.7079317648 0.5297336584 0.2203950875 0.0472590556 0.1631006486 0.4410432856 0.0059367665 0.2428117390 0.2021980981 0.0898795431 0.4100220573 0.1580790845 0.4370172461 0.1084833671 0.1365295620 0.2903567453 0.2264332425 0.4683756909 0.3412728215 0.0139505658 0.2857416634 0.3051319871 0.1743497975 0.0419631995 0.2004190055 0.0776256133 0.2250779225 0.3226466622 0.1015130413 0.0005012128 0.1161169211 0.0276922037 0.1214039726 0.0578776457 0.4468720946 0.5000000000 0.5243414218 0.5989252644 0.7065612197 0.4100308982 0.2709499816 0.7009037523 0.7406558456 0.7389982687 0.9519417868 0.7896243352 0.3994150705 0.9045057316 0.8382398154 0.6602562933 0.9037913252 0.9632429587 0.6510153836 0.8422283264 0.2884034058 0.9705289867 0.3902891311 0.8071686599 0.5041012124 0.6496021577 0.4117300420 0.7071563410 0.5525639987 0.9622718151 0.9769951997 0.4915871114 0.9416495689 0.6168517116 0.8862936281 0.7127811459 0.7219215906 0.8394446225 0.6044720552 0.9988976159 0.9520885500 0.9970520880 0.9743362471 0.8710670076 0.9779969200 0.6796815892 0.8601212471 0.3756486331 0.9474299893
 0.3291156181 0.5375512932 0.0817440636 0.0224898482 0.1720599977 0.1454252955 0.5004278239 0.0131990970 0.1192223736 0.2394232305 0.0838649929 0.3472002336 0.3765991869 0.0867756737 0.1040437764 0.1363046708 0.1326225939 0.0502090532 0.1217037175 0.0423002303 0.7043298091 0.0631285359 0.2511109707 0.1806843623 0.0490067586 0.1394218058 0.0614256843 0.3685492789 0.0776067608 0.1843618181 0.1781246561 0.8155289987 0.3103401732 0.3917507405 0.2186514357 0.2129508502 0.5372892470 0.1948223556 0.3311753895 0.2008118557 0.4654606207 0.7478623417 0.4363840139 0.0432430214 0.0739689495 0.3458867079 0.3367892308 0.2004096697 0.1876005689 0.0832838058 0.0150884726 0.0037365093 0.4756585782 0.5000000000 0.7620781159 0.7034472365 0.4805914002 0.8290571307 0.8776399570 0.9132832851 0.8561396398 0.7965281191 0.9957777264 0.7066628918 0.8831788857 0.9063921401 0.9330012250 0.8927710605 0.8163607086 0.6883216616 0.8191357372 0.9499265748 0.7763599151 0.7469798739 0.6500645178 0.9658447716 0.3798698160 0.9091431343 0.9092570791 0.8722911011 0.4711393958 0.2712517718 0.9528736107 0.6622260585 0.9636066666 0.8270916612 0.4468507704 0.7871857354 0.8109354939 0.8240651431 0.6500736722 0.7736673540 0.8742631251 0.3878739186 0.7637955186 0.5555187383 0.1671430753 0.9351003628 0.7987874713 0.9032697364
 0.1543678058 0.0251760539 0.0953014706 0.1814869796 0.0695520536 0.8202112545 0.0577556140 0.3525137560 0.2264018599 0.0932319661 0.0925384126 0.3276467365 0.3761396408 0.1464731601 0.5523471746 0.1849755582 0.2180790985 0.1052523520 0.1876843232 0.3879036833 0.3807617928 0.4588565310 0.8378767442 0.1149327329 0.1163728732 0.1198274553 0.5279222313 0.3069669962 0.2725158820 0.0980599407 0.4607521321 0.4000022002 0.3614575165 0.0340513371 0.1924586476 0.2477578080 0.3574383853 0.0371805834 0.4808476486 0.0604556907 0.0817621006 0.5820495642 0.5547185017 0.0390728732 0.3095427316 0.1475402687 0.0966501284 0.6381591961 0.0624498234 0.0206481760 0.1602547312 0.3358881061 0.4010747356 0.2379218841 0.5000000000 0.5069491238 0.7136161807 0.9174464387 0.4080191918 0.9101064508 0.9005081167 0.9498786247 0.5599455262 0.7445649198 0.7581585896 0.7094465945 0.3973748320 0.8807110688 0.6607504397 0.9957660010 0.7855763775 0.7956299375 0.9757681902 0.6639875137 0.6668233378 0.8530468296 0.8386117814 0.5887098813 0.7510381157 0.9150437836 0.5100765181 0.9086369270 0.8208486658 0.9984334675 0.5611604483 0.5536067642 0.9272281495 0.8651571729 0.7891127238 0.9463155119 0.8478391715 0.4388440725 0.6007117422 0.7149165963 0.8215951412 0.5919981212 0.4231602160 0.7353428709 0.5754602993 0.8867131090
 0.3405506810 0.3539651000 0.0666415478 0.5051567377 0.1012633363 0.0469965730 0.5344913901 0.2665884453 0.1378205172 0.0799924893 0.6000561174 0.1339966996 0.1841465854 0.3383312014 0.1239012086 0.3639668234 0.0630935968 0.1768579404 0.0556545424 0.0569855741 0.3509855469 0.0566291609 0.2203150514 0.0041538098 0.1601563299 0.0610420853 0.2685079356 0.5403124287 0.0994755571 0.2288519568 0.1946722530 0.1630845247 0.2664894212 0.0784079048 0.3098721785 0.5861402999 0.0759195220 0.5885364813 0.7150556389 0.6069738294 0.2588928013 0.0794301317 0.0762481509 0.1314100999 0.2133646240 0.0392220502 0.0522806687 0.5664230075 0.0884601332 0.0725764292 0.5696528061 0.0721296585 0.2934387803 0.2965527635 0.4930508762 0.5000000000 0.4077227084 0.6701194615 0.8349229018 0.4830212241 0.8320949935 0.8325673126 0.9116660739 0.6160235379 0.9678091577 0.9545154750 0.5658344790 0.6087990835 0.5598228456 0.8705886512 0.8986593085 0.5741231909 0.5215961225 0.6254343692 0.4664151401 0.4199046825 0.3342250805 0.8703629349 0.6829155366 0.7982024780 0.6507863025 0.7599203494 0.7595643110 0.9286318322 0.9124791128 0.9164610977 0.9514040299 0.7014400617 0.9460208054 0.7113094633 0.7854519293 0.5980764999 0.9971950711 0.8350614599 0.4087857900 0.3363378841 0.3644481779 0.5395065046 0.4288986097 0.7926560085
 0.1352393361 0.1673370411 0.2242458922 0.2641584885 0.0827157541 0.2829080375 0.0860402909 0.1569277333 0.1919924455 0.6896572663 0.2013526606 0.3533789856 0.2831665260 0.0186374065 0.0187684690 0.1768421219 0.1944423417 0.0962382746 0.5465379449 0.4176169074 0.6231445022 0.4561412206 0.2177613762 0.1806956923 0.1089754424 0.5471052419 0.1758816957 0.4032795044 0.0422581591 0.0447851083 0.2128903595 0.1324756858 0.0442053808 0.1262670951 0.2101820871 0.3387279811 0.1988514391 0.0927099818 0.3973426130 0.1515981087 0.5060032135 0.6495048316 0.5415737762 0.4367137025 0.4042528281 0.3864678374 0.3118870377 0.0003482457 0.0521092659 0.2941654945 0.0918079097 0.1407234484 0.5899691018 0.5194085998 0.2863838193 0.5922772916 0.5000000000 0.9384107247 0.9472041353 0.9545564906 0.9415313785 0.7892450759 0.9431041774 0.8755639829 0.8000192410 0.9679936521 0.6980353548 0.8609462755 0.9939873809 0.8035765343 0.4154971599 0.9644722846 0.8683256615 0.4443248943 0.5912190059 0.2668594843 0.6134732452 0.5927476349 0.6943488295 0.9377994795 0.5005730265 0.9774371228 0.6534143505 0.8853092418 0.8855058972 0.9463078004 0.9376345107 0.8350214237 0.8533057289 0.9772346194 0.6726494531 0.3847739604 0.8364673763 0.5394143645 0.4237710645 0.6114820390 0.8523033551 0.4813948680 0.8523467705 0.9456626694
 0.0481129255 0.1356896903 0.1349878361 0.4349981165 0.1319989604 0.1349728941 0.0706848607 0.4095318524 0.2413882010 0.1474197303 0.1272388795 0.0308915804 0.5561748492 0.6276945561 0.0748469714 0.4320957914 0.0069782442 0.7961229046 0.0831754169 0.1170566690 0.4125653227 0.2247968331 0.4653210679 0.0371551542 0.2109467375 0.4171835551 0.5728523405 0.4081388967 0.0717572115 0.2995749049 0.0851284384 0.4867211618 0.0050507344 0.3272219552 0.4040344086 0.0187899994 0.0980845791 0.0440883596 0.7130064707 0.0472185173 0.1490353767 0.6348654771 0.2382346781 0.2119151454 0.6801801405 0.7109407349 0.3251506586 0.1028138072 0.1000241054 0.5850304539 0.0952938918 0.2418672385 0.7290500184 0.1709428693 0.0825535613 0.3298805385 0.0615892753 0.5000000000 0.8472244537 0.8822538145 0.7479860447 0.6887335048 0.3751899087 0.4339978676 0.8040189782 0.9964494021 0.4061730172 0.8558098012 0.2276827823 0.8908140702 0.4694380236 0.4818029060 0.9294425959 0.5127129557 0.9144075746 0.8348969852 0.8344405884 0.7040843006 0.6539945045 0.9438584481 0.9018378507 0.5380795441 0.8438945176 0.9218604998 0.8387750103 0.8956890249 0.9253359316 0.8243859127 0.8639230575 0.7325049905 0.5109480624 0.8943215723 0.6798880438 0.9935307545 0.9995628550 0.9504038894 0.6712801873 0.7910928933 0.9274874657 0.4991582096
 0.3026505122 0.4485299653 0.5702379518 0.5562454147 0.1235163989 0.2284405461 0.8566547257 0.3146721827 0.3201468772 0.0288189797 0.4138797234 0.0402805214 0.1772832863 0.1737076055 0.6438008491 0.1465937958 0.4719900309 0.0963378129 0.1015529108 0.2055057846 0.4664014487 0.0125128054 0.8716770898 0.0751309918 0.0565264087 0.1078503799 0.0048839909 0.0095679563 0.4120320082 0.1199535232 0.0899874168 0.7114068203 0.2430363450 0.3712706456 0.1867712585 0.3782451604 0.0286190205 0.2246048537 0.3459787683 0.1340520840 0.2068223893 0.1302765872 0.2800331465 0.1572309880 0.0472927145 0.2623531349 0.6761098333 0.3033302175 0.2741686936 0.7388022107 0.4543056493 0.1944325679 0.2990962477 0.1223600430 0.5919808082 0.1650770982 0.0527958647 0.1527755463 0.5000000000 0.8862566061 0.8766961245 0.9700797332 0.9924707061 0.6712802194 0.9558499087 0.7511241100 0.3510143485 0.9258545523 0.7202485760 0.8913967735 0.9685775308 0.9352432403 0.8152070003 0.6140929610 0.5084666829 0.3104727543 0.8515352067 0.8578152387 0.5618307625 0.9817180614 0.6603300238 0.6914509663 0.7925249210 0.5231476852 0.8308717646 0.4309983760 0.5164684562 0.4981229716 0.5501145545 0.5665061703 0.8360217677 0.9013184495 0.9512883593 0.8632264721 0.8510013220 0.2784844336 0.6513997959 0.5374837359 0.7390557967 0.7605501832
 0.2054648949 0.1823033435 0.2349865186 0.2643892619 0.0033940148 0.4913147829 0.1553303729 0.4239804763 0.0124456013 0.0029445398 0.0775591458 0.5639044915 0.5977046581 0.3416168667 0.1673095761 0.1052583459 0.1121249670 0.1940159558 0.5044447886 0.5643797796 0.2607160217 0.6202239259 0.2366991811 0.1360074337 0.3728893732 0.0161119982 0.1973495425 0.0448245206 0.4292084563 0.6995365272 0.0962787095 0.5008039401 0.0938983926 0.0194377017 0.0574139054 0.4480392087 0.1770781938 0.2797172031 0.5612690524 0.3369466240 0.0420514957 0.3513140106 0.0329228978 0.2738317818 0.4091804656 0.1036986336 0.7586944424 0.1735442333 0.3610530533 0.0571466707 0.2999943319 0.3098954599 0.2593441544 0.0867167149 0.0898935492 0.5169787759 0.0454435094 0.1177461855 0.1137433939 0.5000000000 0.6770634797 0.5140317318 0.8073981744 0.4931731741 0.4201092994 0.9125977320 0.9883520465 0.5219845149 0.9917623002 0.9267614839 0.6403818195 0.7542237507 0.5942138127 0.8611635822 0.4896341653 0.6627186199 0.9920673242 0.6194021970 0.9659495862 0.7342267427 0.1713629629 0.6527130574 0.8392344905 0.7209029515 0.6379166214 0.7290859488 0.6571440856 0.8649843728 0.7052641205 0.7480186742 0.7706327537 0.9742129676 0.9454497546 0.5921450590 0.5775269818 0.9286727356 0.7805962518 0.5114199538 0.9202362926 0.9450411494
 0.0174161762 0.0674103325 0.1970479085 0.0625063310 0.2874611611 0.3404098558 0.0231312515 0.3893176635 0.3308906879 0.4797459371 0.1800759689 0.0569646283 0.6245077017 0.0703403063 0.0273186370 0.1033544169 0.0905989200 0.1019976111 0.3491165777 0.6285632497 0.2178978090 0.0256327352 0.3135092498 0.1293520892 0.3840408653 0.1279625406 0.0581294133 0.1163530121 0.3110608061 0.7965647180 0.0703057288 0.0211228186 0.7724660444 0.5483943020 0.6324474887 0.2556352749 0.2387036465 0.1710522948 0.5624831489 0.4133043065 0.0697838333 0.0298301925 0.0404579472 0.0818270192 0.0110972585 0.0746948157 0.0266230414 0.0968910499 0.1632157674 0.0246281039 0.2980509962 0.5499285937 0.2610017313 0.1438603602 0.0994918833 0.1679050065 0.0584686215 0.2520139553 0.1233038755 0.3229365203 0.5000000000 0.9132815792 0.5190730767 0.6995399387 0.5096253351 0.7361270703 0.9768626747 0.4091865356 0.7991943107 0.9609896022 0.7316383555 0.8942252078 0.9375278055 0.7411890585 0.8778086870 0.8213725049 0.2530010284 0.9948909376 0.5343550013 0.1117661731 0.5967971572 0.9008173198 0.6426332880 0.7028150078 0.4265570638 0.5663752075 0.5910113727 0.3754109730 0.7859451556 0.8670713934 0.5019093587 0.8447484081 0.9483563842 0.8115877029 0.4946203213 0.6805215659 0.7647515241 0.7812528868 0.4766459451 0.9331399433
 0.2508751752 0.7943339394 0.4189575125 0.4248473665 0.0306284744 0.6154439573 0.4569633267 0.0080531214 0.0668889365 0.4901867127 0.3866978216 0.2837575574 0.4831477897 0.4490465512 0.1705224312 0.0955551052 0.3401768571 0.0747064401 0.1041057536 0.0798223773 0.0638070559 0.0327079013 0.2824991966 0.1789222076 0.1113007277 0.0327476095 0.0038555993 0.6084609025 0.1580379951 0.0943650481 0.4573900978 0.2293403265 0.2779947004 0.0274270140 0.0157909041 0.1775144433 0.3509112466 0.3295935521 0.0987389545 0.4248570643 0.0841740569 0.4707174242 0.3896922687 0.3799319882 0.3334018988 0.2081567042 0.1498328106 0.3733159784 0.7660751997 0.2425430085 0.3959744413 0.4348640831 0.0480582132 0.2034718809 0.0501213753 0.1674326874 0.2107549241 0.3112664952 0.0299202668 0.4859682682 0.0867184208 0.5000000000 0.6725948610 0.8611964486 0.8592216650 0.5549489858 0.6067807628 0.3466202247 0.9149879302 0.5029610113 0.9657506343 0.7553394261 0.7975803910 0.7719283026 0.6447614991 0.9385827184 0.6549366014 0.7198098113 0.9243466769 0.6809421005 0.9338731237 0.5726905349 0.3113646125 0.8971458282 0.7954194635 0.6408898989 0.7219608937 0.4493269570 0.9317284724 0.3030142609 0.6530169137 0.6664662075 0.8611254257 0.6799313413 0.8566769473 0.2197940981 0.7734113983 0.9138730902 0.9918497804 0.2011502896
 0.3413334848 0.3362384693 0.2548805684 0.2033206402 0.6860494038 0.1170546899 0.1249938898 0.2199712631 0.3878811916 0.1606819932 0.4489228530 0.0210423710 0.6411648265 0.2979206681 0.0916234509 0.5873823671 0.6458869016 0.3631187886 0.0820224187 0.1868679317 0.5024334267 0.1417431080 0.4144467508 0.2772211237 0.0067785820 0.2991679190 0.0036333340 0.4181871880 0.1698477258 0.1559969667 0.2716816647 0.2061186729 0.1691069498 0.0373460404 0.4072564967 0.1594070535 0.1271919134 0.0371405351 0.0051995253 0.3649507023 0.4016265395 0.5888095797 0.3574620403 0.1189603605 0.3046588766 0.0738349410 0.3307257103 0.4387966251 0.3629776507 0.3266415339 0.0271839943 0.0535513585 0.2103756648 0.0042222736 0.4400544738 0.0883339261 0.0568958226 0.6248100913 0.0075292939 0.1926018256 0.4809269233 0.3274051390 0.5000000000 0.6610691738 0.9834731174 0.9450280449 0.4248621671 0.7989425901 0.8253498242 0.9888689770 0.7786595102 0.5058189509 0.9624029025 0.8621168158 0.7149832652 0.8370807124 0.4666783146 0.7043274879 0.3868065902 0.4059883050 0.6030981205 0.7494222237 0.9201760038 0.8377189658 0.9243462407 0.6285141629 0.7727565478 0.7667900505 0.6213939797 0.9818435137 0.4267373151 0.9792813764 0.4971876705 0.9892861048 0.4255446791 0.7433499547 0.5625141814 0.7546244844 0.6820415696 0.7776263016
 0.0933340246 0.0783170058 0.1781575007 0.1070533968 0.0670483097 0.0378327091 0.1167120995 0.0856854601 0.2209691221 0.0275209869 0.2366398338 0.1179561229 0.1567619411 0.0327376879 0.2925514828 0.0846338123 0.3761882897 0.3394305563 0.2092657843 0.5143165485 0.2074632148 0.2650783902 0.0568933367 0.1723095260 0.0629504539 0.2382704629 0.0716543414 0.1482975638 0.5666085470 0.3589383226 0.7393675053 0.4651328242 0.0180854989 0.4771009081 0.0103916189 0.3082575206 0.1494726595 0.4881507101 0.5131800588 0.3828591264 0.1263093540 0.4224979711 0.4911380835 0.4025295426 0.2565427616 0.2890990434 0.5488582759 0.1181127393 0.0277839133 0.1443852206 0.8451066176 0.2044009346 0.6005849295 0.2933371082 0.2554350802 0.3839764621 0.1244360171 0.5660021324 0.3287197806 0.5068268259 0.3004600613 0.1388035514 0.3389308262 0.5000000000 0.7393138946 0.9478377463 0.9061722259 0.4561109452 0.7444135973 0.5247534863 0.9798018999 0.7554344148 0.8359636006 0.6048878107 0.8156092928 0.8032646640 0.7603647676 0.8168603404 0.2151075524 0.9012060165 0.8860618372 0.4248006128 0.4904588123 0.4643982918 0.6404229125 0.9278660592 0.7295204358 0.8522147441 0.8928049507 0.9550450936 0.6275595762 0.8927489405 0.6064582730 0.7156003019 0.7755465127 0.7585188408 0.8340732440 0.7872140898 0.7041967539 0.9693056329
 0.6261607546 0.0229903194 0.1995769292 0.0909382633 0.6589547269 0.2574516444 0.0449897277 0.0562964540 0.1505179340 0.2121360829 0.0514191859 0.6831027957 0.7724576822 0.0926292807 0.0512004589 0.7834779162 0.1315089458 0.2070931182 0.0666723946 0.1458976278 0.4117391414 0.1047138962 0.1464198464 0.0294463051 0.4186692904 0.6688028360 0.4212460443 0.2895514049 0.2977394276 0.6882786668 0.2427610679 0.3296323100 0.0399487415 0.0734305699 0.2348089395 0.3361688852 0.0288299656 0.2145008986 0.0345617510 0.2075905028 0.0389176905 0.2547881857 0.5052876133 0.4971366015 0.4019925675 0.0354487856 0.2995294020 0.0992344306 0.1626666290 0.0352028433 0.0096762937 0.2220780717 0.0954942684 0.1168211143 0.2418414104 0.0321908423 0.1999807590 0.1959810218 0.0441500913 0.5798907006 0.4903746649 0.1407783350 0.0165268826 0.2606861054 0.5000000000 0.8445135444 0.8660210361 0.5231321750 0.5309140720 0.6594049616 0.6612594554 0.9985967725 0.7081247587 0.2976467635 0.4993133634 0.8160590740 0.4831399814 0.5736388699 0.9390563093 0.9543502186 0.3250529916 0.4258310971 0.9102819612 0.8720930098 0.9891320717 0.6000995021 0.8706277250 0.6912438061 0.7867145298 0.7991133246 0.8934958394 0.6740270304 0.6186611120 0.8154311110 0.5395221464 0.9789196622 0.8360372485 0.8529300701 0.7178846092 0.8593179543
 0.2224570156 0.3265704359 0.8258357417 0.7291036570 0.2719265462 0.4734700006 0.2348336170 0.2225785837 0.1982230383 0.0648259019 0.0444007400 0.8676640665 0.0302196501 0.4166961400 0.0387835553 0.0164939809 0.1189950609 0.5432603023 0.0389660682 0.0594766989 0.4205254520 0.3707835385 0.0523863338 0.0864931157 0.1629144840 0.0100976318 0.0247720424 0.3332538641 0.0373693796 0.2834152561 0.0607293248 0.2364831334 0.0194322023 0.2496053867 0.1195130347 0.2039236000 0.1200695782 0.3174566350 0.1035871189 0.3460698987 0.5267606625 0.3512557059 0.0529071696 0.0796612187 0.0037862456 0.5099495812 0.0180358755 0.4537007538 0.0191474734 0.0216485151 0.2646354501 0.1309479085 0.1617601846 0.0936078599 0.2905534055 0.0454845250 0.0320063479 0.0035505979 0.2488758900 0.0874022680 0.2638729297 0.4450510142 0.0549719551 0.0521622537 0.1554864556 0.5000000000 0.8566422510 0.9815173888 0.8451067021 0.4168702254 0.5415763623 0.7678841739 0.3582621445 0.7709601471 0.9517984935 0.7209303877 0.9571112231 0.9669577828 0.5177666992 0.3337442917 0.8588552942 0.4906001577 0.3436785424 0.6824904577 0.7305251446 0.6784834853 0.9061953079 0.6957829715 0.6624193749 0.8338462443 0.8493771395 0.7435167746 0.8744818301 0.9617327057 0.3567168319 0.8752432300 0.8050701757 0.8187982958 0.9592767508 0.7318420568
 0.3488937453 0.8768290142 0.5585303948 0.0886558415 0.0453034642 0.0669578686 0.1099186929 0.5213500339 0.3187884303 0.4150682898 0.4910104509 0.3640296778 0.0388404465 0.0112430074 0.4042856843 0.3399081487 0.1610879788 0.5140535783 0.3528543582 0.1975338560 0.1532439110 0.1126490259 0.1832664451 0.0382192055 0.1906472899 0.2798152718 0.4657545540 0.0130659222 0.5263754833 0.1980100654 0.2160310687 0.4172654338 0.1160415835 0.5203225095 0.6099481247 0.3508955647 0.3923953396 0.4147937737 0.2528982431 0.6250771111 0.3536971878 0.2375868144 0.1966547992 0.2334419765 0.6222040201 0.3603136998 0.2855000689 0.3720891865 0.3542163080 0.0622651307 0.0538268592 0.0041542792 0.3397437067 0.0669987750 0.6026251680 0.4341655210 0.3019646452 0.5938269828 0.6489856515 0.0116479535 0.0231373253 0.3932192372 0.5751378329 0.0938277741 0.1339789639 0.1433577490 0.5000000000 0.8052094184 0.7517318089 0.7348743091 0.5132860305 0.5633179176 0.9678717791 0.6817176928 0.8534625690 0.9181596169 0.5290639989 0.7702009090 0.9210449594 0.6812376408 0.8094510986 0.2710342493 0.1613307957 0.3245601691 0.9525589115 0.4762570848 0.7650191597 0.6073337282 0.6052682366 0.9879262279 0.9015855333 0.3663654606 0.9765153774 0.6215010941 0.6954464671 0.4357601056 0.6035654483 0.9945500337 0.9670114964 0.5778700914
 0.2538029262 0.1069361955 0.0269601138 0.0085658188 0.2572186651 0.1911360259 0.2598431987 0.0191900570 0.2924152413 0.1397424313 0.0709772784 0.0797532670 0.5009984945 0.1735130636 0.2220029243 0.1099559411 0.3692998039 0.0417412279 0.3063074326 0.4513526328 0.0576046458 0.0311050178 0.0698419698 0.1007126385 0.3743031972 0.1806880598 0.0898148406 0.4449453510 0.1520165354 0.5529453816 0.1084676823 0.2084742904 0.1055712509 0.2582054978 0.0077164911 0.3139758783 0.3124512561 0.1266695774 0.0173850979 0.0709244450 0.1313208019 0.1927857299 0.1150087076 0.4134019346 0.1978687144 0.1107173609 0.1224372040 0.0703886515 0.1601766802 0.4547792627 0.2349292169 0.0183075349 0.0962086748 0.1072289395 0.1192889312 0.3912009165 0.1390537245 0.1441901988 0.0741454477 0.4780154851 0.5908134644 0.6533797753 0.2010574099 0.5438890548 0.4768678250 0.0184826112 0.1947905816 0.5000000000 0.9644254065 0.7544059092 0.8505450415 0.8780680034 0.5914731353 0.7281609722 0.6071658834 0.5142541975 0.5091013120 0.9265784480 0.9784541906 0.9236603997 0.5808341029 0.7425317851 0.5205177533 0.2612369134 0.9494242526 0.8220009605 0.9419266017 0.8936634740 0.8318204697 0.6275382848 0.5567341711 0.8104479366 0.3689699557 0.8195839964 0.8143062671 0.9207338452 0.9526923860 0.8853583076 0.5894029851 0.9864220201
 0.1458197915 0.1158562334 0.2999311988 0.0220908313 0.0133710247 0.4393330800 0.1787262223 0.5413767592 0.0674079001 0.1266422596 0.2180579668 0.3501662490 0.1082302044 0.1361877376 0.0319016052 0.0184611606 0.1404012464 0.2588995984 0.0845199693 0.3458891408 0.2978639116 0.3174502021 0.0613765600 0.0952033986 0.1141481283 0.8598385529 0.4746659089 0.2565887651 0.2665507815 0.1822397229 0.2510817273 0.4493249925 0.5648108070 0.0076543192 0.3427196710 0.4939829629 0.4966476749 0.2327397325 0.1899693371 0.9025609760 0.0163775853 0.7210447966 0.0262646451 0.3255930518 0.0926946715 0.1323692484 0.2899462622 0.0363118443 0.0504427572 0.2045219354 0.0693660392 0.3081371816 0.0367570413 0.1836392914 0.3392495603 0.4401771544 0.0060126191 0.7723172177 0.2797514240 0.0082376998 0.2008056893 0.0850120698 0.1746501758 0.2555864027 0.4690859280 0.1548932979 0.2482681911 0.0355745935 0.5000000000 0.8458370316 0.7451739234 0.7968311889 0.6280529464 0.9326345837 0.9691378360 0.7536554941 0.5179642524 0.6524147915 0.4288749356 0.4688229987 0.7719072633 0.7516763610 0.7721030948 0.8649308188 0.4391015234 0.9091790658 0.9155437857 0.7134255812 0.9967458094 0.9653464398 0.4787284048 0.6491643972 0.9500752212 0.9911029276 0.9579289101 0.9129413812 0.4127487151 0.8714275957 0.9809260509 0.7762990133
 0.0121363392 0.3034921066 0.2052729561 0.3860630285 0.3726408115 0.2486456365 0.0896234385 0.3447483950 0.0524749959 0.1794071784 0.2217953412 0.3399770129 0.0171840588 0.1337498638 0.3222106296 0.0245209428 0.3878485501 0.3151144118 0.5671918098 0.0477228759 0.3100083010 0.1122205090 0.1781087374 0.5883180478 0.3133182810 0.1173267640 0.1658213951 0.2425941579 0.2573834074 0.0939415992 0.3098283602 0.2099139890 0.5327060489 0.6242287172 0.4669807165 0.1839157641 0.4242727758 0.5353761084 0.4296256118 0.1701215471 0.0302961292 0.2309291224 0.1654704021 0.1724042446 0.5584483234 0.1141786346 0.0707654129 0.0624733715 0.2104475649 0.0972946396 0.3525606231 0.0675979338 0.3489846164 0.3116783384 0.0042339990 0.1294113488 0.1964234657 0.1091859298 0.1086032265 0.0732385161 0.0390103978 0.4970389887 0.0111310230 0.4752465137 0.3405950384 0.5831297746 0.2651256909 0.2455940908 0.1541629684 0.5000000000 0.8178722243 0.6602938157 0.2812713161 0.4272573645 0.6976334513 0.3727664989 0.4525584089 0.7458636114 0.6902603427 0.9867503638 0.9034861261 0.9906172994 0.5620716937 0.4770443047 0.6740195694 0.7484042164 0.6802911519 0.4070112540 0.7088771506 0.9526053651 0.5458878402 0.9900117412 0.6383445807 0.8364352702 0.4702652088 0.4219290269 0.4257582741 0.7449843024 0.7080587966 0.5442713301
 0.3032400965 0.1821916057 0.0274502937 0.5670672012 0.1151488183 0.3712700357 0.1609421133 0.0981820253 0.2186417760 0.2118408366 0.1516396507 0.2981647513 0.3817921436 0.0247322137 0.2245725635 0.0346991167 0.5062955644 0.6274744879 0.0434564108 0.5548987994 0.3615320344 0.4631559668 0.1299894228 0.0272904013 0.0767759763 0.0357223370 0.0412634056 0.4103981997 0.2313333534 0.3727346887 0.4478017448 0.2663941734 0.4343014649 0.2524419320 0.4592683090 0.0034582879 0.3587434525 0.0309662150 0.0674345637 0.1564383712 0.3926382815 0.0650656105 0.4195475966 0.0570790351 0.3818720341 0.0962036406 0.1986043482 0.1142164810 0.1473147615 0.2817592110 0.1338326798 0.1268684704 0.1577716736 0.1808642628 0.2144236225 0.1013406915 0.5845028401 0.5305619764 0.0314224692 0.3596181805 0.2683616445 0.0342493657 0.2213404898 0.0201981001 0.3387405446 0.4584236377 0.4867139695 0.1494549585 0.2548260766 0.1821277757 0.5000000000 0.9115070763 0.5886098147 0.5585554241 0.9772624924 0.9491333712 0.9113451618 0.6915180296 0.9128233413 0.4981444753 0.8875816675 0.9925159891 0.9698359709 0.8592834661 0.5536286330 0.9550746251 0.9915191220 0.6179382299 0.5101264427 0.8414228359 0.7318829229 0.9534745523 0.8358414268 0.8287318896 0.5506391388 0.7816897456 0.9577281560 0.8497220294 0.7753424244 0.7306219112
 0.2046126511 0.0253304142 0.2538717522 0.1783162766 0.1353133556 0.0877072522 0.1395151473 0.2827832207 0.1800174854 0.3150172630 0.2750945179 0.5492313900 0.4618124111 0.4204758771 0.2429670900 0.0437288434 0.1516083276 0.0066667281 0.2141815033 0.2345668918 0.2535632556 0.1166926849 0.3462614654 0.0725787895 0.5817196462 0.0339534403 0.1803849669 0.1555388267 0.4732603762 0.4673973585 0.7319882003 0.3827550907 0.4458139031 0.6428616594 0.0933688223 0.0931524345 0.1059431999 0.7206713226 0.3947297132 0.1235640569 0.1776265864 0.1762152020 0.0849487394 0.3933645079 0.3849838138 0.5749202729 0.3396200860 0.1161809753 0.1350198768 0.5736486954 0.1920646803 0.0150496758 0.7115965942 0.0500734252 0.2043700625 0.4258768091 0.0355277154 0.5181970940 0.0647567597 0.2457762493 0.1057747922 0.2446605739 0.4941810491 0.2445655852 0.0014032275 0.2321158261 0.4366820824 0.1219319966 0.2031688111 0.3397061843 0.0884929237 0.5000000000 0.4508297002 0.9164345871 0.6349207152 0.8138656503 0.9778850987 0.6934134803 0.6634561962 0.7669378406 0.6190524021 0.9997628608 0.2542449632 0.3808038118 0.5722636001 0.5991799458 0.7763147117 0.5771355565 0.8686847375 0.7456890120 0.8041375671 0.9856216708 0.8789058419 0.9206501837 0.6078864350 0.2804968430 0.8380592786 0.7317230439 0.9725399665 0.7947456427
 0.6182816043 0.6833649078 0.0657808215 0.3243681798 0.1295618363 0.4144276513 0.1469701395 0.0828311285 0.2575736687 0.3995020979 0.2762251062 0.2994057771 0.2006926370 0.1611239698 0.3684119942 0.4916173999 0.3770803548 0.0641466613 0.3676756079 0.0689613194 0.4878437417 0.2242755873 0.0681044092 0.2351446485 0.0567623432 0.1584645932 0.0337591762 0.0908817274 0.5644322576 0.4428807274 0.1941594754 0.3971225792 0.4088215953 0.1250879937 0.3345752069 0.0754329184 0.1033029991 0.0382143002 0.0069549102 0.4406857488 0.5245996471 0.3786653043 0.1188320981 0.0870534081 0.0632874023 0.2044628864 0.5835244120 0.7771640661 0.0020784217 0.1423734763 0.1275918760 0.6764460171 0.0294710133 0.2236400849 0.0242318098 0.4784038775 0.1316743385 0.0705574041 0.1847929997 0.4057861873 0.0624721945 0.2024196090 0.0375970975 0.1640363994 0.2918752413 0.6417378555 0.0321282209 0.4085268647 0.3719470536 0.7187286839 0.4113901853 0.5491702998 0.5000000000 0.7694585228 0.9595554405 0.3810775190 0.9420813815 0.7777748166 0.8325439694 0.9160529056 0.6032479420 0.8255798122 0.9448524907 0.8239842674 0.6427376665 0.7194449853 0.8136533026 0.5243797530 0.9598234004 0.6261874184 0.5615759332 0.9620214392 0.9050854237 0.6885195644 0.5310431902 0.8436257103 0.9522936504 0.4072007358 0.9763366577 0.4252926953
 0.5048041095 0.1059217505 0.3255020103 0.1800717099 0.0388034566 0.1350408378 0.1791419089 0.1084232870 0.0905010896 0.1479725537 0.3684777622 0.2477454043 0.0146325310 0.3461328609 0.1130474353 0.1078152280 0.1764051893 0.0934198488 0.0435148042 0.1037820557 0.7605826769 0.6836420556 0.7976324786 0.2919233919 0.6378359223 0.0111358925 0.1194834275 0.0722700337 0.3465080946 0.2939065161 0.6110167553 0.1192515672 0.3745508613 0.7981791484 0.4034929427 0.3209496412 0.4739922493 0.5810901978 0.0343486821 0.5412477381 0.0754447033 0.0863905007 0.3026815203 0.1727271264 0.2114352674 0.0616855060 0.1040432434 0.1139186296 0.1579387058 0.2973020953 0.2000849235 0.0296747465 0.6097108689 0.2530201261 0.3360124863 0.3745656308 0.5556751057 0.4872870443 0.3859070390 0.1388364178 0.2588109415 0.2280716974 0.1378831842 0.3951121893 0.7023532365 0.2290398529 0.3182823072 0.2718390278 0.0673654163 0.5727426355 0.4414445759 0.0835654129 0.2305414772 0.5000000000 0.9474066914 0.9879231617 0.9612150401 0.9234361240 0.8748450002 0.7114178461 0.8296814397 0.6682648980 0.8136245806 0.8526326163 0.9362262020 0.6928491407 0.8688017629 0.8414248066 0.9008936098 0.8828509343 0.6376202474 0.9935649958 0.7015976871 0.9549928882 0.8162368284 0.8990696697 0.5738367801 0.9425856572 0.5150015774 0.6038615719
 0.6026435096 0.2176543780 0.2665307571 0.2165015472 0.7309136507 0.0143587117 0.2087523883 0.5016893229 0.5452849153 0.1443379553 0.3096486854 0.1551076291 0.6445120557 0.1521877394 0.0875246656 0.0751999531 0.4808217999 0.1937891313 0.7098704343 0.6713545217 0.1937668098 0.2030300782 0.0962924410 0.0628135280 0.5704923345 0.0268242756 0.1017912860 0.0722536889 0.0815550828 0.1699016810 0.0470534932 0.0399888383 0.3823088175 0.1679412668 0.0789794733 0.0586815079 0.8057009011 0.4208862161 0.3968830860 0.0151708320 0.4768193103 0.1546724193 0.0313416981 0.5747472574 0.1959528692 0.0191515229 0.2484151236 0.1005419759 0.5117327569 0.6358345323 0.0990336244 0.2429088917 0.1928313401 0.3499354822 0.3331766622 0.5335848599 0.4087809941 0.0855924254 0.4915333171 0.5103658347 0.1221913130 0.3552385009 0.2850167348 0.1843907072 0.5006866366 0.0482015065 0.1465374310 0.3928341166 0.0308621640 0.3023665487 0.0227375076 0.3650792848 0.0404445595 0.0525933086 0.5000000000 0.5466187619 0.9757621940 0.8337564710 0.9699212263 0.7118489667 0.6042924872 0.8918545691 0.8087969549 0.9814932077 0.9726749266 0.8639016720 0.4713953973 0.8915263814 0.9171867022 0.7326206692 0.9912818219 0.2219385602 0.8807038214 0.5411927821 0.9282348632 0.8472327898 0.7120314163 0.3016002326 0.8679304529 0.7516528212
 0.1324464791 0.0344426185 0.0625026462 0.5704232142 0.3159582970 0.6538455931 0.1227276354 0.6660381740 0.3036347605 0.3072687870 0.0945038387 0.1708939319 0.1653209556 0.1578598206 0.3186215145 0.3467918117 0.0982248935 0.3773366499 0.6379444666 0.5048043886 0.0343989553 0.1263451079 0.0952423432 0.1095046892 0.4217512174 0.3221497501 0.7158047763 0.2415113354 0.3068955352 0.0583853703 0.6003942771 0.2403298026 0.0829942435 0.1758714524 0.2409089489 0.1535444630 0.0432723843 0.2517481894 0.2584382843 0.1431577286 0.0979962511 0.0470558592 0.6221910614 0.0100455590 0.3101425267 0.5768106363 0.0474384875 0.0415592253 0.4325782873 0.0459426991 0.0002390493 0.0069770318 0.4958987876 0.0341552284 0.1469531704 0.5800953175 0.7331405157 0.1651030148 0.6895272457 0.3372813801 0.1786274951 0.0614172816 0.1629192876 0.1967353360 0.1839409260 0.2790696123 0.0818403831 0.4857458025 0.2463445059 0.6272335011 0.0508666288 0.1861343497 0.6189224810 0.0120768383 0.4533812381 0.5000000000 0.9431995841 0.8038841928 0.3850077425 0.5520794336 0.6327170274 0.8505005549 0.6772370352 0.9333561948 0.7667825408 0.8904976078 0.5997420239 0.9503439980 0.6026054876 0.5222667770 0.6095592064 0.6680949906 0.8376722913 0.7979942818 0.9222622630 0.9587359534 0.8614325766 0.8892920993 0.9163611569 0.9785675751
 0.1901617701 0.8709648707 0.3148037785 0.0663573095 0.4808060361 0.0218766876 0.0191363338 0.2970576487 0.2943285565 0.3602977991 0.2936585845 0.2335627146 0.1388563862 0.1437347667 0.3970328954 0.0856116167 0.1328035236 0.0028578320 0.1037391780 0.5770912286 0.0442243266 0.0111498677 0.3017419257 0.2264171347 0.3039555673 0.8209445850 0.0801221911 0.0579111574 0.3163626890 0.0860994589 0.0015122761 0.4247836257 0.3841419483 0.1577031053 0.3825857033 0.7326571034 0.3647695370 0.0019156599 0.3308537089 0.4706440636 0.1274652346 0.0409081605 0.4437543026 0.1160700015 0.0496878067 0.2473426154 0.0594515842 0.0945767010 0.0757496793 0.4315368900 0.6576680703 0.0886541271 0.3503978423 0.6201301840 0.1613882186 0.6657749195 0.3865267548 0.1655594116 0.1484647933 0.0079326758 0.7469989716 0.3450633986 0.5333216854 0.2396352324 0.5168600186 0.0428887769 0.4709360011 0.4908986880 0.4820357476 0.5474415911 0.0886548382 0.0221149013 0.0579186185 0.0387849599 0.0242378060 0.0568004159 0.5000000000 0.6465585346 0.8298989609 0.6386049847 0.2772935462 0.4578370719 0.6485331627 0.8958073375 0.8519378653 0.2714326067 0.6558244725 0.6045374892 0.5169627059 0.9836073748 0.9014704116 0.7187268501 0.9398739931 0.2703343308 0.7726936354 0.9671843288 0.9305467026 0.5799363192 0.7688413505 0.9743245399
 0.2487960029 0.1435105408 0.1813435467 0.0653658948 0.0062407676 0.0789937991 0.3783656993 0.4872701498 0.6935818335 0.0100917369 0.4826102786 0.0618410331 0.2736791430 0.4634397101 0.4784995704 0.2642088399 0.0332304351 0.4068344898 0.0813645083 0.2278685377 0.1000954808 0.2219391695 0.1952421448 0.4397097153 0.4390927814 0.0081300975 0.7479896920 0.3502757127 0.1074759308 0.2520902818 0.2285569900 0.0078421464 0.2901658165 0.0677876030 0.3448349965 0.1333869961 0.0058510807 0.3715541138 0.0535158752 0.5593779750 0.4524333199 0.0769209584 0.0172317421 0.1848030194 0.0334536227 0.1074537100 0.2489693003 0.0908888490 0.0127870173 0.0432639162 0.0748311970 0.2010823017 0.5882699580 0.0908568657 0.4112901187 0.1296370651 0.4072523651 0.2959156994 0.1421847613 0.3805978030 0.0051090624 0.2801901887 0.2956725121 0.1831396596 0.4263611301 0.0330422172 0.2297990910 0.0734215520 0.3475852085 0.2541363886 0.3084819704 0.3065865197 0.2222251834 0.0765638760 0.1662435290 0.1961158072 0.3534414654 0.5000000000 0.5792915317 0.8730309837 0.1639984396 0.6359334388 0.9138873174 0.9514988396 0.6290499680 0.4721118964 0.9950645347 0.9039013857 0.6273820062 0.5733235514 0.8406429617 0.7896754792 0.3661185949 0.9335774336 0.8690726048 0.5168826271 0.3812908240 0.7028284996 0.7640955568 0.8849826578
 0.4938644298 0.1093050837 0.0311524793 0.0299680532 0.1678481373 0.2464165833 0.0946037322 0.1315707098 0.0942065683 0.1987420339 0.5532606066 0.9071385193 0.3039615201 0.0504252991 0.2580640715 0.5581592906 0.0659225906 0.4508483556 0.3274950493 0.3740412074 0.3281352239 0.7724313819 0.0489920771 0.1994850678 0.0954450286 0.1569581014 0.0541674702 0.3737319430 0.1530746585 0.3275484581 0.4516497824 0.1711134803 0.1528007574 0.1286887194 0.0185895295 0.3067688305 0.1926354358 0.3488356716 0.4476364530 0.5082141381 0.2697735986 0.0034961061 0.0693081632 0.0228153887 0.2951926325 0.2201419460 0.0492401749 0.6143128318 0.4256462834 0.3721003266 0.1470726516 0.0648403007 0.2928436590 0.0907429209 0.2489618843 0.3170844634 0.3056511705 0.3460054955 0.4381692375 0.0340504138 0.4656449987 0.0756533231 0.6131934098 0.7848924476 0.0609436907 0.4822333008 0.0789550406 0.0215458094 0.5711250644 0.3097396573 0.0871766587 0.3365438038 0.1674560306 0.1251549998 0.0300787737 0.6149922575 0.1701010391 0.4207084683 0.5000000000 0.4235773936 0.9355204459 0.9817612456 0.9913273693 0.5027665192 0.7291770105 0.9135536510 0.8277572365 0.8574145523 0.7452475654 0.9320380591 0.5392015399 0.7161846133 0.7081742110 0.5803689183 0.8656312059 0.9080999085 0.5274086945 0.9509966370 0.7446980370 0.7807136873
 0.3159646553 0.4041701007 0.2294123406 0.1815745741 0.1009946615 0.0679561028 0.2183909519 0.0532029925 0.3182729201 0.4698665013 0.5565480069 0.1454427556 0.3325577506 0.0966544331 0.0134480212 0.4508714349 0.0981327379 0.5922149783 0.2711835664 0.0085143805 0.2478221875 0.0143244117 0.1763622420 0.3549773508 0.3520443296 0.2052278695 0.3873011425 0.4436606299 0.3568881074 0.0292327771 0.0288820787 0.1137793004 0.1665939570 0.1628213529 0.2834905877 0.6562957927 0.0779003453 0.0009138681 0.4542454010 0.2487457390 0.0075854642 0.3488465169 0.1152121840 0.4499566814 0.4688264298 0.4783545272 0.0214331629 0.2018448936 0.4472775470 0.1994841749 0.3458691232 0.2175310715 0.4474360013 0.1277088989 0.0849562164 0.2017975220 0.0622005205 0.0561415519 0.0182819386 0.2657732573 0.8882338269 0.3190578995 0.5940116950 0.0987939835 0.0456497814 0.6662557083 0.3187623592 0.0763396003 0.5311770013 0.0132496362 0.5018555247 0.2330621594 0.0839470944 0.2885821539 0.2881510333 0.4479205664 0.3613950153 0.1269690163 0.5764226064 0.5000000000 0.7493785138 0.7772183790 0.7475288975 0.7204023693 0.3067839609 0.6978797546 0.9180426320 0.6710604810 0.9978109329 0.7843638446 0.2157281775 0.7298373811 0.5721896138 0.4750296699 0.4066644995 0.9372750891 0.5411064192 0.9040702905 0.2355028949 0.6309770838
 0.0234044138 0.0903018722 0.1730172163 0.2927955185 0.0613529690 0.4139471685 0.1352361824 0.3950289963 0.3605509902 0.0866575296 0.0822976882 0.7859543074 0.4526689866 0.1314446257 0.5798949345 0.1607266802 0.3500256366 0.6382616258 0.0334063485 0.2283752519 0.1468001239 0.0334843711 0.7313289420 0.4638603180 0.0444496713 0.4161976318 0.5902690145 0.6928606520 0.2089122129 0.1971605158 0.0706661442 0.3281491660 0.1137954899 0.0415363091 0.3420558220 0.0045806917 0.3480363332 0.3496672052 0.2419539607 0.0948563371 0.5952939284 0.0449814458 0.4344103507 0.4749302049 0.3494304060 0.1120161051 0.6570723773 0.2438486955 0.2165715237 0.0231256192 0.2243556584 0.1710462842 0.0377281849 0.5288606042 0.4899234819 0.3492136975 0.4994269735 0.0981621493 0.3396699762 0.8286370371 0.4032028428 0.0661268763 0.3969018795 0.1139381628 0.6749470084 0.1411447058 0.1905489014 0.4191658971 0.2280927367 0.0965138739 0.1124183325 0.3809475979 0.3967520580 0.1703185603 0.3957075128 0.3672829726 0.7227064538 0.8360015604 0.0644795541 0.2506214862 0.5000000000 0.9756427762 0.8609353177 0.9586924258 0.7937188733 0.9499068077 0.5483534488 0.6687951519 0.8690400338 0.8808054498 0.9684724436 0.5088848660 0.8671637974 0.7081528820 0.6562200238 0.7553688294 0.8433621859 0.8977514018 0.4784780359 0.7953938412
 0.0552883824 0.0381624286 0.2536204182 0.1561310054 0.4840735992 0.2272557126 0.3572853229 0.3443337032 0.3096383899 0.5340105377 0.2640995248 0.3917948134 0.1546024710 0.2088899879 0.1335650515 0.0186070093 0.0442402854 0.4583591964 0.0634333770 0.6872859566 0.5287049346 0.2131253562 0.4649704799 0.1032979297 0.0975549241 0.3976192932 0.1809426335 0.0645010560 0.2549559286 0.2603349853 0.4812209598 0.5781074870 0.1952424096 0.3475502390 0.4694390359 0.4362246104 0.2189539353 0.3740985918 0.4381684974 0.1003427204 0.1279998211 0.0790716215 0.1258406318 0.7581413976 0.1245990413 0.1213028144 0.0945122666 0.1346456681 0.0237696174 0.4834889618 0.0931173920 0.1543357157 0.0230048003 0.7287482282 0.0913630730 0.2400796506 0.0225628772 0.4619204559 0.3085490337 0.3472869426 0.0991826802 0.4273094651 0.2505777763 0.5751993872 0.5741689029 0.5093998423 0.7289657507 0.2574682149 0.2483236390 0.0093827006 0.0074840109 0.0002371392 0.1744201878 0.3317351020 0.1081454309 0.1494994451 0.5421629281 0.3640665612 0.0182387544 0.2227816210 0.0243572238 0.5000000000 0.8187413071 0.5497736597 0.9206748515 0.5638179398 0.8875516646 0.7465745362 0.9615373760 0.5380825148 0.6618246272 0.8253215729 0.9193821922 0.3226099618 0.6169839134 0.8822541273 0.6677957948 0.9137750031 0.4826645346 0.4829824271
 0.2621010764 0.3282079692 0.2866149521 0.2009153072 0.0708847842 0.2689907953 0.2058613651 0.2802520660 0.1364918758 0.2659582819 0.0939801703 0.0141454854 0.5998594708 0.2882867229 0.6476337093 0.4337128155 0.0246527500 0.1632284123 0.2245059853 0.3607502658 0.2179964282 0.4549299624 0.5700067354 0.6479751741 0.0715837535 0.2959643876 0.2273115564 0.1243685881 0.3920578320 0.3771245874 0.1653495969 0.0001136594 0.2479096856 0.3813026642 0.2227068759 0.4624101864 0.0173534836 0.1099214598 0.0512107934 0.3331981396 0.0310977898 0.1537133541 0.0827184163 0.1782312020 0.0521184328 0.4380742795 0.0499237857 0.1065181372 0.0977040936 0.0207497494 0.4660817388 0.1801694281 0.5084128886 0.0471263893 0.1791513342 0.2404356890 0.3465856495 0.1561054824 0.2074750790 0.1607655095 0.3573667120 0.6886353875 0.0798239962 0.5095411877 0.0897180388 0.6563214576 0.8386692043 0.4794822467 0.2278969052 0.4379283063 0.0301640291 0.7457550368 0.0551475093 0.1863754194 0.1912030451 0.3227629648 0.3514668373 0.0861126826 0.0086726307 0.2524711025 0.1390646823 0.1812586929 0.5000000000 0.8442260074 0.2977460902 0.7180248300 0.7354927460 0.7139906072 0.9854539999 0.7178934042 0.8734829801 0.8735723046 0.8417024556 0.8139861763 0.9709577267 0.8728185084 0.5703137773 0.8691242199 0.9468985747 0.9865716935
 0.3007505111 0.1423664294 0.5852634745 0.2007604199 0.2037424375 0.6165523068 0.0157256870 0.6272889710 0.6348874430 0.2848055447 0.1171374194 0.4634725843 0.7489505542 0.4637099011 0.1338689295 0.0204655595 0.1721759069 0.4290165329 0.0369343080 0.6388735879 0.0093328337 0.0542395105 0.1483439133 0.1391097396 0.1701539502 0.5495190652 0.2898217416 0.0311978955 0.4530754439 0.1707886086 0.1652619647 0.1215833677 0.3312257693 0.2621978388 0.2818711574 0.6853014682 0.3819052227 0.0514770957 0.0741370188 0.0252324851 0.1742518156 0.0978753342 0.0506174275 0.4190135011 0.3559074467 0.2796731752 0.1509268186 0.0581837637 0.5436305596 0.1960817703 0.1444702445 0.0099259422 0.0583504311 0.3377739415 0.0015665325 0.0713681678 0.1146907582 0.0781395002 0.4768523148 0.2790970485 0.2971849922 0.1028541718 0.1622810342 0.5356017082 0.1279069902 0.3175095423 0.6754398309 0.7387630866 0.1350691812 0.5229556953 0.1407165339 0.6191961882 0.1760157326 0.1473673837 0.0185067923 0.0666438052 0.1041926625 0.0485011604 0.4972334808 0.2795976307 0.0413075742 0.4502263403 0.1557739926 0.5000000000 0.3613448910 0.8874515102 0.8167009323 0.6345810662 0.4686457052 0.9985609418 0.7382822801 0.3725788684 0.7714555711 0.9952716348 0.8858994142 0.8863516025 0.4721618575 0.8114003594 0.7796034954 0.8267720317
 0.2114206884 0.5412973537 0.0993215393 0.7612935367 0.1282482326 0.2682795194 0.0099630787 0.2654714588 0.1140650624 0.2859234518 0.1913585238 0.0254620029 0.5134524049 0.0101509056 0.3194074453 0.2785894950 0.1591850897 0.2035888263 0.2796732866 0.0686164289 0.0696315952 0.0577106240 0.3099354279 0.0390364405 0.1278776533 0.0815537444 0.3929519627 0.2122854227 0.3498062643 0.3306899348 0.2981988670 0.2069705325 0.6547150399 0.1005508499 0.5944040779 0.1315217844 0.2619127116 0.0787788900 0.2185338530 0.0258045467 0.3792847735 0.7679734408 0.0305986804 0.0518282373 0.1557372039 0.3482249800 0.4314446125 0.2648459649 0.0592544264 0.2725947201 0.1937641092 0.3472200241 0.3831482884 0.0363933334 0.4388395517 0.0875208872 0.1144941028 0.1612249897 0.1691282354 0.3620833786 0.5734429362 0.2045805365 0.0756537593 0.3595770875 0.0108679283 0.2694748554 0.0474410885 0.0505757474 0.5608984766 0.3259804306 0.4463713670 0.4277363999 0.3572623335 0.0637737980 0.0273250734 0.2332174592 0.1480621347 0.3709500320 0.2708229895 0.6932160391 0.2062811267 0.0793251485 0.7022539098 0.6386551090 0.5000000000 0.4373036200 0.7262317380 0.9817512689 0.8483288669 0.4619543811 0.5582488551 0.6497557547 0.8915346266 0.9054228371 0.8020831705 0.2092138353 0.7571569244 0.5349033913 0.6455392049 0.6149813397
 0.2510525616 0.4642234032 0.0441768304 0.6675667977 0.0223318618 0.3932252151 0.4613446133 0.6529899029 0.1925981312 0.2875616908 0.2255703992 0.5499149708 0.3064795993 0.6048202130 0.4535408138 0.1755863444 0.2958287583 0.1981022384 0.0842011230 0.2323446077 0.3205584981 0.0303165811 0.2978381612 0.6435386076 0.0706815974 0.3110250945 0.3594585630 0.2349711156 0.2335886661 0.1713606654 0.0065142388 0.1163215838 0.0667774348 0.5091646278 0.1851154822 0.2790852012 0.4269349724 0.3289469759 0.3285041908 0.1274798563 0.1670628934 0.0501792315 0.1506165408 0.1143264032 0.1028062877 0.0217898407 0.1539617867 0.0177518877 0.0585491095 0.7462003968 0.0048868042 0.2560584339 0.1137063719 0.1729083388 0.4463932358 0.0835389023 0.0536921996 0.1043109751 0.5690016240 0.2709140512 0.4336247925 0.3591101011 0.3714858371 0.0721339408 0.3999004979 0.3215165147 0.5237429152 0.1779990395 0.0908209342 0.2515957836 0.0449253749 0.4008200542 0.2805550147 0.3071508593 0.1360983280 0.1095023922 0.7285673933 0.5278881036 0.0864463490 0.3021202454 0.0500931923 0.4361820602 0.2819751700 0.1125484898 0.5626963800 0.5000000000 0.7379082897 0.6447391780 0.8981347157 0.8183878118 0.4363472407 0.8921871274 0.8845603036 0.7813166095 0.3366903943 0.3614108588 0.4272854597 0.4955278494 0.9268459390 0.9339841222
 0.4943068401 0.1370419535 0.5286437382 0.1833462391 0.4089852452 0.2785480978 0.0193954121 0.2228197552 0.1497939314 0.0780629563 0.2107165186 0.5688962348 0.2894234035 0.0660728094 0.1122303313 0.0116254826 0.1920189308 0.4219071265 0.4405743461 0.2457822815 0.2234656964 0.0887103659 0.0668639537 0.0133640243 0.2466996726 0.5612698733 0.3729661092 0.2276855627 0.7574851773 0.4183539110 0.0102692457 0.3121020311 0.2676464825 0.1531517724 0.1613554479 0.4718579017 0.2140042668 0.2537309166 0.4157487858 0.0702323293 0.2980456376 0.5330521063 0.0266473467 0.1294745680 0.3361747575 0.6336151919 0.0530890489 0.0363606114 0.0556231757 0.5272560161 0.2180811031 0.3965123024 0.2872188541 0.5531492296 0.0727718505 0.0485959701 0.0623654893 0.0746640684 0.4835315438 0.3428559144 0.4089886273 0.2780391063 0.2272434522 0.2704795642 0.1293722750 0.0938046921 0.2349808403 0.0580733983 0.0844562143 0.3197088481 0.0084808780 0.2236852883 0.1863466974 0.1311982371 0.5286046027 0.4002579761 0.3441755275 0.0049354653 0.1722427635 0.0819573680 0.4516465512 0.1124483354 0.2645072540 0.1832990677 0.2737682620 0.2620917103 0.5000000000 0.5769647261 0.8276521388 0.7601749757 0.7873657384 0.9783656738 0.7698567295 0.2881593250 0.3875946819 0.5236072313 0.9596963142 0.9728095554 0.9696814632 0.4554642305
 0.1260769512 0.0237471636 0.0135622865 0.2255416547 0.3233929427 0.4940241923 0.0436272182 0.0985004440 0.0335314081 0.0391181126 0.0701121080 0.7177429700 0.0738202484 0.2338368302 0.1210877597 0.6700815174 0.2402144826 0.4865836126 0.0460310657 0.2340273577 0.6805144301 0.7614412535 0.5884609605 0.4843876395 0.2721470016 0.0013589119 0.5404878516 0.3544386523 0.0003461820 0.2038885458 0.0793630552 0.5284443856 0.4378694872 0.5508138062 0.1018063482 0.3364786207 0.3724484870 0.1114629715 0.2928582716 0.3189950364 0.0102759735 0.6514774998 0.4114308434 0.1606711238 0.1167760354 0.2531147330 0.4625259887 0.0959420944 0.1476789376 0.0339522566 0.2738883491 0.4117083176 0.2780784094 0.2128142646 0.1348428271 0.2985599383 0.1649785763 0.1756140873 0.5018770284 0.1350156272 0.6245890270 0.5506730430 0.2332099495 0.1477852559 0.3087561939 0.3042170285 0.3926662718 0.1063365260 0.2865744188 0.5929887460 0.3820617701 0.4228644435 0.4756202470 0.1585751934 0.1084736186 0.0496560020 0.3954625108 0.0960986143 0.1425854477 0.3289395190 0.3312048481 0.2534254638 0.2860093928 0.3654189338 0.0182487311 0.3552608220 0.4230352739 0.5000000000 0.8908175591 0.9824657057 0.9020818518 0.8556855145 0.9504596628 0.8915613934 0.6650023666 0.4620357717 0.7684808861 0.9893911508 0.9535493379 0.7006041245
 0.2409262371 0.3817602383 0.3580200456 0.7833063416 0.1148835492 0.1523560131 0.2688880080 0.4670049479 0.2998359510 0.7206709752 0.5201839861 0.2845181243 0.6663009784 0.2334751922 0.0254825057 0.0724206148 0.5067613822 0.0144636750 0.1426363158 0.4218561635 0.7296293274 0.1990716739 0.7026518332 0.0871879366 0.1899741923 0.1035410816 0.2637727056 0.3858406904 0.1167081029 0.1361016872 0.7624607634 0.1580129510 0.4148593543 0.2836234458 0.6134774384 0.2402439645 0.1365690425 0.1783723775 0.0760130789 0.2599449607 0.1056017867 0.2952269094 0.0381309813 0.0381178216 0.3987220212 0.4868722362 0.0430307845 0.0463642694 0.2132230880 0.2931303632 0.1422633776 0.1987420202 0.1605553775 0.1890645061 0.2108872762 0.0539791946 0.1466942711 0.1360769425 0.4498854455 0.2947358795 0.2140548444 0.0682715276 0.3786060203 0.1071950493 0.2132854702 0.3375806251 0.3947317634 0.1681795303 0.0032541906 0.2911228494 0.4898735573 0.1313152625 0.0401765996 0.0991063902 0.0828132978 0.3973945124 0.4830372941 0.3726179938 0.2547524346 0.0021890671 0.1309599662 0.0384626240 0.0145460001 0.5313542948 0.1516711331 0.1018652843 0.1723478612 0.1091824409 0.5000000000 0.7420726131 0.7795504507 0.6363631245 0.8791272414 0.7506820751 0.9781338448 0.9066388123 0.8126044889 0.7844435298 0.6560741314 0.7596830357
 0.2190713673 0.3777484746 0.1323757861 0.1603509235 0.2644261582 0.1219035121 0.4359615463 0.4259746234 0.0218248561 0.2529222509 0.1850288470 0.0803695843 0.2487492528 0.1613868270 0.2855454281 0.4397418676 0.3442239969 0.3307344433 0.1659390511 0.1429639522 0.2835578468 0.0657624892 0.1838281788 0.1532474837 0.8699030809 0.4480200964 0.4214703399 0.5785665640 0.1297832545 0.3569966866 0.3173008106 0.2596722745 0.4012406106 0.1336239259 0.4773135863 0.0611769545 0.3678908397 0.0834432056 0.2826147332 0.1750294255 0.2316999748 0.2562931309 0.0170877810 0.3133696886 0.1210094061 0.6417218040 0.1020996952 0.4602585471 0.6398092274 0.1313386081 0.0803291801 0.0490732362 0.3955279448 0.1759348569 0.0536844881 0.2886905367 0.0227653806 0.2674950095 0.4334938297 0.2519813258 0.1329286066 0.6969857391 0.0181564863 0.0449549064 0.2008866754 0.1661537557 0.0120737721 0.3724617152 0.0346535602 0.0473946349 0.1585771641 0.2543109880 0.3738125816 0.1171490657 0.2673793308 0.4777332230 0.0163926252 0.4266764486 0.0679619409 0.2156361554 0.1191945502 0.4619174852 0.2821065958 0.0014390582 0.5380456189 0.1816121882 0.2398250243 0.0175342943 0.2579273869 0.5000000000 0.7764336598 0.2976484320 0.9729992032 0.7972836683 0.8908297609 0.6573718753 0.8791653979 0.8862987393 0.9766030899 0.8309361862
 0.6916351666 0.3614363092 0.3492186442 0.7640791160 0.1617488709 0.0525849830 0.3340135161 0.0809830478 0.2162455880 0.2704202262 0.1875746919 0.0669956084 0.2936876534 0.6527223545 0.0276200616 0.1430336397 0.1058369215 0.0995050603 0.0116225689 0.2330774391 0.1065456423 0.1276134201 0.1379415675 0.1677499393 0.1348856535 0.0799810052 0.0994645115 0.2925876028 0.4848168116 0.4259310208 0.2389555814 0.7296628335 0.1326439665 0.1209258860 0.0321067534 0.3161797112 0.0280436036 0.5229254682 0.2404779973 0.0285137733 0.1036675866 0.1329934617 0.2597016218 0.7663278823 0.0591692043 0.5313677648 0.0608885332 0.3141414115 0.0851223321 0.0010247562 0.3315722862 0.4101806509 0.0011023841 0.3499263278 0.1521608285 0.2145480707 0.3273505469 0.4890519376 0.1639782323 0.2293672463 0.4980906413 0.3469830863 0.5732626849 0.3724404238 0.1065041606 0.1506228605 0.0984144667 0.4432658289 0.5212715952 0.4541121598 0.2681170771 0.1958624329 0.4384240668 0.3623797526 0.0087181781 0.3904407936 0.0985295884 0.1593570383 0.4607984601 0.7842718225 0.0315275564 0.3381753728 0.1265170199 0.2617177199 0.4417511449 0.5636527593 0.2126342616 0.0979181482 0.2204495493 0.2235663402 0.5000000000 0.7545436611 0.9951776244 0.7464149688 0.9710605671 0.8650475525 0.9648908883 0.8767408002 0.8838432181 0.3106346536
 0.4020426852 0.4085076653 0.2146489989 0.1402213491 0.0176552550 0.4473500947 0.5426444747 0.1019135131 0.1823303246 0.1923139644 0.5677160468 0.0588400368 0.6293621837 0.3810588591 0.0463552199 0.2010262226 0.1406847919 0.1546144149 0.0729522178 0.0890342113 0.1707160777 0.0146598941 0.0201805657 0.5560407592 0.2427052476 0.7434287963 0.4967111754 0.0264888744 0.4365843899 0.7213090667 0.0715268932 0.1295112509 0.2279003063 0.2761526311 0.5178032050 0.3005141834 0.1903319459 0.3121269467 0.1772964324 0.2472180424 0.1876589969 0.0975171904 0.1330341276 0.4573621654 0.2951826756 0.3498799061 0.3879923120 0.0268840473 0.1085434044 0.0289308641 0.1992674790 0.7277773547 0.0479114500 0.2263326460 0.5611559275 0.4019235001 0.6152260396 0.1056784277 0.0986815505 0.0257870324 0.1552515919 0.3335337925 0.0207186236 0.1072510595 0.3259729696 0.2564832254 0.6336345394 0.1895520634 0.3508356028 0.0099882588 0.0465254477 0.0143783292 0.0379785608 0.0064350042 0.7780614398 0.3319050094 0.2812731499 0.2103245208 0.2838153867 0.2701626189 0.4911151340 0.1746784271 0.1264276954 0.6274211316 0.3502442453 0.1078128726 0.0216343262 0.1443144855 0.3636368755 0.7023515680 0.2454563389 0.5000000000 0.8460747677 0.9708781196 0.4564432196 0.7393784293 0.9061072481 0.3427910652 0.9462493252 0.6785239754
 0.0294152939 0.3955024053 0.2628297112 0.0138380357 0.1510298687 0.3842839244 0.2081947979 0.1145051611 0.4652262359 0.1302933310 0.1944997463 0.1474308749 0.1187266777 0.1889004528 0.6375550945 0.7391678005 0.3234052290 0.1374221687 0.1105828090 0.4599874790 0.0304911318 0.0004485074 0.0947216501 0.3740739318 0.6991409575 0.1554928136 0.2333631829 0.1056810328 0.0828922345 0.4157010672 0.1067838794 0.4048506973 0.7444470110 0.0424827592 0.7197053714 0.4141977360 0.0664244689 0.4635946075 0.3880809130 0.6713815434 0.1003176006 0.1702431481 0.3504039439 0.2078532328 0.1065841734 0.3787497298 0.1922709114 0.0377229465 0.3628801534 0.2418938823 0.5530689485 0.8748539254 0.0029479120 0.1257368749 0.3992882578 0.0028049289 0.1635326237 0.3201119562 0.0487116407 0.0545502454 0.0516436158 0.1388745743 0.5028123295 0.3935417270 0.3813388880 0.1255181699 0.0234846226 0.6310300443 0.0499247788 0.3616554193 0.1641585732 0.1210941581 0.0949145763 0.2984023129 0.1192961786 0.1623277087 0.0601260069 0.6338814051 0.2918257890 0.4278103862 0.1328362026 0.0806178078 0.1582975444 0.2285444289 0.1084653734 0.1154396964 0.2301432705 0.0495403372 0.1208727586 0.0270007968 0.0048223756 0.1539252323 0.5000000000 0.6973655321 0.8183451409 0.4196814566 0.8043335074 0.6165939894 0.4658163103 0.9887820303
 0.1761573785 0.6884368815 0.3488336762 0.1286675905 0.1244778125 0.6943812490 0.4372803198 0.3650271530 0.1559983178 0.1060647649 0.0476315424 0.0279495336 0.6956532164 0.5643108306 0.7542829755 0.2344702980 0.3194524211 0.2351572116 0.1163367441 0.1199067601 0.2851076306 0.3300229444 0.1352822876 0.4605148655 0.3423138389 0.1951232451 0.4099401873 0.1650424934 0.5304345921 0.0354240651 0.0524218293 0.7129429251 0.6243656236 0.2039145009 0.1850390692 0.0760949320 0.3296554316 0.1565975693 0.1329464011 0.2808752584 0.2440006521 0.0342787825 0.5014661413 0.1681522067 0.1372302185 0.4985604019 0.1675795246 0.3946552613 0.3665210080 0.0986090843 0.2427428806 0.4868888413 0.0256637529 0.6121260814 0.2850834037 0.1649385401 0.4605856355 0.0064692455 0.1367735279 0.4078549410 0.1884122971 0.3200686587 0.0107138952 0.2843996981 0.1845688890 0.0382672943 0.3784989059 0.1804160036 0.0088970724 0.1635647298 0.1712681104 0.0793498163 0.3114804356 0.0450071118 0.4588072179 0.2020057182 0.7296656692 0.0664225664 0.4196310817 0.5249703301 0.2918471180 0.6773900382 0.1860138237 0.0047283652 0.0945771629 0.2186833905 0.7118406750 0.1084386066 0.2493179249 0.2027163317 0.2535850312 0.0291218804 0.3026344679 0.5000000000 0.6584201952 0.8809997336 0.9027206730 0.5535996065 0.7434364790 0.7122650146
 0.1640878202 0.2163400021 0.2112300081 0.2074505396 0.4070076902 0.1952198210 0.0168776218 0.1485604554 0.2643816224 0.2101750713 0.3782041904 0.0041550003 0.2083646951 0.0986539801 0.7519715885 0.1203971895 0.0538042547 0.1031369288 0.0737285027 0.2047617649 0.1532767555 0.2108529331 0.2931580650 0.0232126782 0.0998910998 0.4275044211 0.0524773556 0.1652323482 0.4325536006 0.2682945964 0.1369364160 0.0415954911 0.2045104391 0.3961625933 0.7790546689 0.2654851494 0.1388569975 0.3034141111 0.2950661915 0.5537276105 0.3294591177 0.4253312388 0.2151005033 0.3027893955 0.0966516966 0.3742348793 0.3477398048 0.1191238796 0.0370271482 0.2052126172 0.2035887139 0.2432216596 0.1289329924 0.2362044814 0.1784048588 0.5912142100 0.5762289355 0.0004371450 0.1489986780 0.4224730182 0.5053796787 0.1433230527 0.5744553209 0.2244534873 0.4604778536 0.6432831681 0.3045535329 0.1856937329 0.0420710899 0.5297347912 0.4493608612 0.3921135650 0.4689568098 0.1837631716 0.0717651368 0.0777377370 0.2273063646 0.1309273952 0.1343687941 0.5933355005 0.3437799762 0.3830160866 0.0290422733 0.1141005858 0.1979168295 0.6633096057 0.6124053181 0.3349976334 0.0218661552 0.1091702391 0.0289394329 0.5435567804 0.1816548591 0.3415798048 0.5000000000 0.8469780831 0.8492704215 0.6948526039 0.9837103798 0.9795762797
 0.2894885866 0.4483185469 0.2395014352 0.2175482996 0.6093272292 0.0758810173 0.7315818164 0.0941444692 0.2689163956 0.6321349977 0.8450400779 0.0490110385 0.1564443617 0.0387113093 0.0706332716 0.1609539083 0.1976244147 0.0044046668 0.0679971239 0.4318739000 0.0572659676 0.0107760702 0.0634410879 0.2561439571 0.7094138570 0.2553960750 0.2006755318 0.0217907482 0.0942666597 0.3632661879 0.0389610562 0.5796072595 0.5280827062 0.2676093341 0.3685316674 0.1915521159 0.3410068391 0.2544923278 0.0315878829 0.1125366990 0.2122664930 0.1370972143 0.2845953891 0.4329205554 0.1227744191 0.0826200576 0.0975338554 0.1277544083 0.0261550311 0.1457608307 0.0643480400 0.0128580823 0.0220030800 0.4444812617 0.4080018788 0.6636621159 0.3885179610 0.0495961106 0.7215155664 0.0713272644 0.3194784341 0.7802059019 0.2566500453 0.2414811592 0.0210803378 0.1247567700 0.5642398944 0.0792661548 0.0870586188 0.5780709731 0.2183102544 0.7195031570 0.1563742897 0.1009303303 0.1527672102 0.0412640466 0.0328156712 0.4831173729 0.0919000915 0.0627249109 0.2446311706 0.1177458727 0.1271814916 0.1136483975 0.7907861647 0.6385891412 0.4763927687 0.5379642283 0.0933611877 0.3426281247 0.1349524475 0.2606215707 0.5803185434 0.1190002664 0.1530219169 0.5000000000 0.6353719949 0.6193216429 0.8350684994 0.7794083244
 0.2157780280 0.0833346509 0.0227924970 0.0365263263 0.2194082463 0.1285247670 0.0985662299 0.3362356545 0.6085253408 0.5773428362 0.0368585048 0.0727513223 0.0657229141 0.3820108316 0.3172106628 0.4431322456 0.0576572322 0.0815289390 0.1155342471 0.1433623909 0.1629413672 0.4734061238 0.1513746787 0.1842140312 0.0046006346 0.2806788085 0.1759609750 0.1175865575 0.5044856917 0.7794920278 0.0060764705 0.3725129150 0.0772114994 0.3246681381 0.2191808785 0.5227593216 0.2380968184 0.3229827570 0.2717735518 0.3696627623 0.0665185824 0.1968604969 0.0888105461 0.4138851049 0.2857816484 0.3556313195 0.3124936599 0.4507958893 0.1086326775 0.0383543605 0.2142962846 0.0013795711 0.3203184108 0.8328569247 0.5768397840 0.6355518221 0.1476966449 0.3287198127 0.3486002041 0.2194037482 0.2352484759 0.2265886017 0.4374858186 0.1659267560 0.1639627515 0.1949298243 0.3964345517 0.0473076140 0.5872512849 0.5742417259 0.0422718440 0.1619407214 0.0477063496 0.4261632199 0.2879685837 0.1385674234 0.0694532974 0.6187091760 0.4725913055 0.4588935808 0.1566378141 0.3322042052 0.4296862227 0.5278381425 0.2428430756 0.5727145403 0.0403036858 0.2315191139 0.1873955111 0.1208346021 0.0351091117 0.0938927519 0.1956664926 0.0972793270 0.1507295785 0.3646280051 0.5000000000 0.6218072951 0.3816250948 0.4301693685
 0.2260339224 0.5256800639 0.3790462758 0.7530175543 0.0120914061 0.1812385817 0.1188183268 0.6771916522 0.3319118356 0.1277533239 0.2033957598 0.3564140671 0.0223329653 0.4807919834 0.0765881151 0.3303487834 0.0635611976 0.2004060062 0.1942138398 0.2628642942 0.1959397592 0.3292863452 0.2095592274 0.2805198861 0.1087450367 0.3928333368 0.1051799980 0.1047831334 0.2707268013 0.0044552451 0.0000340275 0.1834523641 0.4936163359 0.0024523390 0.1216854799 0.1349588453 0.6098556492 0.7513226342 0.1614622871 0.7063191719 0.3351896358 0.1519608716 0.3710008291 0.2648896645 0.1044860280 0.1383462509 0.6580682155 0.1764422194 0.0478904116 0.5395858703 0.0290916224 0.1845939406 0.1398787529 0.0648996372 0.2646571291 0.4604934954 0.5186051320 0.2089071067 0.4625162641 0.4885800462 0.2187471132 0.0861269098 0.2453755156 0.2127859102 0.1470699299 0.1812017042 0.0054499663 0.1146416924 0.1285724043 0.2550156976 0.1502779706 0.2682769561 0.5927992642 0.0574143428 0.6983997674 0.1107079007 0.4200636808 0.2971715004 0.0490033630 0.0959297095 0.1022485982 0.0862249969 0.1308757801 0.1885996406 0.4650966087 0.5044721506 0.0271904446 0.0106088492 0.2155564702 0.1137012607 0.1232591998 0.6572089348 0.3834060106 0.4464003935 0.3051473961 0.3806783571 0.3781927049 0.5000000000 0.7557829786 0.9223833130
 0.1624267792 0.0841677286 0.0287068273 0.3789055472 0.6539249859 0.0775041143 0.0758154430 0.0936401806 0.3054723707 0.6327117753 0.3606548981 0.5603006548 0.3139132843 0.3149570446 0.0510676890 0.2494632432 0.1620887329 0.2542904038 0.2575692678 0.4667949520 0.3476124399 0.0266783502 0.5467473806 0.1471999467 0.3224444509 0.1633591994 0.5884136099 0.4593081241 0.0005546709 0.3098657539 0.1973025995 0.1813975660 0.0435837113 0.6204216285 0.4457985507 0.0218749500 0.1693511820 0.4880565383 0.3494823578 0.2685584622 0.0066089977 0.0821520852 0.2510450629 0.0361928985 0.4642589365 0.1932749696 0.0857916516 0.1713755262 0.4049458089 0.1291952794 0.3713979905 0.1806093172 0.6243513669 0.2012125287 0.4245397007 0.5711013903 0.1476532295 0.0725125343 0.2609442033 0.0797637074 0.5233540549 0.0081502196 0.3179584304 0.2958032461 0.2821153908 0.0407232492 0.0329885036 0.4105970149 0.0190739491 0.2919412034 0.2246575756 0.0274600335 0.0236633423 0.4849984226 0.1320695471 0.0836388431 0.2311586495 0.2359044432 0.2553019630 0.7644971051 0.5215219641 0.5173354654 0.0531014253 0.2203965046 0.3544607951 0.0731540610 0.0303185368 0.0464506621 0.3439258686 0.0233969101 0.1161567819 0.0537506748 0.5341836897 0.2565635210 0.0162896202 0.1649315006 0.6183749052 0.2442170214 0.5000000000 0.8271730278
 0.0349206702 0.5377842463 0.2190409137 0.3890586953 0.3524680094 0.0710092865 0.0359214973 0.2945602083 0.1489029209 0.0305529543 0.0392011447 0.0817192283 0.4188763358 0.0255020590 0.8440251845 0.1235600536 0.1863186829 0.3569104797 0.2972878984 0.0892385226 0.0398576995 0.1189909453 0.4211987982 0.0239960035 0.1188891023 0.2272027075 0.7094928048 0.0543769348 0.3418595136 0.3687748512 0.4562733360 0.0609429873 0.4811338682 0.0810021060 0.1906081142 0.2682751185 0.0413160146 0.2595925532 0.1492707236 0.2716686498 0.3439335380 0.0796086256 0.3115797217 0.3978815691 0.1926992058 0.4500637569 0.2219714752 0.1793965332 0.0816803283 0.0113326871 0.2214548237 0.0820055951 0.0525700107 0.0967302636 0.1132868910 0.2073439915 0.0543373306 0.5008417904 0.2394498168 0.0549588506 0.0668600567 0.7988497104 0.2223736984 0.0306943671 0.1406820457 0.2681579432 0.4221299086 0.0135779799 0.2237009867 0.4557286699 0.2693780888 0.2052543573 0.5747073047 0.3961384281 0.2483471788 0.0214324249 0.0256754601 0.1150173422 0.2192863127 0.3690229162 0.2046061588 0.5170175729 0.0134283065 0.1732279683 0.3850186603 0.0660158778 0.5445357695 0.2993958755 0.2403169643 0.1690638138 0.6893653464 0.3214760246 0.0112179697 0.2877349854 0.0204237203 0.2205916756 0.5698306315 0.0776166870 0.1728269722 0.5000000000
]
