n: 100

c:
[
 0.5000000000 0.8087061962 0.7613089543 0.4273837969 0.9600307517 0.7282133524 0.9957645340 0.8630202397 0.7373143281 0.7844355800 0.4519186951 0.8448799569 0.8484613094 0.6361382825 0.8222205451 0.9648758377 0.3881068238 0.8350808739 0.7829080180 0.6620080715 0.4785891525 0.6054617077 0.4582626670 0.9655587035 0.6284399300 0.9532019239 0.5690981019 0.5483480666 0.6408961786 0.6861239818 0.8603091891 0.9987837905 0.8582530916 0.7003620392 0.9057435500 0.6460758627 0.9940922295 0.8609540361 0.9023623878 0.9810061833 0.9637913196 0.9171992063 0.8886073518 0.2645349127 0.6693981525 0.8383809119 0.8285535871 0.9298648872 0.4513250816 0.9115120147 0.8232805129 0.8761674797 0.9818098152 0.8893525608 0.3940841432 0.9956648731 0.7174998117 0.8542944395 0.8043247055 0.6905157376 0.7986176110 0.9897649351 0.5965179876 0.3399479050 0.7667871722 0.5883520688 0.5535828989 0.6893441263 0.8926670021 0.5670284532 0.6315725765 0.6113673838 0.2537372698 0.3651223220 0.9351513983 0.8894905686 0.7882550215 0.8018436605 0.8620386353 0.7374649352 0.4148528221 0.9931807219 0.8982437095 0.9584433086 0.3628339325 0.7327132741 0.9223196727 0.7905238272 0.9462541979 0.8747410816 0.5841350169 0.7563593233 0.6987904599 0.8780259065 0.9856512950 0.8714177738 0.8844852025 0.7984086084 0.3938927801 0.3919118127
 0.1912938038 0.5000000000 0.5002211503 0.5636540057 0.6602295151 0.9256161222 0.9267237533 0.6219302828 0.8644735485 0.9674186937 0.8253900729 0.5751153164 0.6172009420 0.9271478262 0.2885588951 0.7358634084 0.3721044891 0.7997874162 0.5120352410 0.6833193776 0.8089838804 0.9859200159 0.2881072980 0.8381886825 0.5485909387 0.9679424224 0.6474681383 0.9018135382 0.8657069460 0.8979002592 0.9805012599 0.6586569273 0.6348820982 0.5465055203 0.5801227995 0.9922006671 0.4831737586 0.4033303547 0.7709292742 0.6613624513 0.8981699903 0.7940270453 0.9094496139 0.9588979270 0.9042343254 0.5686345950 0.8630142066 0.8096228528 0.9004909935 0.6110710421 0.8899132562 0.8356084366 0.6799011315 0.9575334560 0.4545643010 0.9763282812 0.7019779292 0.5011533698 0.8613740583 0.7930181919 0.7609804033 0.3374167942 0.3960308779 0.5245555770 0.9545652632 0.5503244499 0.5283150824 0.3570022312 0.9621374208 0.9071332699 0.8119728385 0.9140540198 0.9587785115 0.8012452189 0.8660362398 0.5709420884 0.7326411011 0.8288330177 0.8816397990 0.4850016377 0.6938635648 0.8175864578 0.9686595923 0.9188654207 0.4674468540 0.9589129799 0.7894162698 0.3006308407 0.3981753653 0.8009819167 0.9559878532 0.7889951551 0.4600828209 0.7198174596 0.9499727554 0.9381637006 0.8860368061 0.7237605520 0.9752871450 0.9499784764
 0.2386910457 0.4997788497 0.5000000000 0.8953051047 0.9614757907 0.7270897320 0.9835486380 0.5219959469 0.8001113017 0.6978239022 0.7124737902 0.8512066943 0.8761054840 0.7066539582 0.7247429748 0.9700444894 0.8858365934 0.9461952277 0.8088421042 0.8488615049 0.7923991919 0.8602873621 0.7801397805 0.5046107412 0.3900775767 0.3469485364 0.6825588472 0.9621817574 0.7435177072 0.8181940484 0.8902652031 0.8157049562 0.9921954311 0.9047421093 0.5335679989 0.9542708861 0.8607248024 0.6150546818 0.8238486511 0.8861280526 0.9443345351 0.6564338906 0.9905389041 0.9599574786 0.8890267137 0.9624831490 0.3292106663 0.6086075992 0.8454811135 0.4244677184 0.6686885669 0.7328272493 0.9601544629 0.9663197547 0.8801823677 0.7188917124 0.5122190544 0.4866679099 0.7418023341 0.7590838448 0.6722116330 0.7515593688 0.9633650855 0.7341976781 0.8473377547 0.6813662260 0.9393902249 0.9878060004 0.7173637920 0.9828065769 0.8636443747 0.7419288782 0.9977943579 0.8762401049 0.8276637781 0.9160473969 0.7823890258 0.9158056214 0.6840082462 0.9317124895 0.8858265835 0.8412850517 0.9318126721 0.7061331984 0.9093367122 0.8026189220 0.7196204450 0.9700950415 0.6296628319 0.9833782220 0.6330551975 0.8918200170 0.9824968312 0.8270799285 0.9387764999 0.8425890222 0.2710910003 0.6815147179 0.9189234705 0.9505757073
 0.5726162031 0.4363459943 0.1046948953 0.5000000000 0.3487250462 0.8437013059 0.6901272396 0.8826657733 0.6883567591 0.7217732135 0.8679665336 0.7462510004 0.6938604855 0.8926447427 0.5714328218 0.6206241807 0.8729882868 0.5550153180 0.8811224901 0.9009420224 0.9558644432 0.4611321875 0.7989793435 0.4948963039 0.7545985605 0.7975607630 0.8064349193 0.7593568160 0.3365488468 0.4938486627 0.4917110623 0.9717573636 0.9901986714 0.7120195807 0.5422522753 0.9947355595 0.9990804471 0.8764651744 0.8267396164 0.9130875560 0.6492292964 0.8426644462 0.6412472035 0.6716887924 0.8103342840 0.7896849010 0.5623535405 0.3942617364 0.8317154080 0.1651001830 0.8638585207 0.2096507432 0.5917257755 0.7124877321 0.9699941166 0.8795919190 0.9974391751 0.2610047165 0.9161422590 0.6882540737 0.6494058621 0.7378300613 0.8839221576 0.9376847857 0.5360350688 0.3247380994 0.9092832078 0.8698049533 0.7416442626 0.6393630000 0.3684457771 0.6805342526 0.9489234129 0.6089212763 0.9807259047 0.6729765258 0.5727760315 0.7010542811 0.6396572768 0.9952490362 0.4471489763 0.7557998914 0.3178853827 0.7507135771 0.7350891786 0.6385347951 0.8546135204 0.5459113769 0.9245952626 0.8670267830 0.9862283419 0.9210990314 0.6827666293 0.9264611034 0.8074827245 0.6396619057 0.4973341373 0.9889271023 0.7481426108 0.9823927169
 0.0399692483 0.3397704849 0.0385242093 0.6512749538 0.5000000000 0.8862391181 0.6021387425 0.8059088326 0.4642071625 0.9363298368 0.8728427913 0.6511437859 0.9203092963 0.3907168340 0.8432680856 0.5907669888 0.9550177056 0.8700077919 0.7407723141 0.8844784131 0.4903012875 0.8537010083 0.9151440702 0.7519460925 0.6401419398 0.8139159387 0.4544272371 0.9645970257 0.9262688021 0.1826821890 0.8289229141 0.8850415813 0.8337152676 0.8288525933 0.7807177766 0.6736787638 0.4308648076 0.9690690169 0.9336940521 0.6232079132 0.1912539187 0.9317334646 0.8565920762 0.8902799649 0.9373123776 0.9321688562 0.7482488784 0.7746268194 0.7297486790 0.9628778987 0.8092706772 0.8130426297 0.8991682298 0.6622999990 0.7147180838 0.6513428826 0.7292018643 0.1001475390 0.2092400302 0.6143757877 0.9970860148 0.5872604692 0.1724316545 0.8045959783 0.6014132589 0.3286627230 0.8318420002 0.9586911326 0.8300979036 0.9130967705 0.9400483891 0.8057306475 0.7784963303 0.9009016968 0.8592671023 0.8335684007 0.8546111083 0.7518221674 0.8430943481 0.5399244201 0.6406942675 0.8558008957 0.9282126345 0.5708290027 0.7108792284 0.4301895088 0.9660696533 0.8181335164 0.3911944510 0.7326053091 0.7693936724 0.9313006174 0.7834360213 0.7011840284 0.5611248084 0.7371153049 0.3049376362 0.5418214198 0.7597577789 0.7067581940
 0.2717866476 0.0743838778 0.2729102680 0.1562986941 0.1137608819 0.5000000000 0.7224220591 0.9741353030 0.1709319413 0.8612225109 0.9486152220 0.7085665839 0.7538753702 0.6215954720 0.9889636750 0.5957971123 0.8595594033 0.6830353024 0.7284568915 0.9499799253 0.9063478403 0.5231600037 0.5812080317 0.8179965106 0.7834687068 0.8746156580 0.4065665715 0.3993890148 0.9253527724 0.7468014611 0.8151946342 0.7853918413 0.9613464673 0.9103745270 0.7649048789 0.5418776714 0.7123730393 0.7723322632 0.8585389880 0.9164965536 0.4330586946 0.9961700790 0.5456652503 0.4482642760 0.7227474722 0.8724432868 0.6433708257 0.6918000705 0.5374897670 0.4843663924 0.2275941392 0.7868561340 0.5500158905 0.9515085394 0.8863802665 0.9266825802 0.4810043120 0.6728271546 0.8536561661 0.8034813634 0.6782635912 0.7375093633 0.7336346092 0.9683504942 0.6552101391 0.7106027504 0.7805909023 0.4906756963 0.8402831036 0.9695585308 0.5215362258 0.7214747560 0.8582061575 0.8568822335 0.7310904069 0.6907973787 0.5525203917 0.7913688596 0.9021776792 0.8845835710 0.7690087919 0.9615532507 0.6073577790 0.5139759875 0.3713087160 0.9878404929 0.8819199514 0.8002451696 0.9175901979 0.9397078369 0.7543125732 0.4855742454 0.3292961271 0.4320941253 0.3547702911 0.8729122603 0.4365980796 0.8764834280 0.9365271347 0.3700127789
 0.0042354660 0.0732762467 0.0164513620 0.3098727604 0.3978612575 0.2775779409 0.5000000000 0.5704067712 0.8393990320 0.6335831035 0.7955809019 0.8894825462 0.7335657427 0.9830471941 0.4791977893 0.7774651557 0.9247172738 0.4502308803 0.9156599558 0.5088504778 0.8098685430 0.7475289082 0.5209853203 0.5484774135 0.5350836132 0.2765812478 0.8439488125 0.8650250868 0.5816948901 0.7849331761 0.7640369283 0.8572228119 0.6579996801 0.7113887272 0.8354531721 0.7609348301 0.3736976572 0.7915980163 0.0799538259 0.8976070620 0.9335509639 0.3803017117 0.9041077811 0.8780792947 0.9805203748 0.5607821447 0.8524951212 0.9584322499 0.3468606922 0.9930185593 0.9269968149 0.8757827959 0.9781635879 0.9249847457 0.2694986246 0.8019415187 0.6359673388 0.4886490115 0.8119160628 0.9437243075 0.4325094792 0.7746021920 0.7723816345 0.9182928089 0.8618180189 0.7622846652 0.9288621560 0.9543656900 0.9833495097 0.7938548190 0.8092459093 0.7889351743 0.6819693742 0.8016617715 0.7822701835 0.7846356520 0.9291928560 0.8053845202 0.7937017529 0.9005092127 0.9915290626 0.6996702371 0.9427227082 0.8909583323 0.7137764946 0.9576152051 0.6602245493 0.9084276054 0.9904975006 0.6628694684 0.9248847134 0.5382742481 0.8102712079 0.9313068849 0.7534005945 0.4609030763 0.7619774199 0.7982648468 0.4559860009 0.6931449722
 0.1369797603 0.3780697172 0.4780040531 0.1173342267 0.1940911674 0.0258646970 0.4295932288 0.5000000000 0.6403111648 0.6212664075 0.4945176461 0.8658906486 0.9370408398 0.8761934467 0.8623562913 0.9900312803 0.8535180406 0.7390568197 0.2898048871 0.7731085990 0.9424915333 0.7925010386 0.4470969171 0.8316935377 0.6370247794 0.7400880438 0.5747744093 0.7121990198 0.9670036014 0.9854616970 0.9496600370 0.8500050366 0.5548666022 0.9336954953 0.8196291898 0.5805060486 0.9081715246 0.6339423038 0.7365803663 0.9313441952 0.9961164213 0.4039429013 0.8517686005 0.6658098024 0.7410000881 0.9281233781 0.9367278474 0.9588383453 0.8060638164 0.5027159576 0.9564746375 0.9188189449 0.6820783466 0.8748360063 0.9529085521 0.5345857709 0.6649613582 0.9870517190 0.5587819493 0.6716823906 0.8376744229 0.9368468854 0.9250488773 0.9131298143 0.9719623022 0.7520056513 0.6674811026 0.8375672866 0.9444825005 0.5125105008 0.7590175147 0.6120950685 0.5732444731 0.8106711751 0.7557157339 0.8411781737 0.6940461498 0.9991095728 0.8708557676 0.9114420896 0.9816284153 0.9837207764 0.9920519399 0.8359252706 0.9253787666 0.3978017678 0.8816935868 0.6838455439 0.8760843804 0.5865967579 0.6321357322 0.9697394648 0.9373892281 0.6485984582 0.9855459064 0.6140494385 0.9374149519 0.8633607697 0.7392154618 0.9323306605
 0.2626856719 0.1355264515 0.1998886983 0.3116432409 0.5357928375 0.8290680587 0.1606009680 0.3596888352 0.5000000000 0.9537831050 0.7917834375 0.2061672388 0.8758801312 0.8633815416 0.8501988246 0.7966329565 0.8549170902 0.6768502649 0.8744087450 0.7725409792 0.6311438306 0.5491905840 0.9524887987 0.8972937391 0.5349469176 0.6581923322 0.6509729525 0.6196545875 0.7400983488 0.3879862795 0.9734844115 0.7164217307 0.8945234785 0.4050126907 0.9449499827 0.5691814665 0.6814297492 0.8002632222 0.9721740837 0.8779155244 0.8372989440 0.3889688036 0.7824089552 0.9683831736 0.8738137185 0.8319096041 0.6166358858 0.8594974818 0.8757531178 0.6916448122 0.6843119013 0.7756262487 0.8927922489 0.9358918749 0.9723102813 0.5384408350 0.7955550896 0.4231441929 0.6457803373 0.7452713759 0.6590310750 0.7811318962 0.8927898802 0.9383328634 0.7394762121 0.9358551887 0.7362305342 0.8855655527 0.8834982304 0.7854797028 0.9290259057 0.8558627314 0.6123899889 0.7472901039 0.7639259686 0.8517140786 0.9528766812 0.7049822099 0.9854350014 0.9325928525 0.9857765151 0.8573146297 0.6992320270 0.5391101644 0.8983576800 0.9807513813 0.8998868584 0.6614172075 0.5752049514 0.9725495706 0.9584317295 0.6860279328 0.7086705289 0.9081980161 0.7799615330 0.9430780936 0.8023765336 0.6888879861 0.7576951847 0.7682840821
 0.2155644200 0.0325813063 0.3021760978 0.2782267865 0.0636701632 0.1387774891 0.3664168965 0.3787335925 0.0462168950 0.5000000000 0.5913876176 0.9577196659 0.9225896538 0.6741069242 0.4221615780 0.7271878399 0.9512181369 0.6812669484 0.9754931931 0.8771354195 0.6089183004 0.9586819069 0.6516949095 0.7634627747 0.7270533128 0.9347733428 0.5541887002 0.4714332867 0.5459827572 0.8879723853 0.8065256298 0.3541749698 0.4633711295 0.9914957544 0.9777109479 0.8581972661 0.9096893467 0.7106946241 0.8900050643 0.8141225185 0.7446106717 0.7260462767 0.9985822075 0.9606095011 0.4504078740 0.8545628605 0.9726015639 0.8657328832 0.5363309560 0.8704891813 0.7136659772 0.8628387447 0.9018329580 0.7025845630 0.5201148459 0.6890486886 0.4120010408 0.7854917871 0.9518924729 0.7312950133 0.7317917064 0.9459910011 0.5250525868 0.7941059530 0.9222974758 0.9481780129 0.5782868036 0.6281669596 0.9514289646 0.7352854138 0.9294113252 0.9510145019 0.9208243421 0.7134068688 0.1776466306 0.7765021450 0.4048481651 0.7522675155 0.7936049063 0.6129314644 0.5944489723 0.9915121644 0.5402225676 0.8834132288 0.3760417367 0.9331080978 0.8921724800 0.2662548986 0.9284177410 0.8702509087 0.4936784547 0.4677387289 0.6562768143 0.7309061353 0.8273750305 0.9103201744 0.5899949796 0.9908884773 0.1689656196 0.9314910846
 0.5480813049 0.1746099271 0.2875262098 0.1320334664 0.1271572087 0.0513847780 0.2044190981 0.5054823539 0.2082165625 0.4086123824 0.5000000000 0.8760963891 0.9980239595 0.3290348612 0.8025083678 0.7846482290 0.9056657138 0.7197717841 0.7638173223 0.9418834899 0.9146144337 0.6313671706 0.5817705029 0.7270825788 0.9910713503 0.8739130192 0.9594267079 0.7347328580 0.1652920493 0.9216037431 0.9246341838 0.7887828588 0.1001485926 0.9964310062 0.8329793417 0.7724594401 0.4669195647 0.7721151555 0.9580892294 0.8477318414 0.9981947694 0.4490811021 0.6522075443 0.8600612156 0.6207852338 0.5016658174 0.7294487547 0.7827312575 0.5289399442 0.9824688752 0.8743764286 0.8479332042 0.8325549293 0.7492085174 0.9382851649 0.6936128890 0.9637870131 0.5697597276 0.8604825983 0.5991018147 0.8600027478 0.8842368577 0.8514196381 0.8435027096 0.7947187017 0.4314102320 0.7665461268 0.8780118331 0.9455075675 0.7767348560 0.6726671516 0.9980190684 0.7873018927 0.8924042965 0.6058562465 0.4985623948 0.6005223540 0.8704632746 0.7131303675 0.6577419620 0.7816633309 0.7623094637 0.7033115751 0.9444587195 0.5283899729 0.7782176298 0.8434128263 0.5816816907 0.9416768168 0.7034623788 0.7384145899 0.9356510605 0.9945223409 0.9398576218 0.6246520559 0.7871816329 0.6882597296 0.5965690473 0.7769727330 0.8896816212
 0.1551200431 0.4248846836 0.1487933057 0.2537489996 0.3488562141 0.2914334161 0.1105174538 0.1341093514 0.7938327612 0.0422803341 0.1239036109 0.5000000000 0.5115363389 0.8347757841 0.6026227898 0.9121568274 0.9667178564 0.6237729530 0.9089238316 0.6448713420 0.9079540301 0.8415260505 0.4592228974 0.9822074851 0.5788529494 0.8834526346 0.9814869411 0.8661947252 0.1115125604 0.9768187917 0.9685080543 0.7453699759 0.8273066024 0.9381520354 0.8151513631 0.8187849003 0.8441859947 0.8360099639 0.9417117176 0.5896576994 0.9290186973 0.5806261311 0.8455958156 0.2356101970 0.4724897111 0.9523952344 0.5380980037 0.7542529163 0.8874358487 0.8611135625 0.8179959423 0.5264881801 0.9547391020 0.8049299120 0.8333442134 0.2435625328 0.9546603254 0.7152390088 0.6203557708 0.1871885554 0.7634701946 0.6558834501 0.8437503922 0.6539187824 0.7363429296 0.7800100773 0.5061535692 0.9779951140 0.8928176926 0.8072580742 0.7899813593 0.3836932647 0.4985034481 0.8984452498 0.7185211257 0.4671797873 0.8665247433 0.9402186213 0.9098948674 0.7854527887 0.6978862774 0.2930583130 0.8994891115 0.2494049141 0.8338253451 0.8134010794 0.7466192298 0.7491361341 0.7458672940 0.5949241184 0.7987972677 0.7636838755 0.5111635603 0.9815231670 0.9487892936 0.3908619019 0.9074627933 0.4418646478 0.9715024153 0.9991793513
 0.1515386906 0.3827990580 0.1238945160 0.3061395145 0.0796907037 0.2461246298 0.2664342573 0.0629591602 0.1241198688 0.0774103462 0.0019760405 0.4884636611 0.5000000000 0.7516618143 0.5251375941 0.8398985991 0.8652006140 0.7645869246 0.7261750989 0.7090060850 0.8646459011 0.7467810741 0.8039245797 0.8844915111 0.9080151508 0.8893814012 0.9140913306 0.9523043224 0.7309287169 0.9394967060 0.5279463745 0.3397079450 0.5785859096 0.7428755138 0.7220478847 0.7260722721 0.8976841030 0.9089537872 0.8184772192 0.9825511609 0.5272357446 0.7559187906 0.9517596118 0.9809861914 0.9462166313 0.8145533230 0.7143808766 0.8269350283 0.9807811954 0.8130323715 0.4920562295 0.9692820788 0.8089298115 0.6330738316 0.8764714318 0.3730697005 0.8720683702 0.5937538146 0.7631155175 0.8427312069 0.4530959504 0.9106733693 0.8600240597 0.7520112114 0.9174989563 0.8704964378 0.6550574911 0.7651606721 0.2068347129 0.3931225875 0.3961562117 0.7365872375 0.9224091332 0.5813898324 0.9448883340 0.8985623768 0.4730632700 0.5473087790 0.9514774176 0.8306432481 0.5531568411 0.6637994950 0.9680717850 0.4641914638 0.6984268396 0.7777946894 0.9579327297 0.3127270545 0.8049759047 0.9076918967 0.5174775809 0.9190748748 0.7362441938 0.5300308403 0.5919605789 0.7367503032 0.2437160053 0.5963763746 0.7376483696 0.9692492992
 0.3638617175 0.0728521738 0.2933460418 0.1073552573 0.6092831660 0.3784045280 0.0169528059 0.1238065533 0.1366184584 0.3258930758 0.6709651388 0.1652242159 0.2483381857 0.5000000000 0.7975839787 0.8049807370 0.9365523634 0.6811161971 0.9905472557 0.5947061573 0.7762039273 0.5694033076 0.8066794395 0.3824566160 0.7761186603 0.9713536478 0.6214052475 0.5493679829 0.3214344624 0.6966068922 0.5738486839 0.9469710576 0.8125182346 0.6457704335 0.5200901121 0.8971335870 0.6099971074 0.8769524747 0.9554891500 0.6055188571 0.3882256760 0.9916311457 0.9775522895 0.9798179550 0.7391456072 0.8449661956 0.8718177973 0.9003359656 0.9971579563 0.3470171966 0.8967277229 0.9698644889 0.9752500604 0.8138229387 0.9692767385 0.3863867460 0.7827903050 0.7537364499 0.8035248975 0.4265396263 0.8088264874 0.6254119055 0.7608894475 0.9818427226 0.8359945275 0.7997470936 0.7357078657 0.8046785009 0.7814811835 0.7462513417 0.4438822021 0.7569408958 0.6095883825 0.5912660535 0.9371565766 0.9637900638 0.5469964148 0.7157555914 0.8728698254 0.5991692069 0.8788695191 0.9233530983 0.7718420686 0.8776309231 0.9294323148 0.6631938473 0.9089969889 0.9194074431 0.9555930515 0.7145464427 0.8385360527 0.9933173976 0.8749494567 0.8730904317 0.7641349669 0.7100924825 0.9127015274 0.8969934070 0.5838281871 0.7636586630
 0.1777794549 0.7114411049 0.2752570252 0.4285671782 0.1567319144 0.0110363250 0.5208022107 0.1376437087 0.1498011754 0.5778384220 0.1974916322 0.3973772102 0.4748624059 0.2024160213 0.5000000000 0.8627411050 0.6679105797 0.1715766971 0.8143873621 0.9108429104 0.9225660450 0.7680111814 0.9109986969 0.9899573200 0.7322766480 0.9455415335 0.9442309465 0.9881577871 0.8008593254 0.5481626429 0.9624539957 0.8483543549 0.4991320796 0.6586056605 0.5301931561 0.9676721760 0.6282287684 0.8136683511 0.5275165483 0.4749802863 0.8296196802 0.3373965229 0.3854262394 0.4156631586 0.7088700881 0.6228704236 0.7731521493 0.7405882131 0.9402369584 0.9476713188 0.9567017473 0.7875498976 0.8404012677 0.9409941422 0.8959909597 0.8476613451 0.5584644369 0.8855764914 0.9446549832 0.8076956202 0.9356190389 0.7737295139 0.9574041347 0.5238882485 0.7813524917 0.4618708232 0.8473662291 0.7876689517 0.7145801861 0.8933426893 0.3057353482 0.8364071521 0.4224026757 0.5260791826 0.9996824633 0.9692342947 0.6859222238 0.6739995392 0.3004027310 0.4859816128 0.5152714747 0.6733570436 0.8020556089 0.9655584771 0.7275596927 0.6532724241 0.6558286082 0.7924068247 0.9477140048 0.3640939242 0.8132431288 0.9481354368 0.8675989761 0.8279811622 0.9767401162 0.8704927285 0.5233783419 0.7324506931 0.8857782860 0.8689437235
 0.0351241623 0.2641365916 0.0299555106 0.3793758193 0.4092330112 0.4042028877 0.2225348443 0.0099687197 0.2033670435 0.2728121601 0.2153517710 0.0878431726 0.1601014009 0.1950192630 0.1372588950 0.5000000000 0.6479976865 0.6109258063 0.5368257477 0.6513396913 0.5550872857 0.9375528276 0.5463395971 0.9197937406 0.7442136309 0.7727553017 0.2075915815 0.9661165377 0.7794006623 0.8506305538 0.7427565380 0.9063036696 0.8156786942 0.8811007787 0.8678916751 0.6294552790 0.5319611340 0.3615709211 0.9634239736 0.8585297299 0.9896455861 0.9697301194 0.9700541028 0.8299958974 0.7622965147 0.9761609564 0.9255321993 0.8153165995 0.8536380109 0.5971716163 0.8873705536 0.7027380662 0.7388640810 0.8935045033 0.8409015640 0.8368222702 0.4599287463 0.8130602349 0.6096485743 0.8320781046 0.8432161036 0.6331470093 0.7121698525 0.5404953606 0.9566661408 0.7772612784 0.7095569480 0.6997674038 0.9948535998 0.5422888183 0.8017696591 0.9922554285 0.8535888616 0.4199996482 0.9344756740 0.7172394919 0.9663406367 0.4663473881 0.7320914702 0.7685192848 0.8394183054 0.9951728815 0.8103776754 0.6448362068 0.9704645635 0.7934864362 0.9944397720 0.7186730003 0.6746185940 0.7925366969 0.9370599283 0.3617659720 0.4038425027 0.7756666649 0.4583036802 0.6844081093 0.8670267314 0.9575680792 0.6762292945 0.4957759253
 0.6118931762 0.6278955109 0.1141634066 0.1270117132 0.0449822944 0.1404405967 0.0752827262 0.1464819594 0.1450829098 0.0487818631 0.0943342862 0.0332821436 0.1347993860 0.0634476366 0.3320894203 0.3520023135 0.5000000000 0.8156601983 0.8556136752 0.8289420093 0.9434332910 0.7082337646 0.9998337310 0.7783630825 0.5492090449 0.3543468320 0.7881172906 0.9886369000 0.9976537382 0.9425944444 0.8683980012 0.9737659667 0.9686762321 0.6960421996 0.7396441060 0.3982127045 0.9617892804 0.9859061777 0.9830348653 0.8632736105 0.8376765332 0.7319075575 0.9203595957 0.9446125809 0.7627868365 0.7123829669 0.7925063791 0.5579843867 0.9175470228 0.9856062295 0.4415076083 0.8401163752 0.9934585679 0.4372918552 0.9954369218 0.8432849600 0.9207881679 0.8632861516 0.9345253669 0.9350978607 0.7509750249 0.6790860397 0.6651793179 0.8374138699 0.9615400114 0.8753548238 0.8525973359 0.9360118566 0.8971688995 0.9698011911 0.9353845723 0.9777076379 0.8851350121 0.9336413530 0.9632458841 0.7181167532 0.8979396488 0.1953187029 0.8260217265 0.9017989572 0.9557113541 0.7946032158 0.5833728717 0.9940041259 0.6646638721 0.8426442374 0.4582858324 0.9518855527 0.9929840526 0.8725188961 0.7113113782 0.9121046376 0.7718740702 0.8164158472 0.9863624119 0.7221957420 0.9862214156 0.9747439913 0.8241079549 0.9679363329
 0.1649191261 0.2002125838 0.0538047723 0.4449846820 0.1299922081 0.3169646976 0.5497691197 0.2609431803 0.3231497351 0.3187330516 0.2802282159 0.3762270470 0.2354130754 0.3188838029 0.8284233029 0.3890741937 0.1843398017 0.5000000000 0.6809868219 0.9197644347 0.9829974808 0.7076768041 0.9102966145 0.6150726713 0.4756911259 0.4588986782 0.3559677796 0.7844381008 0.6193680456 0.9692977361 0.7567011976 0.8377478193 0.7961343273 0.8623918820 0.1972932698 0.8905409418 0.9583452643 0.7382879070 0.6158090062 0.9876036915 0.3312659827 0.6655947747 0.6840556764 0.9866759558 0.6408344800 0.6577954748 0.8122620833 0.7040389983 0.7202458916 0.9743441939 0.7740622786 0.5029476473 0.5709405090 0.7103540534 0.6236372295 0.6746776324 0.9747863257 0.7356722199 0.9465812633 0.6511883159 0.7129037352 0.7372053099 0.8457046303 0.7948726160 0.9357907221 0.9959204567 0.9075998973 0.8139130430 0.8734311534 0.5651241245 0.6546503351 0.7995302578 0.8443789637 0.8369959323 0.9043195515 0.7320452503 0.9475321220 0.9143072690 0.9501199366 0.9448700862 0.7056757706 0.5311731695 0.8930771651 0.9119046371 0.4256125500 0.6957519950 0.7215658997 0.6565459987 0.9881340477 0.8846344521 0.5914997391 0.3883850673 0.3344997242 0.5005481419 0.4058424912 0.4408470931 0.6863474272 0.7851457352 0.8253998788 0.9497732986
 0.2170919820 0.4879647590 0.1911578958 0.1188775099 0.2592276859 0.2715431085 0.0843400442 0.7101951129 0.1255912550 0.0245068069 0.2361826777 0.0910761684 0.2738249011 0.0094527443 0.1856126379 0.4631742523 0.1443863248 0.3190131781 0.5000000000 0.6815032758 0.5749593687 0.9462838394 0.7333565347 0.7375144618 0.9089912342 0.5947280914 0.6121198694 0.5410761938 0.9601032251 0.9063256412 0.9774325199 0.7271537422 0.7781969956 0.7963116212 0.7888484373 0.7357182275 0.9369473695 0.6948816266 0.9157417659 0.9054348190 0.8063379848 0.9872221968 0.7342560430 0.8804523916 0.7527688485 0.9896725311 0.8978749920 0.7834161267 0.6093593625 0.8093132160 0.7161619931 0.6546577287 0.3078985995 0.5541697591 0.7070804606 0.7775033074 0.3353427335 0.8399608323 0.6090406576 0.8032004335 0.9196772834 0.6579689889 0.7573582777 0.9877751406 0.9606038350 0.8412301008 0.6568318042 0.4226845364 0.8070825306 0.7229418844 0.3092513762 0.8302899512 0.7995272083 0.7754115849 0.6559005396 0.9388348105 0.8022857259 0.7075079432 0.8353364232 0.3352046471 0.7927760082 0.9352896833 0.6518235839 0.8542827362 0.8289605796 0.7737870153 0.9597863391 0.9320742064 0.6135449232 0.6478743033 0.7975197375 0.6727528945 0.6461269880 0.6979796595 0.8490350898 0.9255242655 0.4508045357 0.7801615064 0.4673919044 0.6525595993
 0.3379919285 0.3166806224 0.1511384951 0.0990579776 0.1155215869 0.0500200747 0.4911495222 0.2268914010 0.2274590208 0.1228645805 0.0581165101 0.3551286580 0.2909939150 0.4052938427 0.0891570896 0.3486603087 0.1710579907 0.0802355653 0.3184967242 0.5000000000 0.7921715606 0.9407416866 0.7469650763 0.6380401014 0.6183688038 0.9337233681 0.3454552430 0.9549115745 0.8058770344 0.7776216200 0.9328023608 0.8170822707 0.7208825039 0.8563990385 0.7113976393 0.8187076742 0.9011822878 0.8738437975 0.8555271783 0.9866123312 0.8753095534 0.8991471880 0.6387022071 0.9854541988 0.8982568274 0.9021810968 0.4015258307 0.5801613647 0.8506947351 0.7635530461 0.9863535978 0.5774452708 0.9800605944 0.5097776270 0.9848850472 0.6854205550 0.7363795935 0.8620710239 0.6800768036 0.6201510913 0.9549252203 0.6617008918 0.7327494184 0.8159170735 0.6683076230 0.7721007377 0.9404616058 0.5623143583 0.8187822712 0.8815715762 0.8497155030 0.8941688146 0.9290021024 0.5875405648 0.4737247008 0.7975664619 0.9060293310 0.9445000082 0.4439000408 0.4787195176 0.9882908223 0.9587099367 0.5102729843 0.8231310960 0.8476379592 0.8730267863 0.6543152051 0.8715080061 0.8010416160 0.5830410869 0.8023609523 0.6473459186 0.9069528706 0.6282213428 0.7046606601 0.9051431569 0.8250843157 0.8058733252 0.6951825623 0.6694083870
 0.5214108475 0.1910161196 0.2076008081 0.0441355568 0.5096987125 0.0936521597 0.1901314570 0.0575084667 0.3688561694 0.3910816996 0.0853855663 0.0920459699 0.1353540989 0.2237960727 0.0774339550 0.4449127143 0.0565667090 0.0170025192 0.4250406313 0.2078284394 0.5000000000 0.9144452665 0.8625226697 0.9556944065 0.5704297432 0.8962528678 0.9347079307 0.9290890582 0.9530186737 0.9432167156 0.7422023487 0.7915934341 0.9641195762 0.8977427432 0.8893016066 0.9278900934 0.8940931205 0.9363672012 0.8542379538 0.6509033215 0.9677606659 0.9359286336 0.5865206413 0.8341482688 0.9210997859 0.8774634263 0.6884268099 0.6675913004 0.5813970628 0.6336823014 0.8374690404 0.7548366177 0.8291257638 0.7160483095 0.4125520434 0.9205911316 0.7362932790 0.6251390802 0.9547139452 0.9832304207 0.7931011488 0.7726545340 0.5898001197 0.9691598374 0.4825358005 0.9992956164 0.8391793668 0.1924657455 0.5235983938 0.8289091004 0.9150334797 0.9746795601 0.8459860042 0.9427597160 0.8952611664 0.8283968023 0.4701770248 0.6414833431 0.7739094109 0.8612458803 0.9080240122 0.8900612265 0.4283538092 0.9298751931 0.9555216395 0.6766616229 0.4971842059 0.9824885674 0.4020972190 0.9655761155 0.7392587732 0.9293692031 0.9728302962 0.9584304132 0.9362981261 0.9894727566 0.7655396884 0.7393713021 0.9373309566 0.0814233712
 0.3945382923 0.0140799841 0.1397126379 0.5388678125 0.1462989917 0.4768399963 0.2524710918 0.2074989614 0.4508094160 0.0413180931 0.3686328294 0.1584739495 0.2532189259 0.4305966924 0.2319888186 0.0624471724 0.2917662354 0.2923231959 0.0537161606 0.0592583134 0.0855547335 0.5000000000 0.1517651165 0.8266394085 0.8989679048 0.9333146463 0.5633347322 0.5321753387 0.9787321435 0.8927893371 0.3530934025 0.9635102492 0.7658531938 0.8803291274 0.9898755547 0.8478336888 0.9182521072 0.8124448624 0.9171318785 0.4385416875 0.9862043500 0.9014282676 0.5469595522 0.8497148917 0.9669478292 0.4841251436 0.7637855517 0.3906082631 0.9563135575 0.6716234899 0.8727922590 0.7176746610 0.7556126963 0.5607109833 0.9191846986 0.9881728733 0.6362515618 0.7175384490 0.9011764631 0.9618000650 0.9254170695 0.6671336074 0.8586850484 0.9784426254 0.8748498220 0.2457569459 0.7574513077 0.8982089747 0.5478547020 0.9817582449 0.6041552072 0.5459523143 0.7627914551 0.8487008189 0.7266222841 0.7236959535 0.5691016355 0.9961414020 0.6727628064 0.9326691645 0.4763523500 0.7299161047 0.5500804974 0.8499046128 0.8025235343 0.9926310183 0.2540529979 0.8116521838 0.8347900241 0.8837445762 0.8142574004 0.8932707765 0.8106608125 0.9295411876 0.5612237386 0.2119065990 0.7391516892 0.9278211413 0.9660760194 0.3952990271
 0.5417373330 0.7118927020 0.2198602195 0.2010206565 0.0848559298 0.4187919683 0.4790146797 0.5529030829 0.0475112013 0.3483050905 0.4182294971 0.5407771026 0.1960754203 0.1933205605 0.0890013031 0.4536604029 0.0001662690 0.0897033855 0.2666434653 0.2530349237 0.1374773303 0.8482348835 0.5000000000 0.9800401688 0.4835104930 0.6659174187 0.9465153114 0.4239196994 0.2821692583 0.9132238526 0.6974299398 0.9608564655 0.5761038612 0.9794721292 0.7469423482 0.5951900378 0.8016461915 0.7963316845 0.7850732523 0.5457768024 0.8313644903 0.6638237297 0.7869803599 0.8213578625 0.6087795510 0.8995058058 0.3636373031 0.9187856853 0.9661841552 0.3208499438 0.6988639990 0.9782443553 0.9001610099 0.9570745878 0.7566443011 0.8809133929 0.9950184829 0.5721341819 0.8050094384 0.3417430056 0.8505306014 0.9652826573 0.3589485069 0.9479267834 0.9078346025 0.6322554932 0.5207796086 0.7307268820 0.5873847270 0.7933892364 0.9565362711 0.5152184845 0.8664948278 0.9694987436 0.7606892773 0.7196927774 0.3170797398 0.9414473413 0.7846371550 0.8251791324 0.5622317476 0.9986988909 0.8110376322 0.8897699973 0.4598006758 0.6672175940 0.6540086817 0.9906193028 0.8635286198 0.9747366943 0.9173139337 0.3079685373 0.6041922936 0.9195528499 0.8038171419 0.7893345772 0.4852628013 0.8303788144 0.6081837448 0.4053759606
 0.0344412965 0.1618113175 0.4953892588 0.5051036961 0.2480539075 0.1820034894 0.4515225865 0.1683064623 0.1027062609 0.2365372253 0.2729174212 0.0177925149 0.1155084889 0.6175433840 0.0100426800 0.0802062594 0.2216369175 0.3849273287 0.2624855382 0.3619598986 0.0443055935 0.1733605915 0.0199598312 0.5000000000 0.6257606885 0.9289534390 0.8807812066 0.7704625218 0.9249814524 0.7085460914 0.6283982615 0.9619845886 0.8026006002 0.7805582799 0.8269744914 0.4273688346 0.5610224900 0.8500501385 0.9710001606 0.8913348162 0.9965294977 0.7599464684 0.7625981493 0.9105927634 0.7755073803 0.9742214134 0.1898435731 0.8894625314 0.8569250150 0.7738340626 0.6917884314 0.9506458941 0.5573261925 0.8584421353 0.6897590982 0.6963760697 0.9500954411 0.4130716707 0.7113463195 0.9776367684 0.7433881391 0.7698359636 0.5407008772 0.6142433358 0.4124966126 0.8203697863 0.8098953516 0.8215201792 0.9735676813 0.2302658179 0.7068730834 0.8954390573 0.2023616436 0.9502822684 0.5743793167 0.9804236283 0.6170876513 0.9682202008 0.9325850917 0.2935288815 0.8240440676 0.2840086851 0.3828539684 0.3319366908 0.9360071437 0.2417807454 0.1756286045 0.8978585440 0.6532426006 0.7618301642 0.9928194543 0.7516330753 0.9715217285 0.9007367214 0.4100650161 0.6524225687 0.9754721469 0.9746134150 0.8872296854 0.4919226783
 0.3715600700 0.4514090613 0.6099224233 0.2454014395 0.3598580602 0.2165312932 0.4649163868 0.3629752206 0.4650530824 0.2729466872 0.0089286497 0.4211470506 0.0919848492 0.2238813397 0.2677233520 0.2557863691 0.4507909551 0.5243088741 0.0910087658 0.3816311962 0.4295702568 0.1010320952 0.5164895070 0.3742393115 0.5000000000 0.9293609039 0.8926720498 0.8742811638 0.5632143574 0.8816898803 0.5319303223 0.3332198140 0.7057774941 0.6391526970 0.5684891279 0.7678127624 0.2369234513 0.9337955058 0.9143613613 0.5068737887 0.8178317073 0.7908944313 0.9302523770 0.9457975419 0.5708005418 0.8489020033 0.9175341267 0.9444058874 0.9714664011 0.8249024640 0.8517240289 0.8093723077 0.8931662844 0.8341462163 0.8594496026 0.3173500883 0.7163647889 0.9633142591 0.6279517642 0.9503171577 0.8674962177 0.7893561288 0.9959060045 0.6089382582 0.8415447904 0.1459863789 0.9760294477 0.9671066553 0.7419713074 0.5716122199 0.8147265397 0.2186894425 0.6377531962 0.7220313747 0.6485623196 0.8457545250 0.7821688027 0.7415982752 0.6717120599 0.7340066747 0.8641174296 0.8787785327 0.5583490232 0.5582032382 0.9112372981 0.9031885250 0.9393950462 0.8758570823 0.8322421993 0.4667988417 0.7908246784 0.6469358123 0.9906914180 0.9547988474 0.5580579458 0.9406862396 0.8013394822 0.5373663635 0.7396165561 0.9962402786
 0.0467980761 0.0320575776 0.6530514636 0.2024392370 0.1860840613 0.1253843420 0.7234187522 0.2599119562 0.3418076678 0.0652266572 0.1260869808 0.1165473654 0.1106185988 0.0286463522 0.0544584665 0.2272446983 0.6456531680 0.5411013218 0.4052719086 0.0662766319 0.1037471322 0.0666853537 0.3340825813 0.0710465610 0.0706390961 0.5000000000 0.6315272554 0.8262918490 0.9349943623 0.5381189686 0.7798326326 0.7017301907 0.7658454669 0.9700530474 0.5491721649 0.9268722280 0.8684046261 0.9345968960 0.9714702009 0.6281167084 0.9149992597 0.9608306253 0.7047988640 0.5153619992 0.2913084763 0.5885401717 0.1762897828 0.4785387905 0.6890261046 0.5879219809 0.5592346836 0.9059555666 0.8201904517 0.5948982811 0.4874833113 0.8926323312 0.7771707381 0.9888439219 0.8901786521 0.8869405291 0.5305721222 0.9837082745 0.7347009289 0.7738475856 0.9658166508 0.9970948752 0.7344530280 0.7925500434 0.5757529025 0.6458334071 0.9700889148 0.7753492636 0.9846018553 0.5577036637 0.3934233032 0.9264762681 0.5483817136 0.8608773964 0.6583900241 0.8454997900 0.5228262452 0.9155741146 0.9752685447 0.9004652381 0.9085148791 0.7622147887 0.8137042945 0.8728641612 0.9099064752 0.6097338552 0.7283144149 0.7544225987 0.4738094042 0.9504922182 0.8090702209 0.7966404421 0.7898976009 0.7520320439 0.3897389843 0.8951170869
 0.4309018981 0.3525318617 0.3174411528 0.1935650807 0.5455727629 0.5934334285 0.1560511875 0.4252255907 0.3490270475 0.4458112998 0.0405732921 0.0185130589 0.0859086694 0.3785947525 0.0557690535 0.7924084185 0.2118827094 0.6440322204 0.3878801306 0.6545447570 0.0652920693 0.4366652678 0.0534846886 0.1192187934 0.1073279502 0.3684727446 0.5000000000 0.8646231699 0.5751213605 0.7395898434 0.8152874812 0.4210566951 0.8498988663 0.8225550704 0.7493095599 0.9855926043 0.7275675926 0.8296348898 0.7319247646 0.7725775431 0.5261317812 0.6073339679 0.4574025873 0.9265145473 0.9212316643 0.9858588280 0.7191182791 0.9908021911 0.5578146263 0.4501737986 0.9310592916 0.6421676208 0.8181764965 0.4727645873 0.7659999299 0.9292593767 0.8069068160 0.8116909913 0.5619275384 0.6389910781 0.9383441805 0.9146319399 0.5514109779 0.7656878159 0.6904914757 0.7835251319 0.9350475061 0.6919544330 0.8014180437 0.6259761394 0.8617488643 0.9614554296 0.9243106104 0.9117993462 0.8112059779 0.8517104795 0.6950947664 0.9482200463 0.9562693158 0.5723255032 0.8998379952 0.6368382813 0.5820183022 0.9327237588 0.5341785385 0.9028963812 0.8673705509 0.9086771844 0.8871738489 0.5500142016 0.4370373106 0.9938591247 0.5733222781 0.4550270350 0.7279032636 0.4646240934 0.9543199542 0.4315462523 0.8566339371 0.7775792051
 0.4516519334 0.0981864618 0.0378182426 0.2406431840 0.0354029743 0.6006109852 0.1349749132 0.2878009802 0.3803454125 0.5285667133 0.2652671420 0.1338052748 0.0476956776 0.4506320171 0.0118422129 0.0338834623 0.0113631000 0.2155618992 0.4589238062 0.0450884255 0.0709109418 0.4678246613 0.5760803006 0.2295374782 0.1257188362 0.1737081510 0.1353768301 0.5000000000 0.4899550792 0.8871719327 0.3650407730 0.6706808078 0.8606341313 0.9051787592 0.7725300908 0.5565299407 0.9732795201 0.5600052931 0.4636489190 0.6910247172 0.8262335041 0.7273634839 0.9562378841 0.9513873479 0.5678719167 0.6719238868 0.8522084105 0.8934504861 0.6531149138 0.9039056086 0.7862931679 0.9019105695 0.5159828850 0.9510939528 0.5865422086 0.3880692223 0.7385180797 0.8762748506 0.6340572904 0.7968273189 0.9851821587 0.8190496250 0.7591736375 0.9367738524 0.6306287069 0.9764494702 0.9736760196 0.9609073773 0.8088690434 0.6416688132 0.7276155458 0.8150994924 0.7435553889 0.6915444423 0.4959572512 0.5339325003 0.7758958083 0.6211321550 0.7395386125 0.9674895522 0.7170171357 0.8012672240 0.4630797758 0.6882947408 0.6939073784 0.9897446197 0.8659578249 0.9630907067 0.9919407972 0.5224333726 0.9794282406 0.5117780179 0.9802537682 0.3982069268 0.8091434271 0.6289659971 0.9452500635 0.5865513804 0.6655142429 0.9136166536
 0.3591038214 0.1342930540 0.2564822928 0.6634511532 0.0737311979 0.0746472276 0.4183051099 0.0329963986 0.2599016512 0.4540172428 0.8347079507 0.8884874396 0.2690712831 0.6785655376 0.1991406746 0.2205993377 0.0023462618 0.3806319544 0.0398967749 0.1941229656 0.0469813263 0.0212678565 0.7178307417 0.0750185476 0.4367856426 0.0650056377 0.4248786395 0.5100449208 0.5000000000 0.7480588065 0.7090435953 0.4834062295 0.6248964840 0.9801760194 0.7286732524 0.7389709054 0.4306038348 0.5251704905 0.7591187236 0.8445864204 0.4587780066 0.6527576982 0.9219778201 0.4516179086 0.9443331464 0.9457512146 0.6512477144 0.6520412301 0.6516139098 0.7392677270 0.9532280287 0.8599170165 0.3574691149 0.9676564038 0.9119790421 0.8270844657 0.6336939799 0.7038000689 0.9005545081 0.9231314723 0.8395153870 0.8827973500 0.4901331634 0.8775359313 0.6541696446 0.8612547516 0.9524369303 0.9704083211 0.6287708523 0.8788124705 0.7326682961 0.5480530673 0.9065592404 0.8047221455 0.6956396132 0.6213613142 0.8927889129 0.7127536638 0.9908120197 0.4656697195 0.9958965666 0.9255150516 0.9846630967 0.8985585875 0.8424675379 0.9678852066 0.4707566651 0.8387370835 0.4234408540 0.9990584997 0.9048103065 0.8000167024 0.4660171986 0.8483161687 0.9560085224 0.8333942213 0.5618268555 0.8644244538 0.9166731031 0.5201411074
 0.3138760182 0.1020997408 0.1818059516 0.5061513373 0.8173178110 0.2531985389 0.2150668239 0.0145383030 0.6120137205 0.1120276147 0.0783962569 0.0231812083 0.0605032940 0.3033931078 0.4518373571 0.1493694462 0.0574055556 0.0307022639 0.0936743588 0.2223783800 0.0567832844 0.1072106629 0.0867761474 0.2914539086 0.1183101197 0.4618810314 0.2604101566 0.1128280673 0.2519411935 0.5000000000 0.3791707066 0.6669544219 0.6487162403 0.4195500088 0.8756224183 0.9164405163 0.7176658230 0.7003005416 0.8232110745 0.8965718782 0.9459465990 0.6092484702 0.4328075882 0.7656531303 0.7845811692 0.8262600980 0.9131446972 0.8552078487 0.3621716455 0.4633376591 0.7808673474 0.9672832004 0.9972115827 0.8916389041 0.9439755170 0.9981060087 0.9821731312 0.7221513581 0.9404504158 0.8355495340 0.4563034680 0.7993311212 0.5726987132 0.4182483170 0.7322508778 0.9315771745 0.4140246113 0.6201973330 0.5259271985 0.9935660709 0.9435834943 0.4840182049 0.6218360503 0.7901726478 0.9764180498 0.5455401173 0.9889440419 0.8476504048 0.7385998341 0.9663041988 0.9547680727 0.9517371318 0.9866405114 0.3938417032 0.8726967623 0.7356401927 0.9261063706 0.9464962796 0.7531716683 0.7944042500 0.6902287841 0.8457538014 0.4666225833 0.7724343419 0.6097159802 0.7849588265 0.7743608505 0.9695749411 0.9874440818 0.9039366285
 0.1396908109 0.0194987401 0.1097347969 0.5082889377 0.1710770859 0.1848053658 0.2359630717 0.0503399630 0.0265155885 0.1934743702 0.0753658162 0.0314919457 0.4720536255 0.4261513161 0.0375460043 0.2572434620 0.1316019988 0.2432988024 0.0225674801 0.0671976392 0.2577976513 0.6469065975 0.3025700602 0.3716017385 0.4680696777 0.2201673674 0.1847125188 0.6349592270 0.2909564047 0.6208292934 0.5000000000 0.7445785578 0.1482732370 0.9532253955 0.9362465957 0.9208120098 0.9750569140 0.8973713118 0.9026649467 0.3140983698 0.5356901998 0.9909889735 0.6090850960 0.8365934573 0.1908599439 0.9227743574 0.8481078504 0.9853849334 0.8608037804 0.8694887568 0.9164571591 0.7834255754 0.7662313962 0.9161825501 0.9414255967 0.4512621016 0.8537694539 0.8134552178 0.2674362643 0.5773610890 0.8938956627 0.6587961862 0.6650169918 0.1420558798 0.5756562212 0.5704070631 0.8614662955 0.8272051997 0.7044677931 0.8640214432 0.9069039660 0.3496588847 0.5533092001 0.8500834930 0.7932688938 0.6745360746 0.9654947241 0.9196115755 0.7984220814 0.7013621198 0.6772133043 0.6986851002 0.6914145146 0.9326678402 0.7959076733 0.9093384647 0.7496877189 0.6526482100 0.8519668832 0.4420600819 0.7490450532 0.9066316693 0.6248032578 0.9530811048 0.9379542132 0.7056277539 0.7758022173 0.4965234210 0.8365397623 0.7968786216
 0.0012162095 0.3413430727 0.1842950438 0.0282426364 0.1149584187 0.2146081587 0.1427771881 0.1499949634 0.2835782693 0.6458250302 0.2112171412 0.2546300241 0.6602920550 0.0530289424 0.1516456451 0.0936963304 0.0262340333 0.1622521807 0.2728462578 0.1829177293 0.2084065659 0.0364897508 0.0391435345 0.0380154114 0.6667801860 0.2982698093 0.5789433049 0.3293191922 0.5165937705 0.3330455781 0.2554214422 0.5000000000 0.8784800455 0.9915639267 0.8681679445 0.8771437092 0.7547415332 0.7435660642 0.9338811661 0.6145762227 0.5593220815 0.6127583981 0.5717436238 0.9759022641 0.9702058697 0.8954312707 0.3331643262 0.8882065720 0.6661606317 0.4390324990 0.7560714143 0.7603172211 0.8481909845 0.9712181542 0.7296720861 0.3682687960 0.6151963199 0.8485198074 0.7327595449 0.7651298075 0.7925098254 0.8532675526 0.9749740122 0.5483854162 0.5981253745 0.9883072806 0.8458401674 0.8025353453 0.4284254625 0.6529709165 0.7617133323 0.4894209234 0.8871246155 0.7112663089 0.7072921439 0.9339672240 0.5798033715 0.9583856580 0.4808115900 0.8872907382 0.8396251315 0.3693215862 0.9414505702 0.5276696732 0.9512782296 0.4270792972 0.7772716417 0.6506010031 0.9539699403 0.5778380848 0.7662154953 0.4480782689 0.8207158279 0.6962605013 0.7759337054 0.9292449510 0.9085102304 0.9686493277 0.5033585886 0.4127185204
 0.1417469084 0.3651179018 0.0078045689 0.0098013286 0.1662847324 0.0386535327 0.3420003199 0.4451333978 0.1054765215 0.5366288705 0.8998514074 0.1726933976 0.4214140904 0.1874817654 0.5008679204 0.1843213058 0.0313237679 0.2038656727 0.2218030044 0.2791174961 0.0358804238 0.2341468062 0.4238961388 0.1973993998 0.2942225059 0.2341545331 0.1501011337 0.1393658687 0.3751035160 0.3512837597 0.8517267630 0.1215199545 0.5000000000 0.7995411270 0.4661043490 0.9225733672 0.5540110591 0.4670962722 0.3202377521 0.8649289311 0.6493078071 0.8398618684 0.8882548019 0.7642850021 0.7082146326 0.8103737221 0.6229329576 0.7787925473 0.8468223274 0.9886295629 0.8151206430 0.8162681548 0.5214754424 0.8896368114 0.8784511569 0.6984246734 0.9978601368 0.8717481457 0.5380544112 0.8437295301 0.9379179560 0.9444794766 0.9823872118 0.9330030997 0.7092936440 0.9548046755 0.2364375472 0.8306465862 0.4212501708 0.7327905510 0.8077186358 0.6817677405 0.8718432258 0.8741921228 0.6963650503 0.9978799778 0.8835750396 0.7992198836 0.1364182091 0.9269952368 0.8733844952 0.9953573665 0.8988885087 0.5466087728 0.6176963334 0.9848476055 0.9366348725 0.6574035563 0.4400456342 0.5520308536 0.8501066097 0.5444315810 0.8922254684 0.9598981281 0.4814962594 0.9593636732 0.8261319049 0.5211882926 0.8616811899 0.6378598278
 0.2996379608 0.4534944797 0.0952578907 0.2879804193 0.1711474067 0.0896254730 0.2886112728 0.0663045047 0.5949873093 0.0085042456 0.0035689938 0.0618479646 0.2571244862 0.3542295665 0.3413943395 0.1188992213 0.3039578004 0.1376081180 0.2036883788 0.1436009615 0.1022572568 0.1196708726 0.0205278708 0.2194417201 0.3608473030 0.0299469526 0.1774449296 0.0948212408 0.0198239806 0.5804499912 0.0467746045 0.0084360733 0.2004588730 0.5000000000 0.9303457441 0.9871469118 0.7409809261 0.1504080664 0.5610384024 0.3045903264 0.6380495396 0.9879217349 0.7765087538 0.9066322779 0.6184596855 0.8809532377 0.6110435110 0.3111584731 0.8883348417 0.8006891728 0.4340126824 0.7806709061 0.9285134037 0.9387902697 0.6029425612 0.9798704299 0.8216782465 0.9937024691 0.4670129516 0.9440189956 0.7290615133 0.8647919572 0.7396178929 0.6349608941 0.6940593034 0.8818758079 0.9204580934 0.7845385177 0.7169221370 0.7150946102 0.5904797633 0.7005278654 0.6053504796 0.4254259165 0.5659249022 0.3982067080 0.8376416802 0.9907719392 0.7896058875 0.2762452278 0.9725295593 0.6341116434 0.6833046849 0.6461585512 0.4034990151 0.9596718474 0.7712097088 0.7812612291 0.6315350466 0.9381974786 0.8522715428 0.7936803822 0.9345941034 0.9335272729 0.8628407724 0.4432608232 0.7961657144 0.8299868008 0.5195133966 0.9191417007
 0.0942564500 0.4198772005 0.4664320011 0.4577477247 0.2192822234 0.2350951211 0.1645468279 0.1803708102 0.0550500173 0.0222890521 0.1670206583 0.1848486369 0.2779521153 0.4799098879 0.4698068439 0.1321083249 0.2603558940 0.8027067302 0.2111515627 0.2886023607 0.1106983934 0.0101244453 0.2530576518 0.1730255086 0.4315108721 0.4508278351 0.2506904401 0.2274699092 0.2713267476 0.1243775817 0.0637534043 0.1318320555 0.5338956510 0.0696542559 0.5000000000 0.8345301155 0.9931074453 0.8622160374 0.7087529947 0.9028124970 0.8045188759 0.3740997127 0.8285759365 0.9986678630 0.9964261163 0.6182326665 0.9786000784 0.8769775599 0.7670152486 0.6699783764 0.9614401082 0.3462985983 0.4630805283 0.6288742707 0.8627101725 0.8906806679 0.9805626173 0.8115781739 0.7212602057 0.9992814917 0.8929532645 0.7965011830 0.8280551657 0.8673269638 0.7758151545 0.9058309605 0.9769315283 0.9787276346 0.6628133288 0.8808083981 0.5664098177 0.9140542439 0.3251068815 0.7907671793 0.5545186514 0.7394731626 0.6634286073 0.9357207530 0.9584795931 0.7155513022 0.5980182732 0.4457489870 0.9558110800 0.9296275846 0.7470410125 0.4872733571 0.7750278313 0.8952745914 0.7622913438 0.9016935823 0.5987543862 0.5863987287 0.6339242979 0.6577516696 0.8405238017 0.9939530131 0.9366035371 0.9681467617 0.9290924577 0.6087059816
 0.3539241373 0.0077993329 0.0457291139 0.0052644405 0.3263212362 0.4581223286 0.2390651699 0.4194939514 0.4308185335 0.1418027339 0.2275405599 0.1812150997 0.2739277279 0.1028664130 0.0323278240 0.3705447210 0.6017872955 0.1094590582 0.2642817725 0.1812923258 0.0721099066 0.1521663112 0.4048099622 0.5726311654 0.2321872376 0.0731277720 0.0144073957 0.4434700593 0.2610290946 0.0835594837 0.0791879902 0.1228562908 0.0774266328 0.0128530882 0.1654698845 0.5000000000 0.9448870773 0.9700503103 0.4097217836 0.6027246877 0.5025750236 0.7304820584 0.8486480739 0.6229241031 0.5656079788 0.8196400702 0.4752740219 0.8883036128 0.9138554295 0.5474209811 0.8352473229 0.8898000298 0.8666869333 0.8697701858 0.3370617209 0.8868642868 0.9956022597 0.6908577169 0.6635776544 0.3889610032 0.7495001969 0.9361915299 0.6975754922 0.5652329434 0.5276236170 0.9460146225 0.6403012135 0.7847520760 0.8309041699 0.5020612051 0.8349339954 0.8584278074 0.8307108014 0.7221031583 0.9765417402 0.6454976198 0.7643325091 0.3882623338 0.9024359684 0.8732307085 0.6758791324 0.5788741352 0.7041639488 0.9784287472 0.8268997739 0.7376726655 0.5473559938 0.5562561698 0.7406589266 0.9923903956 0.5988694965 0.9547691106 0.8309501229 0.7467375513 0.8628923655 0.7892214558 0.8579074628 0.1302845732 0.9593332019 0.9125184800
 0.0059077705 0.5168262414 0.1392751976 0.0009195529 0.5691351924 0.2876269607 0.6263023428 0.0918284754 0.3185702508 0.0903106533 0.5330804353 0.1558140053 0.1023158970 0.3900028926 0.3717712316 0.4680388660 0.0382107196 0.0416547357 0.0630526305 0.0988177122 0.1059068795 0.0817478928 0.1983538085 0.4389775100 0.7630765487 0.1315953739 0.2724324074 0.0267204799 0.5693961652 0.2823341770 0.0249430860 0.2452584668 0.4459889409 0.2590190739 0.0068925547 0.0551129227 0.5000000000 0.5958421837 0.9255887506 0.8311212507 0.8848093128 0.8287671305 0.6265586211 0.6037255098 0.3901420843 0.8970394122 0.9515499530 0.6552299665 0.9205295716 0.6330352481 0.6252626153 0.8882881091 0.5550032369 0.7792715629 0.5509114562 0.8031035031 0.6856608159 0.7111808772 0.2073769337 0.6803679618 0.8477161890 0.7916333489 0.8504164482 0.8010013645 0.6210065439 0.4305967197 0.6938742462 0.8669534379 0.5700136731 0.9405728274 0.6416838466 0.9434393985 0.7045159424 0.9208184671 0.5315436867 0.9536526265 0.9994664900 0.9314378698 0.4041803398 0.8448741606 0.7494350875 0.6567382636 0.8754192987 0.4201145522 0.5180716089 0.7428502246 0.7838457157 0.7973255722 0.9160864338 0.9749934222 0.7369380095 0.3123620373 0.7698115348 0.9925449012 0.9816884928 0.7403390183 0.5377440462 0.7018331578 0.7351962223 0.8305421157
 0.1390459639 0.5966696453 0.3849453182 0.1235348256 0.0309309831 0.2276677368 0.2084019837 0.3660576962 0.1997367778 0.2893053759 0.2278848445 0.1639900361 0.0910462128 0.1230475253 0.1863316489 0.6384290789 0.0140938223 0.2617120930 0.3051183734 0.1261562025 0.0636327988 0.1875551376 0.2036683155 0.1499498615 0.0662044942 0.0654031040 0.1703651102 0.4399947069 0.4748295095 0.2996994584 0.1026286882 0.2564339358 0.5329037278 0.8495919336 0.1377839626 0.0299496897 0.4041578163 0.5000000000 0.8200728676 0.7782955099 0.9985935728 0.6301348717 0.8902063116 0.9520141378 0.9934434422 0.5220997754 0.9561460249 0.9621240014 0.9391105176 0.7048142435 0.8809166721 0.3865923432 0.7107438774 0.8934399322 0.9899260800 0.6400944703 0.9039148150 0.8818828524 0.8003750185 0.5793367332 0.6297413838 0.7616741810 0.3018068571 0.7532381959 0.4212737790 0.4014551398 0.8455925239 0.4362013722 0.7388836770 0.8614684124 0.7062935830 0.4921339233 0.1626694483 0.6933615190 0.7684515334 0.7670756923 0.9192683698 0.8686459144 0.9517729021 0.2653196164 0.6282740310 0.9940240972 0.7889151547 0.9928526855 0.4596953554 0.3697121642 0.9698968779 0.6520446376 0.8747258564 0.9423865607 0.5969504199 0.5903224237 0.9830978689 0.5458584979 0.8652664944 0.8918565669 0.8479982759 0.7430330852 0.8256345868 0.9674410678
 0.0976376122 0.2290707258 0.1761513489 0.1732603836 0.0663059479 0.1414610120 0.9200461741 0.2634196337 0.0278259163 0.1099949357 0.0419107706 0.0582882824 0.1815227808 0.0445108500 0.4724834517 0.0365760264 0.0169651347 0.3841909938 0.0842582341 0.1444728217 0.1457620462 0.0828681215 0.2149267477 0.0289998394 0.0856386387 0.0285297991 0.2680752354 0.5363510810 0.2408812764 0.1767889255 0.0973350533 0.0661188339 0.6797622479 0.4389615976 0.2912470053 0.5902782164 0.0744112494 0.1799271324 0.5000000000 0.7142063332 0.9976679999 0.6603291482 0.7274899169 0.1684601244 0.5970519928 0.2232001578 0.8068423956 0.9471107723 0.8063206496 0.8837595721 0.3774878833 0.9580730104 0.7506215568 0.6398911164 0.7063106522 0.8453790593 0.5673188499 0.7895797743 0.5941108062 0.9441067958 0.7203874917 0.7003044724 0.9265819542 0.8621156216 0.9513504210 0.7183735796 0.2914940078 0.8906797067 0.7655471800 0.8849187161 0.6883731877 0.8952891042 0.4191234089 0.6292342779 0.8277810054 0.8840115531 0.9488801993 0.4924306531 0.7423604771 0.8182925499 0.8227625694 0.8479497155 0.8460781690 0.7025126442 0.7743400360 0.7762231453 0.9491727043 0.7545423430 0.8842367864 0.7729928339 0.8666702941 0.6220119807 0.9370916693 0.8729713071 0.8953799214 0.8932402059 0.5143555106 0.8079994187 0.6047085632 0.7925941285
 0.0189938167 0.3386375487 0.1138719474 0.0869124440 0.3767920868 0.0835034464 0.1023929380 0.0686558048 0.1220844756 0.1858774815 0.1522681586 0.4103423006 0.0174488391 0.3944811429 0.5250197137 0.1414702701 0.1367263895 0.0123963085 0.0945651810 0.0133876688 0.3490966785 0.5614583125 0.4542231976 0.1086651838 0.4931262113 0.3718832916 0.2274224569 0.3089752828 0.1554135796 0.1034281218 0.6859016302 0.3854237773 0.1350710689 0.6954096736 0.0971875030 0.3972753123 0.1688787493 0.2217044901 0.2857936668 0.5000000000 0.8523433261 0.4557715072 0.7360361240 0.7545643913 0.9043726330 0.9531210701 0.9820777172 0.9168508626 0.6731217440 0.8985231548 0.8858981324 0.5220458162 0.8016886947 0.5424989643 0.9616245591 0.9190979263 0.7026096357 0.7611793477 0.8767687717 0.1265504093 0.8739469587 0.9426931950 0.6728616575 0.5085396910 0.8927076109 0.9522593030 0.6630517983 0.9759064356 0.2360589067 0.6808729532 0.8353062492 0.4437030507 0.9403165868 0.1605842291 0.6623101087 0.9929850523 0.8193026376 0.8707889892 0.6330664262 0.4990492827 0.9040237862 0.9225799234 0.8464616282 0.7930471294 0.9679519703 0.5773526555 0.7024965331 0.7351894141 0.9559240885 0.1016784916 0.5957523979 0.5588775988 0.9986821136 0.5860348967 0.8864217045 0.8837336741 0.7267480681 0.7632841614 0.6346242534 0.4405057133
 0.0362086804 0.1018300097 0.0556654649 0.3507707036 0.8087460813 0.5669413054 0.0664490361 0.0038835787 0.1627010560 0.2553893283 0.0018052306 0.0709813027 0.4727642554 0.6117743240 0.1703803198 0.0103544139 0.1623234668 0.6687340173 0.1936620152 0.1246904466 0.0322393341 0.0137956500 0.1686355097 0.0034705023 0.1821682927 0.0850007403 0.4738682188 0.1737664959 0.5412219934 0.0540534010 0.4643098002 0.4406779185 0.3506921929 0.3619504604 0.1954811241 0.4974249764 0.1151906872 0.0014064272 0.0023320001 0.1476566739 0.5000000000 0.7937757262 0.7233653690 0.9612759804 0.8123147571 0.7642268882 0.8112927596 0.8329438902 0.8879879891 0.8241717755 0.9345149120 0.9718451647 0.4276266318 0.9279662222 0.8932041160 0.3668606508 0.9793455346 0.7321691680 0.7839461698 0.3063029420 0.9483665676 0.5901611539 0.9095429667 0.8638766091 0.6540076836 0.9904585900 0.9974924856 0.6442204395 0.8903816634 0.9068579666 0.6204346392 0.7998577427 0.8434794828 0.9342825414 0.5769475345 0.9694826623 0.9566739301 0.6827637511 0.8234277653 0.9778093522 0.7193584334 0.6216038281 0.8202024795 0.6414436562 0.9822703334 0.5910297624 0.9718158770 0.9574581871 0.8062594536 0.9764203125 0.1510875640 0.9156163235 0.9316945523 0.6719779999 0.9019885900 0.4687306113 0.9244105168 0.8362686873 0.9079907542 0.6096989077
 0.0828007937 0.2059729547 0.3435661094 0.1573355538 0.0682665354 0.0038299210 0.6196982883 0.5960570987 0.6110311964 0.2739537233 0.5509188979 0.4193738689 0.2440812094 0.0083688543 0.6626034771 0.0302698806 0.2680924425 0.3344052253 0.0127778032 0.1008528120 0.0640713664 0.0985717324 0.3361762703 0.2400535316 0.2091055687 0.0391693747 0.3926660321 0.2726365161 0.3472423018 0.3907515298 0.0090110265 0.3872416019 0.1601381316 0.0120782651 0.6259002873 0.2695179416 0.1712328695 0.3698651283 0.3396708518 0.5442284928 0.2062242738 0.5000000000 0.9195949786 0.8610665724 0.9570940127 0.9011118477 0.7971316715 0.3612209773 0.6907365519 0.9915783675 0.9896043205 0.7897936303 0.7566029332 0.9646180371 0.9954946427 0.9570803170 0.8861201285 0.8783844087 0.8732597289 0.4588029195 0.7468752182 0.9918489166 0.1934496311 0.9018038062 0.5739098686 0.8734833689 0.8545460800 0.5486153408 0.5875554448 0.8517472684 0.6155628746 0.5365893047 0.7284479252 0.5671841900 0.8527227537 0.8087248998 0.5884732278 0.8860319302 0.9484861123 0.4269256834 0.8853739040 0.3480173547 0.8926537335 0.1336733809 0.7322713664 0.6961713220 0.8247838956 0.9857373658 0.4417254239 0.8083919656 0.9599114291 0.6559473452 0.7706046358 0.9082873608 0.4856709123 0.9584856478 0.8476000055 0.7530699359 0.8071450556 0.8982724607
 0.1113926482 0.0905503861 0.0094610959 0.3587527965 0.1434079238 0.4543347497 0.0958922189 0.1482313995 0.2175910448 0.0014177925 0.3477924557 0.1544041844 0.0482403882 0.0224477105 0.6145737606 0.0299458972 0.0796404043 0.3159443236 0.2657439570 0.3612977929 0.4134793587 0.4530404478 0.2130196401 0.2374018507 0.0697476230 0.2952011360 0.5425974127 0.0437621159 0.0780221799 0.5671924118 0.3909149040 0.4282563762 0.1117451981 0.2234912462 0.1714240635 0.1513519261 0.3734413789 0.1097936884 0.2725100831 0.2639638760 0.2766346310 0.0804050214 0.5000000000 0.9551151799 0.9554416558 0.8254230014 0.8344197255 0.8139965039 0.7031174623 0.4980507738 0.7265531132 0.6691714715 0.8349042237 0.8475661460 0.7514588169 0.7022872450 0.6361668141 0.8599625308 0.6663342411 0.6463687936 0.7300810061 0.9875449392 0.8088936483 0.1938360662 0.9528755858 0.8728688851 0.9715223286 0.5173050320 0.9175201979 0.7279458483 0.6344401622 0.9168252149 0.4201741815 0.7355854699 0.4588236085 0.9837866734 0.8952860573 0.3502680430 0.9685656801 0.9212049594 0.5786749664 0.8718565729 0.9410295825 0.5914599294 0.4950457667 0.9475384098 0.8934025230 0.9896102787 0.6791544319 0.8628091308 0.9899519755 0.9132844319 0.7324826341 0.6612535944 0.7811193750 0.3902284645 0.7209003348 0.8666262473 0.9153282983 0.7986903957
 0.7354650873 0.0411020730 0.0400425214 0.3283112076 0.1097200351 0.5517357240 0.1219207053 0.3341901976 0.0316168264 0.0393904989 0.1399387844 0.7643898030 0.0190138086 0.0201820450 0.5843368414 0.1700041026 0.0553874191 0.0133240442 0.1195476084 0.0145458012 0.1658517312 0.1502851083 0.1786421375 0.0894072366 0.0542024581 0.4846380008 0.0734854527 0.0486126521 0.5483820914 0.2343468697 0.1634065427 0.0240977359 0.2357149979 0.0933677221 0.0013321370 0.3770758969 0.3962744902 0.0479858622 0.8315398756 0.2454356087 0.0387240196 0.1389334276 0.0448848201 0.5000000000 0.7602675636 0.3328633499 0.6970054405 0.9380057708 0.9526901767 0.8378997177 0.7109463349 0.8672493609 0.9481385090 0.5283124877 0.9367165670 0.8873381262 0.8029761132 0.9423940790 0.4046246143 0.7616902821 0.7046483416 0.6488842960 0.8922037062 0.8804950155 0.5507468424 0.8609442277 0.5762353619 0.7227381805 0.8554700822 0.5506546465 0.9815986967 0.7591843478 0.8036143720 0.8634450125 0.6595394939 0.9711768024 0.7178700274 0.4902949366 0.9056967713 0.4846242878 0.4563541935 0.9315097067 0.7797676229 0.5511881866 0.5261107988 0.7385319092 0.7593154087 0.3948402149 0.8865637385 0.9418934510 0.6814425656 0.6389547703 0.7834448309 0.8490975797 0.9289678510 0.2858116577 0.6737542453 0.8753274257 0.3655457092 0.6733182505
 0.3306018475 0.0957656746 0.1109732863 0.1896657160 0.0626876224 0.2772525278 0.0194796252 0.2589999119 0.1261862815 0.5495921260 0.3792147662 0.5275102889 0.0537833687 0.2608543928 0.2911299119 0.2377034853 0.2372131635 0.3591655200 0.2472311515 0.1017431726 0.0789002141 0.0330521708 0.3912204490 0.2244926197 0.4291994582 0.7086915237 0.0787683357 0.4321280833 0.0556668536 0.2154188308 0.8091400561 0.0297941303 0.2917853674 0.3815403145 0.0035738837 0.4343920212 0.6098579157 0.0065565578 0.4029480072 0.0956273670 0.1876852429 0.0429059873 0.0445583442 0.2397324364 0.5000000000 0.3267216947 0.9175497005 0.8891559708 0.7662089025 0.7311050426 0.9307826638 0.9219019112 0.7435680548 0.8071487988 0.6957327963 0.4323025627 0.8646174923 0.9072943418 0.8292930190 0.1210213501 0.3482972786 0.9454691879 0.8729247639 0.8539470868 0.5477519131 0.6584753321 0.4378862480 0.8406861133 0.9611940932 0.9475195207 0.7986481834 0.8618080125 0.9747071102 0.8945083783 0.4498272806 0.8419854410 0.9435206154 0.6697298890 0.3140444610 0.6746538797 0.6817609475 0.7281496211 0.6239905809 0.7709236324 0.9058056962 0.5826216163 0.9045898804 0.9490232591 0.6823564288 0.9623483385 0.6552562332 0.9655919065 0.9579363260 0.8845194257 0.9474540566 0.8059422464 0.9822466568 0.8983160170 0.7267347910 0.4374762959
 0.1616190881 0.4313654050 0.0375168510 0.2103150990 0.0678311438 0.1275567132 0.4392178553 0.0718766219 0.1680903959 0.1454371395 0.4983341826 0.0476047656 0.1854466770 0.1550338044 0.3771295764 0.0238390436 0.2876170331 0.3422045252 0.0103274689 0.0978189032 0.1225365737 0.5158748564 0.1004941942 0.0257785866 0.1510979967 0.4114598283 0.0141411720 0.3280761132 0.0542487854 0.1737399020 0.0772256426 0.1045687293 0.1896262779 0.1190467623 0.3817673335 0.1803599298 0.1029605878 0.4779002246 0.7767998422 0.0468789299 0.2357731118 0.0988881523 0.1745769986 0.6671366501 0.6732783053 0.5000000000 0.5361969549 0.7202135575 0.8782433051 0.9837615871 0.8648695205 0.2710203015 0.9874580221 0.4043230163 0.6498452627 0.9708338693 0.8674314728 0.5741644069 0.4252403338 0.3242770946 0.9103143666 0.3782820812 0.3443146140 0.9655489867 0.9574197016 0.7601247857 0.9232174410 0.7951052685 0.4501540956 0.2728050778 0.6723533378 0.8163261640 0.7723699633 0.5904980634 0.6691634474 0.6276832802 0.8696696584 0.8868842383 0.4781317592 0.9052535421 0.9296097384 0.2791374454 0.3486007173 0.7121528657 0.9473871854 0.6855677353 0.2493001932 0.8219675452 0.6568454678 0.9246469950 0.5034853482 0.8161417106 0.9280206919 0.8890207718 0.6122313283 0.8014545974 0.9163675950 0.8822707460 0.7752208652 0.9532845642
 0.1714464129 0.1369857934 0.6707893337 0.4376464595 0.2517511216 0.3566291743 0.1475048788 0.0632721526 0.3833641142 0.0273984361 0.2705512453 0.4619019963 0.2856191234 0.1281822027 0.2268478507 0.0744678007 0.2074936209 0.1877379167 0.1021250080 0.5984741693 0.3115731901 0.2362144483 0.6363626969 0.8101564269 0.0824658733 0.8237102172 0.2808817209 0.1477915895 0.3487522856 0.0868553028 0.1518921496 0.6668356738 0.3770670424 0.3889564890 0.0213999216 0.5247259781 0.0484500470 0.0438539751 0.1931576044 0.0179222828 0.1887072404 0.2028683285 0.1655802745 0.3029945595 0.0824502995 0.4638030451 0.5000000000 0.2620095911 0.9769318295 0.8654689093 0.7493579297 0.4403010098 0.9420082850 0.9150919833 0.9263990649 0.8786862454 0.9600245012 0.7679536217 0.7448104157 0.8086489123 0.4681959318 0.7276225374 0.7794619000 0.4476885867 0.9602141364 0.6239659037 0.9311954162 0.9727211734 0.7009404701 0.8454851361 0.8913650660 0.5571347775 0.8500678258 0.7702161512 0.9231734480 0.8619660011 0.6405533809 0.8484697013 0.4994431742 0.9293606033 0.7660214724 0.7149416294 0.9441813463 0.8555405094 0.7733512382 0.3701762885 0.7157618843 0.9273697819 0.8531183189 0.9196548112 0.9862132750 0.4023361162 0.5456896141 0.9142426384 0.7837576481 0.5849312249 0.8810954667 0.9991515902 0.7642965811 0.9493258512
 0.0701351128 0.1903771472 0.3913924008 0.6057382636 0.2253731806 0.3081999295 0.0415677501 0.0411616547 0.1405025182 0.1342671168 0.2172687425 0.2457470837 0.1730649717 0.0996640344 0.2594117869 0.1846834005 0.4420156133 0.2959610017 0.2165838733 0.4198386353 0.3324086996 0.6093917369 0.0812143147 0.1105374686 0.0555941126 0.5214612095 0.0091978089 0.1065495139 0.3479587699 0.1447921513 0.0146150666 0.1117934280 0.2212074527 0.6888415269 0.1230224401 0.1116963872 0.3447700335 0.0378759986 0.0528892277 0.0831491374 0.1670561098 0.6387790227 0.1860034961 0.0619942292 0.1108440292 0.2797864425 0.7379904089 0.5000000000 0.5771262298 0.4251777562 0.7242482198 0.6929957756 0.6813276078 0.4305608137 0.7235367735 0.9787556105 0.9281042342 0.5564479478 0.7079788968 0.5836857503 0.8222650902 0.7569137018 0.8953743456 0.7223357659 0.9958490705 0.7741008020 0.9340301698 0.3925860701 0.6936448827 0.5481536305 0.6858115022 0.4008718348 0.8678932438 0.9363729359 0.6756075229 0.7525842592 0.8413894182 0.9110084113 0.4723320169 0.9051587701 0.6769911419 0.6972730343 0.8499723320 0.8197676687 0.6297553262 0.8509369203 0.6488564175 0.9742445134 0.8817514815 0.5823026290 0.9749355516 0.9070794548 0.5404099334 0.6779653624 0.9830582150 0.9893183094 0.5392638688 0.9928972190 0.8916818806 0.9392719209
 0.5486749184 0.0995090065 0.1545188865 0.1682845920 0.2702513210 0.4625102330 0.6531393078 0.1939361836 0.1242468822 0.4636690440 0.4710600558 0.1125641513 0.0192188046 0.0028420437 0.0597630416 0.1463619891 0.0824529772 0.2797541084 0.3906406375 0.1493052649 0.4186029372 0.0436864425 0.0338158448 0.1430749850 0.0285335989 0.3109738954 0.4421853737 0.3468850862 0.3483860902 0.6378283545 0.1391962196 0.3338393683 0.1531776726 0.1116651583 0.2329847514 0.0861445705 0.0794704284 0.0608894824 0.1936793504 0.3268782560 0.1120120109 0.3092634481 0.2968825377 0.0473098233 0.2337910975 0.1217566949 0.0230681705 0.4228737702 0.5000000000 0.9638368238 0.8031235611 0.9674624607 0.9836334254 0.8921481690 0.5197000041 0.5221063201 0.8716076500 0.9556731129 0.7134528611 0.7180663617 0.6489698611 0.7559606224 0.8468699040 0.4934632368 0.6363899075 0.8370495348 0.7984778470 0.8637723874 0.7609529132 0.7031960300 0.8452628642 0.8508929341 0.6950568295 0.8208449386 0.2002723615 0.2636123706 0.7456978114 0.8313954727 0.6270870658 0.5672601367 0.7316676124 0.6382269411 0.5587603846 0.5973685298 0.8691089015 0.6462097656 0.8388182144 0.9823325643 0.8114002619 0.9116557100 0.7141947757 0.4740296814 0.9350459275 0.4666562570 0.4986591218 0.6577673710 0.7076123812 0.9840360209 0.4981327905 0.7064858567
 0.0884879853 0.3889289579 0.5755322816 0.8348998170 0.0371221013 0.5156336076 0.0069814407 0.4972840424 0.3083551878 0.1295108187 0.0175311248 0.1388864375 0.1869676285 0.6529828034 0.0523286812 0.4028283837 0.0143937705 0.0256558061 0.1906867840 0.2364469539 0.3663176986 0.3283765101 0.6791500562 0.2261659374 0.1750975360 0.4120780191 0.5498262014 0.0960943914 0.2607322730 0.5366623409 0.1305112432 0.5609675010 0.0113704371 0.1993108272 0.3300216236 0.4525790189 0.3669647519 0.2951857565 0.1162404279 0.1014768452 0.1758282245 0.0084216325 0.5019492262 0.1621002823 0.2688949574 0.0162384129 0.1345310907 0.5748222438 0.0361631762 0.5000000000 0.6732386999 0.9837558367 0.9761566744 0.9867095049 0.9087224317 0.6645047107 0.4856036359 0.6593495360 0.9670543236 0.6923312207 0.6900197424 0.7880264925 0.5776836166 0.5364737671 0.6691071746 0.9230841117 0.7415254730 0.5566505608 0.9339879130 0.3580063086 0.9073710566 0.9822963955 0.8735622831 0.9314997537 0.5904260961 0.8478662834 0.9135297993 0.8407434443 0.9211900721 0.2239732986 0.9533818478 0.7649259992 0.8791469759 0.4775973017 0.7794250248 0.8469423717 0.6957317362 0.5064364748 0.6168826744 0.9987824935 0.5729233629 0.8527253533 0.2442438037 0.5565464097 0.8293810137 0.9749919279 0.6494790864 0.2893540296 0.8686998330 0.9232739414
 0.1767194871 0.1100867438 0.3313114331 0.1361414793 0.1907293228 0.7724058608 0.0730031851 0.0435253625 0.3156880987 0.2863340228 0.1256235714 0.1820040577 0.5079437705 0.1032722771 0.0432982527 0.1126294464 0.5584923917 0.2259377214 0.2838380069 0.0136464022 0.1625309596 0.1272077410 0.3011360010 0.3082115686 0.1482759711 0.4407653164 0.0689407084 0.2137068321 0.0467719713 0.2191326526 0.0835428409 0.2439285857 0.1848793570 0.5659873176 0.0385598918 0.1647526771 0.3747373847 0.1190833279 0.6225121167 0.1141018676 0.0654850880 0.0103956795 0.2734468868 0.2890536651 0.0692173362 0.1351304795 0.2506420703 0.2757517802 0.1968764389 0.3267613001 0.5000000000 0.3362304168 0.9699242888 0.5692681533 0.8138652921 0.5417294820 0.8860321273 0.6752369107 0.3853116836 0.7724149820 0.3604284541 0.8854261687 0.9774640940 0.4985593608 0.7634854294 0.8612670570 0.7788162321 0.8892217032 0.7179513291 0.6535677713 0.9040449489 0.9182978850 0.7657159307 0.8547119668 0.8244953354 0.5424521063 0.9877596259 0.8645846472 0.4648664708 0.8410986774 0.8536086499 0.7776620072 0.2215246337 0.8680037951 0.5437755121 0.9889790142 0.9578129691 0.6853133087 0.4982309532 0.8627769553 0.7596670209 0.9807320880 0.5024031911 0.7231648267 0.6491058953 0.4862411569 0.8683622911 0.5220915126 0.9008767846 0.4482347045
 0.1238325203 0.1643915634 0.2671727507 0.7903492568 0.1869573703 0.2131438660 0.1242172041 0.0811810551 0.2243737513 0.1371612553 0.1520667958 0.4735118199 0.0307179212 0.0301355111 0.2124501024 0.2972619338 0.1598836248 0.4970523527 0.3453422713 0.4225547292 0.2451633823 0.2823253390 0.0217556447 0.0493541059 0.1906276923 0.0940444334 0.3578323792 0.0980894305 0.1400829835 0.0327167996 0.2165744246 0.2396827789 0.1837318452 0.2193290939 0.6537014017 0.1101999702 0.1117118909 0.6134076568 0.0419269896 0.4779541838 0.0281548353 0.2102063697 0.3308285285 0.1327506391 0.0780980888 0.7289796985 0.5596989902 0.3070042244 0.0325375393 0.0162441633 0.6637695832 0.5000000000 0.9943255451 0.6130757734 0.5749078278 0.8797156733 0.6017241004 0.8642077316 0.4583009743 0.8596188164 0.8711093206 0.9969425895 0.8452127963 0.5212188575 0.8782669634 0.5252315246 0.8139005625 0.7476004317 0.8576275860 0.5369996743 0.9939027251 0.5549230619 0.7487177326 0.9708616791 0.6352008588 0.6438258149 0.7963538082 0.5806836006 0.6418786454 0.8507431958 0.7725645261 0.8190133983 0.8798773583 0.5205655971 0.8265826789 0.9992793110 0.3498899631 0.8447632599 0.7706019199 0.8802890565 0.8037193476 0.6021804360 0.7126374844 0.9577586556 0.8709121018 0.7021161127 0.9336054899 0.7652322024 0.8910188466 0.6358347088
 0.0181901848 0.3200988685 0.0398455371 0.4082742245 0.1008317702 0.4499841095 0.0218364121 0.3179216534 0.1072077511 0.0981670420 0.1674450707 0.0452608980 0.1910701885 0.0247499396 0.1595987323 0.2611359190 0.0065414321 0.4290594910 0.6921014005 0.0199394056 0.1708742362 0.2443873037 0.0998389901 0.4426738075 0.1068337156 0.1798095483 0.1818235035 0.4840171150 0.6425308851 0.0027884173 0.2337686038 0.1518090155 0.4785245576 0.0714865963 0.5369194717 0.1333130667 0.4449967631 0.2892561226 0.2493784432 0.1983113053 0.5723733682 0.2433970668 0.1650957763 0.0518614910 0.2564319452 0.0125419779 0.0579917150 0.3186723922 0.0163665746 0.0238433256 0.0300757112 0.0056744549 0.5000000000 0.2332587232 0.9634899330 0.6407749283 0.9626613313 0.9117267448 0.7433331847 0.8646337992 0.9040862635 0.9921452429 0.5073197904 0.8266126281 0.7101564146 0.9037764722 0.5404109986 0.8379455312 0.9081743263 0.6649657272 0.9810164508 0.8209506289 0.7814792830 0.9696840052 0.8481510873 0.7915701536 0.7551825207 0.5963190302 0.6829606273 0.8135160082 0.4945984762 0.9178251629 0.8033814407 0.3277375583 0.9374122178 0.9089428504 0.9261194890 0.9209770008 0.8879905969 0.6901218750 0.7474088827 0.9514669191 0.9244056890 0.0973828152 0.3942622387 0.7500266646 0.8332579423 0.5560553108 0.8622329743 0.6489715293
 0.1106474392 0.0424665440 0.0336802453 0.2875122679 0.3377000010 0.0484914606 0.0750152543 0.1251639937 0.0641081251 0.2974154370 0.2507914826 0.1950700880 0.3669261684 0.1861770613 0.0590058578 0.1064954967 0.5627081448 0.2896459466 0.4458302409 0.4902223730 0.2839516905 0.4392890167 0.0429254122 0.1415578647 0.1658537837 0.4051017189 0.5272354127 0.0489060472 0.0323435962 0.1083610959 0.0838174499 0.0287818458 0.1103631886 0.0612097303 0.3711257293 0.1302298142 0.2207284371 0.1065600678 0.3601088836 0.4575010357 0.0720337778 0.0353819629 0.1524338540 0.4716875123 0.1928512012 0.5956769837 0.0849080167 0.5694391863 0.1078518310 0.0132904951 0.4307318467 0.3869242266 0.7667412768 0.5000000000 0.6648919093 0.8486788913 0.9737483201 0.9803802287 0.7016932493 0.3926051922 0.7528090656 0.8440252180 0.7938080327 0.8643492334 0.7248308915 0.7262153373 0.8260235109 0.8209582689 0.5800416825 0.8869927303 0.8488566011 0.9830272091 0.7900991976 0.8362261339 0.9556899721 0.9705062212 0.8060750156 0.6009556884 0.7129598068 0.3609103649 0.8451460401 0.6550799786 0.8149101030 0.7207574419 0.6725899082 0.9638411427 0.9964978341 0.4124259641 0.8864706478 0.9971933924 0.8903272404 0.9605905842 0.6681357026 0.1970990250 0.6101396704 0.3680518607 0.9945830815 0.6237192235 0.7645793086 0.6284829534
 0.6059158568 0.5454356990 0.1198176323 0.0300058834 0.2852819162 0.1136197335 0.7305013754 0.0470914479 0.0276897187 0.4798851541 0.0617148351 0.1666557866 0.1235285682 0.0307232615 0.1040090403 0.1590984360 0.0045630782 0.3763627705 0.2929195394 0.0151149528 0.5874479566 0.0808153014 0.2433556989 0.3102409018 0.1405503974 0.5125166887 0.2340000701 0.4134577914 0.0880209579 0.0560244830 0.0585744033 0.2703279139 0.1215488431 0.3970574388 0.1372898275 0.6629382791 0.4490885438 0.0100739200 0.2936893478 0.0383754409 0.1067958840 0.0045053573 0.2485411831 0.0632834330 0.3042672037 0.3501547373 0.0736009351 0.2764632265 0.4802999959 0.0912775683 0.1861347079 0.4250921722 0.0365100670 0.3351080907 0.5000000000 0.7467454615 0.9479222197 0.5446614478 0.8939125849 0.8678864747 0.7455064666 0.3212908961 0.8447679964 0.5280893029 0.5421447705 0.9725991743 0.4622901822 0.9264855255 0.9782028746 0.6776153602 0.9386940900 0.7970405192 0.9786144909 0.1206027279 0.9502138821 0.8918054548 0.7076907200 0.9952210316 0.8351326749 0.4246922030 0.8567184378 0.8531210034 0.9960414505 0.7904161321 0.9485163531 0.5549868878 0.9597635878 0.9581012855 0.4547687771 0.7611060661 0.9176129148 0.9170752528 0.8744625701 0.8052846274 0.6593851901 0.5567233711 0.5367622382 0.7126809989 0.9278499683 0.8949056759
 0.0043351269 0.0236717188 0.2811082876 0.1204080810 0.3486571174 0.0733174198 0.1980584813 0.4654142291 0.4615591650 0.3109513114 0.3063871110 0.7564374672 0.6269302995 0.6136132540 0.1523386549 0.1631777298 0.1567150400 0.3253223676 0.2224966926 0.3145794450 0.0794088684 0.0118271267 0.1190866071 0.3036239303 0.6826499117 0.1073676688 0.0707406233 0.6119307777 0.1729155343 0.0018939913 0.5487378984 0.6317312040 0.3015753266 0.0201295701 0.1093193321 0.1131357132 0.1968964969 0.3599055297 0.1546209407 0.0809020737 0.6331393492 0.0429196830 0.2977127550 0.1126618738 0.5676974373 0.0291661307 0.1213137546 0.0212443895 0.4778936799 0.3354952893 0.4582705180 0.1202843267 0.3592250717 0.1513211087 0.2532545385 0.5000000000 0.9911295523 0.4474920143 0.8831299386 0.9799043446 0.9124088609 0.6292902988 0.6415701351 0.6511762645 0.5972813693 0.9305211116 0.6535912538 0.9970832719 0.3410424725 0.8358407069 0.9089372641 0.6811311718 0.3400809411 0.5505597358 0.2413530099 0.6165225301 0.5757485472 0.6743395797 0.9789222261 0.4208263018 0.8255395836 0.8737782594 0.9773554598 0.7165868428 0.8059880678 0.8188190490 0.5485024182 0.6308278029 0.8571733712 0.7744095412 0.5466951282 0.3587634723 0.5869630581 0.9348327237 0.3043711391 0.9821877911 0.8878199120 0.9416676695 0.9150566255 0.8863449169
 0.2825001883 0.2980220708 0.4877809456 0.0025608249 0.2707981357 0.5189956880 0.3640326612 0.3350386418 0.2044449104 0.5879989592 0.0362129869 0.0453396746 0.1279316298 0.2172096950 0.4415355631 0.5400712537 0.0792118321 0.0252136743 0.6646572665 0.2636204065 0.2637067210 0.3637484382 0.0049815171 0.0499045589 0.2836352111 0.2228292619 0.1930931840 0.2614819203 0.3663060201 0.0178268688 0.1462305461 0.3848036801 0.0021398632 0.1783217535 0.0194373827 0.0043977403 0.3143391841 0.0960851850 0.4326811501 0.2973903643 0.0206544654 0.1138798715 0.3638331859 0.1970238868 0.1353825077 0.1325685272 0.0399754988 0.0718957658 0.1283923500 0.5143963641 0.1139678727 0.3982758996 0.0373386687 0.0262516799 0.0520777803 0.0088704477 0.5000000000 0.4779047245 0.9317697545 0.6000996204 0.7749547629 0.7012836077 0.5684544871 0.9759645605 0.9418556051 0.8739247996 0.9980874496 0.9309929352 0.9750209127 0.5488670096 0.9673687148 0.9108988393 0.8105449362 0.8859082951 0.7716651241 0.8343359210 0.7797870124 0.7980871411 0.9445404574 0.8261663066 0.8844090205 0.9641690434 0.8015471155 0.7782454394 0.4274447955 0.9586387127 0.5956411636 0.6763404317 0.6885063819 0.9514403099 0.9589547143 0.9361332951 0.6354273155 0.7039746317 0.9541903612 0.8343770898 0.7271768754 0.8861118338 0.6497557943 0.9440068167
 0.1457055605 0.4988466302 0.5133320901 0.7389952835 0.8998524610 0.3271728454 0.5113509885 0.0129482810 0.5768558071 0.2145082129 0.4302402724 0.2847609912 0.4062461854 0.2462635501 0.1144235086 0.1869397651 0.1367138484 0.2643277801 0.1600391677 0.1379289761 0.3748609198 0.2824615510 0.4278658181 0.5869283293 0.0366857409 0.0111560781 0.1883090087 0.1237251494 0.2961999311 0.2778486419 0.1865447822 0.1514801926 0.1282518543 0.0062975309 0.1884218261 0.3091422831 0.2888191228 0.1181171476 0.2104202257 0.2388206523 0.2678308320 0.1216155913 0.1400374692 0.0576059210 0.0927056582 0.4258355931 0.2320463783 0.4435520522 0.0443268871 0.3406504640 0.3247630893 0.1357922684 0.0882732552 0.0196197713 0.4553385522 0.5525079857 0.5220952755 0.5000000000 0.8809006559 0.3214008153 0.8998566804 0.7338645409 0.7754235997 0.9917915810 0.6815354245 0.8009031967 0.9077102521 0.9525507999 0.8143714311 0.8335547370 0.8475777246 0.8860166584 0.8207057690 0.6517460495 0.8924493677 0.8886277243 0.7656056509 0.5489832711 0.9901710137 0.4669084300 0.9385947766 0.9155122047 0.9213275871 0.7552831767 0.9283488516 0.8035344054 0.6018182776 0.7181277674 0.7864340871 0.8014951699 0.9437244770 0.9608232005 0.8160276153 0.9998362217 0.7110057859 0.8746190440 0.5129346591 0.9427425300 0.9190348283 0.4234065837
 0.1956752945 0.1386259417 0.2581976659 0.0838577410 0.7907599698 0.1463438339 0.1880839372 0.4412180507 0.3542196627 0.0481075271 0.1395174017 0.3796442292 0.2368844825 0.1964751025 0.0553450168 0.3903514257 0.0654746331 0.0534187367 0.3909593424 0.3199231964 0.0452860548 0.0988235369 0.1949905616 0.2886536805 0.3720482358 0.1098213479 0.4380724616 0.3659427096 0.0994454919 0.0595495842 0.7325637357 0.2672404551 0.4619455888 0.5329870484 0.2787397943 0.3364223456 0.7926230663 0.1996249815 0.4058891938 0.1232312283 0.2160538302 0.1267402711 0.3336657589 0.5953753857 0.1707069810 0.5747596662 0.2551895843 0.2920211032 0.2865471389 0.0329456764 0.6146883164 0.5416990257 0.2566668153 0.2983067507 0.1060874151 0.1168700614 0.0682302455 0.1190993441 0.5000000000 0.8127879915 0.7701345788 0.8928821302 0.2594783950 0.9339841185 0.4261032692 0.8188477991 0.8477005020 0.6649089350 0.9834515451 0.4739694898 0.8807076871 0.7868445821 0.1763776659 0.9395296941 0.9536009626 0.6537382590 0.8995832052 0.9985886946 0.6455977683 0.8214352358 0.7772923701 0.6243775051 0.9205339375 0.6039559994 0.9669762309 0.3998148915 0.9840831401 0.9499501581 0.6203628804 0.3329999648 0.9787748394 0.6573932457 0.9320229666 0.9656210922 0.9589532246 0.9697044829 0.6629502472 0.7361923774 0.5803698921 0.8512024166
 0.3094842624 0.2069818081 0.2409161552 0.3117459263 0.3856242123 0.1965186366 0.0562756925 0.3283176094 0.2547286241 0.2687049867 0.4008981853 0.8128114446 0.1572687931 0.5734603737 0.1923043798 0.1679218954 0.0649021393 0.3488116841 0.1967995665 0.3798489087 0.0167695793 0.0381999350 0.6582569944 0.0223632316 0.0496828423 0.1130594709 0.3610089219 0.2031726811 0.0768685277 0.1644504660 0.4226389110 0.2348701925 0.1562704699 0.0559810044 0.0007185083 0.6110389968 0.3196320382 0.4206632668 0.0558932042 0.8734495907 0.6936970580 0.5411970805 0.3536312064 0.2383097179 0.8789786499 0.6757229054 0.1913510877 0.4163142497 0.2819336383 0.3076687793 0.2275850180 0.1403811836 0.1353662008 0.6073948078 0.1321135253 0.0200956554 0.3999003796 0.6785991847 0.1872120085 0.5000000000 0.4244679961 0.8862058427 0.8275367413 0.8285032359 0.4621955437 0.5339077740 0.8908914401 0.9853476103 0.6171964702 0.7986915174 0.8831087380 0.5837733530 0.6987866410 0.3012770537 0.6521095665 0.9792236088 0.5710370147 0.5641876955 0.9808225223 0.2627919886 0.7886928807 0.6210379707 0.8088384337 0.6683708140 0.6946371131 0.4329536516 0.4641420409 0.8009385028 0.7299650592 0.8621169668 0.7472715794 0.8737256808 0.8441636461 0.8308028547 0.8508505651 0.7759430960 0.0903194459 0.7194923904 0.8668845125 0.8192590229
 0.2013823890 0.2390195967 0.3277883670 0.3505941379 0.0029139852 0.3217364088 0.5674905208 0.1623255771 0.3409689250 0.2682082936 0.1399972522 0.2365298054 0.5469040496 0.1911735126 0.0643809611 0.1567838964 0.2490249751 0.2870962648 0.0803227166 0.0450747797 0.2068988512 0.0745829305 0.1494693986 0.2566118609 0.1325037823 0.4694278778 0.0616558195 0.0148178413 0.1604846130 0.5436965320 0.1061043373 0.2074901746 0.0620820440 0.2709384867 0.1070467355 0.2504998031 0.1522838110 0.3702586162 0.2796125083 0.1260530413 0.0516334324 0.2531247818 0.2699189939 0.2953516584 0.6517027214 0.0896856334 0.5318040682 0.1777349098 0.3510301389 0.3099802576 0.6395715459 0.1288906794 0.0959137365 0.2471909344 0.2544935334 0.0875911391 0.2250452371 0.1001433196 0.2298654212 0.5755320039 0.5000000000 0.9526202172 0.5130506924 0.5066283093 0.3437748280 0.9671461078 0.8289409722 0.8942879677 0.8443742643 0.6709563257 0.6090388409 0.8799672344 0.9168779331 0.6221174383 0.8962096763 0.9509726281 0.8892960648 0.6668955871 0.7201873409 0.9492814644 0.7631603999 0.8915342107 0.9203103600 0.4720121501 0.8211537184 0.8420796145 0.5114291999 0.7378294208 0.9754863428 0.5501228839 0.6161596078 0.7808889915 0.8776327817 0.7864269025 0.7629524966 0.7643652800 0.6797924613 0.9599836545 0.6328326203 0.8065145595
 0.0102350649 0.6625832058 0.2484406312 0.2621699387 0.4127395308 0.2624906367 0.2253978080 0.0631531146 0.2188681038 0.0540089989 0.1157631423 0.3441165499 0.0893266307 0.3745880945 0.2262704861 0.3668529907 0.3209139603 0.2627946901 0.3420310111 0.3382991082 0.2273454660 0.3328663926 0.0347173427 0.2301640364 0.2106438712 0.0162917255 0.0853680601 0.1809503750 0.1172026500 0.2006688788 0.3412038138 0.1467324474 0.0555205234 0.1352080428 0.2034988170 0.0638084701 0.2083666511 0.2383258190 0.2996955276 0.0573068050 0.4098388461 0.0081510834 0.0124550608 0.3511157040 0.0545308121 0.6217179188 0.2723774626 0.2430862982 0.2440393776 0.2119735075 0.1145738313 0.0030574105 0.0078547571 0.1559747820 0.6787091039 0.3707097012 0.2987163923 0.2661354591 0.1071178698 0.1137941573 0.0473797828 0.5000000000 0.9188996502 0.5383407246 0.8035129969 0.8846384443 0.2677247260 0.5060837022 0.5018855828 0.9170742668 0.6875945367 0.6367087304 0.5553751406 0.7808602914 0.8809038537 0.9474345076 0.9166165337 0.6876641386 0.9139754093 0.9506820886 0.6060177897 0.8767603473 0.5933077708 0.8348749162 0.5231214870 0.4622787234 0.5467564253 0.5987601090 0.7664254961 0.7604402200 0.4839316914 0.9473947949 0.3352742755 0.9398066954 0.9777658709 0.8873668581 0.6996664637 0.8056616049 0.9412652874 0.2381769283
 0.4034820124 0.6039691221 0.0366349145 0.1160778424 0.8275683455 0.2663653908 0.2276183655 0.0749511227 0.1072101198 0.4749474132 0.1485803619 0.1562496078 0.1399759403 0.2391105525 0.0425958653 0.2878301475 0.3348206821 0.1542953697 0.2426417223 0.2672505816 0.4101998803 0.1413149516 0.6410514931 0.4592991228 0.0040939955 0.2652990711 0.4485890221 0.2408263625 0.5098668366 0.4273012868 0.3349830082 0.0250259878 0.0176127882 0.2603821071 0.1719448343 0.3024245078 0.1495835518 0.6981931429 0.0734180458 0.3271383425 0.0904570333 0.8065503689 0.1911063517 0.1077962938 0.1270752361 0.6556853860 0.2205381000 0.1046256544 0.1531300960 0.4223163834 0.0225359060 0.1547872037 0.4926802096 0.2061919673 0.1552320036 0.3584298649 0.4315455129 0.2245764003 0.7405216050 0.1724632587 0.4869493076 0.0811003498 0.5000000000 0.9384171394 0.8815376716 0.9463134844 0.7913339227 0.4719760970 0.7400921186 0.8690979724 0.7787045777 0.9637021168 0.8013846260 0.9171138206 0.8823583799 0.7258669307 0.5195863949 0.8926189862 0.8781714620 0.9700943226 0.9156618382 0.9190273498 0.6811263867 0.8703742142 0.9839496370 0.2329623141 0.7038624058 0.9249383299 0.6990343392 0.7958049906 0.5284798623 0.2831545614 0.8787881746 0.6607091021 0.6133357741 0.9375609490 0.7253806447 0.6572835179 0.5551768256 0.6772532537
 0.6600520950 0.4754444230 0.2658023219 0.0623152143 0.1954040217 0.0316495058 0.0817071911 0.0868701857 0.0616671366 0.2058940470 0.1564972904 0.3460812176 0.2479887886 0.0181572774 0.4761117515 0.4595046394 0.1625861301 0.2051273840 0.0122248594 0.1840829265 0.0308401626 0.0215573746 0.0520732166 0.3857566642 0.3910617418 0.2261524144 0.2343121841 0.0632261476 0.1224640687 0.5817516830 0.8579441202 0.4516145838 0.0669969003 0.3650391059 0.1326730362 0.4347670566 0.1989986355 0.2467618041 0.1378843784 0.4914603090 0.1361233909 0.0981961938 0.8061639338 0.1195049845 0.1460529132 0.0344510133 0.5523114133 0.2776642341 0.5065367632 0.4635262329 0.5014406392 0.4787811425 0.1733873719 0.1356507666 0.4719106971 0.3488237355 0.0240354395 0.0082084190 0.0660158815 0.1714967641 0.4933716907 0.4616592754 0.0615828606 0.5000000000 0.4894389218 0.5087563459 0.7666053895 0.7769651946 0.8419574049 0.7913402972 0.7894268419 0.6756100374 0.9672822492 0.3685270605 0.9398251245 0.8020833892 0.8265410178 0.7316766177 0.9951363717 0.6041215903 0.5978700657 0.3011871366 0.9995886739 0.8611791627 0.4469690898 0.9886852882 0.8968851488 0.9767762083 0.9944970910 0.7289712601 0.9329732507 0.4334833248 0.8533776350 0.7735253287 0.4567606846 0.7570521598 0.8780914015 0.8020059985 0.9012235346 0.3803537957
 0.2332128278 0.0454347368 0.1526622453 0.4639649312 0.3985867411 0.3447898609 0.1381819811 0.0280376978 0.2605237879 0.0777025242 0.2052812983 0.2636570704 0.0825010437 0.1640054725 0.2186475083 0.0433338592 0.0384599886 0.0642092779 0.0393961650 0.3316923770 0.5174641995 0.1251501780 0.0921653975 0.5875033874 0.1584552096 0.0341833492 0.3095085243 0.3693712931 0.3458303554 0.2677491222 0.4243437788 0.4018746255 0.2907063560 0.3059406966 0.2241848455 0.4723763830 0.3789934561 0.5787262210 0.0486495790 0.1072923891 0.3459923164 0.4260901314 0.0471244142 0.4492531576 0.4522480869 0.0425802984 0.0397858636 0.0041509295 0.3636100925 0.3308928254 0.2365145706 0.1217330366 0.2898435854 0.2751691085 0.4578552295 0.4027186307 0.0581443949 0.3184645755 0.5738967308 0.5378044563 0.6562251720 0.1964870031 0.1184623284 0.5105610782 0.5000000000 0.4138788693 0.8016447569 0.9731464731 0.9618417530 0.9374475416 0.6409009262 0.5420204490 0.9546863337 0.7737171342 0.4284892059 0.4884334942 0.9027410851 0.9749029820 0.7780568831 0.9262056927 0.9849087878 0.9017527332 0.8768507078 0.9170206670 0.7142387634 0.3476440466 0.7772771281 0.6685172817 0.8797735212 0.7899263886 0.9752548234 0.8404698018 0.5489611167 0.9421943534 0.9137146649 0.7404222282 0.8842732835 0.9779359307 0.8438628270 0.8297918321
 0.4116479312 0.4496755501 0.3186337740 0.6752619006 0.6713372770 0.2893972496 0.2377153348 0.2479943487 0.0641448113 0.0518219871 0.5685897680 0.2199899227 0.1295035622 0.2002529064 0.5381291768 0.2227387216 0.1246451762 0.0040795433 0.1587698992 0.2278992623 0.0007043836 0.7542430541 0.3677445068 0.1796302137 0.8540136211 0.0029051248 0.2164748681 0.0235505298 0.1387452484 0.0684228255 0.4295929369 0.0116927194 0.0451953245 0.1181241921 0.0941690395 0.0539853775 0.5694032803 0.5985448602 0.2816264204 0.0477406970 0.0095414100 0.1265166311 0.1271311149 0.1390557723 0.3415246679 0.2398752143 0.3760340963 0.2258991980 0.1629504652 0.0769158883 0.1387329430 0.4747684754 0.0962235278 0.2737846627 0.0274008257 0.0694788884 0.1260752004 0.1990968033 0.1811522009 0.4660922260 0.0328538922 0.1153615557 0.0536865156 0.4912436541 0.5861211307 0.5000000000 0.9789336050 0.9153512311 0.8859435351 0.7366999275 0.5938032795 0.4314547968 0.8747859066 0.9510026394 0.9338045813 0.3553724765 0.7471032545 0.7601054173 0.8454989999 0.8531888060 0.9830276993 0.9265382727 0.7418590864 0.2691498146 0.7194092625 0.6480483695 0.9045037815 0.8084360704 0.8767783384 0.8908434556 0.9635529049 0.2604443489 0.4678835885 0.8353629282 0.5443415657 0.9334471291 0.8824226265 0.8403481760 0.7058518718 0.9904621093
 0.4464171011 0.4716849176 0.0606097751 0.0907167922 0.1681579998 0.2194090977 0.0711378440 0.3325188974 0.2637694658 0.4217131964 0.2334538732 0.4938464308 0.3449425089 0.2642921343 0.1526337709 0.2904430520 0.1474026641 0.0924001027 0.3431681958 0.0595383942 0.1608206332 0.2425486923 0.4792203914 0.1901046484 0.0239705523 0.2655469720 0.0649524939 0.0263239804 0.0475630697 0.5859753887 0.1385337045 0.1541598326 0.7635624528 0.0795419066 0.0230684717 0.3596987865 0.3061257538 0.1544074761 0.7085059922 0.3369482017 0.0025075144 0.1454539200 0.0284776714 0.4237646381 0.5621137520 0.0767825590 0.0688045838 0.0659698302 0.2015221530 0.2584745270 0.2211837679 0.1860994375 0.4595890014 0.1739764891 0.5377098178 0.3464087462 0.0019125504 0.0922897479 0.1522994980 0.1091085599 0.1710590278 0.7322752740 0.2086660773 0.2333946105 0.1983552431 0.0210663950 0.5000000000 0.4278064512 0.7443118642 0.7402144182 0.6458203192 0.9245170094 0.7391615771 0.4896924003 0.9814469202 0.7278416660 0.8739934819 0.5374120284 0.9755490646 0.5666069787 0.7124831772 0.6401770978 0.9351654239 0.9479871082 0.9125455272 0.3853612643 0.8126530163 0.3855297075 0.7474631428 0.7665525811 0.7351707371 0.6424844590 0.3618680038 0.9195199640 0.8187029470 0.8386991835 0.9558762486 0.7166954458 0.8400660183 0.9220593830
 0.3106558737 0.6429977688 0.0121939996 0.1301950467 0.0413088674 0.5093243037 0.0456343100 0.1624327134 0.1144344473 0.3718330404 0.1219881669 0.0220048860 0.2348393279 0.1953214991 0.2123310483 0.3002325962 0.0639881434 0.1860869570 0.5773154636 0.4376856417 0.8075342545 0.1017910253 0.2692731180 0.1784798208 0.0328933447 0.2074499566 0.3080455670 0.0390926227 0.0295916789 0.3798026670 0.1727948003 0.1974646547 0.1693534138 0.2154614823 0.0212723654 0.2152479240 0.1330465621 0.5637986278 0.1093202933 0.0240935644 0.3557795605 0.4513846592 0.4826949680 0.2772618195 0.1593138867 0.2048947315 0.0272788266 0.6074139299 0.1362276126 0.4433494392 0.1107782968 0.2523995683 0.1620544688 0.1790417311 0.0735144745 0.0029167281 0.0690070648 0.0474492001 0.3350910650 0.0146523897 0.1057120323 0.4939162978 0.5280239030 0.2230348054 0.0268535269 0.0846487689 0.5721935488 0.5000000000 0.6844447040 0.7114647936 0.9047161430 0.8254064641 0.8427221937 0.2817937116 0.9835015712 0.8913263295 0.9864617258 0.9895941823 0.8782931647 0.9821697757 0.8261380606 0.8657567855 0.9182786401 0.7496021415 0.7297314383 0.2976425209 0.6995102350 0.8283055613 0.8724875372 0.4280372090 0.9745584756 0.6806636408 0.8062262045 0.8166468134 0.9998287332 0.9885156181 0.7422101066 0.9209615901 0.7927855301 0.8809549486
 0.1073329979 0.0378625792 0.2826362080 0.2583557374 0.1699020964 0.1597168964 0.0166504903 0.0555174995 0.1165017696 0.0485710354 0.0544924325 0.1071823074 0.7931652871 0.2185188165 0.2854198139 0.0051464002 0.1028311005 0.1265688466 0.1929174694 0.1812177288 0.4764016062 0.4521452980 0.4126152730 0.0264323187 0.2580286926 0.4242470975 0.1985819563 0.1911309566 0.3712291477 0.4740728015 0.2955322069 0.5715745375 0.5787498292 0.2830778630 0.3371866712 0.1690958301 0.4299863269 0.2611163230 0.2344528200 0.7639410933 0.1096183366 0.4124445552 0.0824798021 0.1445299178 0.0388059068 0.5498459044 0.2990595299 0.3063551173 0.2390470868 0.0660120870 0.2820486709 0.1423724140 0.0918256737 0.4199583175 0.0217971254 0.6589575275 0.0249790873 0.1856285689 0.0165484549 0.3828035298 0.1556257357 0.4981144172 0.2599078814 0.1580425951 0.0381582470 0.1140564649 0.2556881358 0.3155552960 0.5000000000 0.5213474813 0.7150311319 0.9876649297 0.7759151161 0.9097252430 0.5814384100 0.8141576249 0.5812055732 0.6352647888 0.9837499366 0.9508261886 0.5841183097 0.6073862042 0.8305776420 0.4358172181 0.9701446119 0.9067294023 0.9905983985 0.9262277775 0.9725809755 0.8975488962 0.4750389379 0.7146071054 0.8812667713 0.2603759369 0.1150074028 0.8562414309 0.3312037188 0.3313519345 0.2853974692 0.8892903208
 0.4329715468 0.0928667301 0.0171934231 0.3606370000 0.0869032295 0.0304414692 0.2061451810 0.4874894992 0.2145202972 0.2647145862 0.2232651440 0.1927419258 0.6068774125 0.2537486583 0.1066573107 0.4577111817 0.0301988089 0.4348758755 0.2770581156 0.1184284238 0.1710908996 0.0182417551 0.2066107636 0.7697341821 0.4283877801 0.3541665929 0.3740238606 0.3583311868 0.1211875295 0.0064339291 0.1359785568 0.3470290835 0.2672094490 0.2849053898 0.1191916019 0.4979387949 0.0594271726 0.1385315876 0.1150812839 0.3191270468 0.0931420334 0.1482527316 0.2720541517 0.4493453535 0.0524804793 0.7271949222 0.1545148639 0.4518463695 0.2968039700 0.6419936914 0.3464322287 0.4630003257 0.3350342728 0.1130072697 0.3223846398 0.1641592931 0.4511329904 0.1664452630 0.5260305102 0.2013084826 0.3290436743 0.0829257332 0.1309020276 0.2086597028 0.0625524584 0.2633000725 0.2597855818 0.2885352064 0.4786525187 0.5000000000 0.9909438189 0.9033072567 0.2390603063 0.8206896855 0.7322567021 0.6374559185 0.5179850852 0.6793980434 0.7020337193 0.9740060076 0.9177772038 0.5738309297 0.2690127868 0.3186165484 0.5531436719 0.9850438928 0.9874987733 0.6319700315 0.8905284937 0.8647660935 0.5449793815 0.6956406198 0.4497424530 0.3180733947 0.7543370633 0.6994806711 0.7057807067 0.9828007625 0.7573629406 0.6275261593
 0.3684274235 0.1880271615 0.1363556253 0.6315542229 0.0599516109 0.4784637742 0.1907540907 0.2409824853 0.0709740943 0.0705886748 0.3273328484 0.2100186407 0.6038437883 0.5561177979 0.6942646518 0.1982303409 0.0646154277 0.3453496649 0.6907486238 0.1502844970 0.0849665203 0.3958447928 0.0434637289 0.2931269166 0.1852734603 0.0299110852 0.1382511357 0.2723844542 0.2673317039 0.0564165057 0.0930960340 0.2382866677 0.1922813642 0.4095202367 0.4335901823 0.1650660046 0.3583161534 0.2937064170 0.3116268123 0.1646937508 0.3795653608 0.3844371254 0.3655598378 0.0184013033 0.2013518166 0.3276466622 0.1086349340 0.3141884978 0.1547371358 0.0926289434 0.0959550511 0.0060972749 0.0189835492 0.1511433989 0.0613059100 0.0910627359 0.0326312852 0.1524222754 0.1192923129 0.1168912620 0.3909611591 0.3124054633 0.2212954223 0.2105731581 0.3590990738 0.4061967205 0.3541796808 0.0952838570 0.2849688681 0.0090561811 0.5000000000 0.6098234310 0.9549177317 0.5259043840 0.7263350267 0.9400903305 0.6058643722 0.9860642861 0.9586241431 0.9490417305 0.5918557995 0.8126381157 0.7926222835 0.8214961222 0.9715588502 0.8824172734 0.6206611613 0.5817608976 0.8524193196 0.8908286611 0.5464386159 0.8394126853 0.6973164210 0.7346757104 0.9512495255 0.7014834756 0.9774212413 0.5170481962 0.9997552577 0.9718262548
 0.3886326162 0.0859459802 0.2580711218 0.3194657474 0.1942693525 0.2785252440 0.2110648257 0.3879049315 0.1441372686 0.0489854981 0.0019809316 0.6163067353 0.2634127625 0.2430591042 0.1635928479 0.0077445715 0.0222923621 0.2004697422 0.1697100488 0.1058311854 0.0253204399 0.4540476857 0.4847815155 0.1045609427 0.7813105575 0.2246507364 0.0385445704 0.1849005076 0.4519469327 0.5159817951 0.6503411153 0.5105790766 0.3182322595 0.2994721346 0.0859457561 0.1415721926 0.0565606015 0.5078660767 0.1047108958 0.5562969493 0.2001422573 0.4634106953 0.0831747851 0.2408156522 0.1381919875 0.1836738360 0.4428652225 0.5991281652 0.1491070659 0.0177036045 0.0817021150 0.4450769381 0.1790493711 0.0169727909 0.2029594808 0.3188688282 0.0891011607 0.1139833416 0.2131554179 0.4162266470 0.1200327656 0.3632912696 0.0362978832 0.3243899626 0.4579795510 0.5685452032 0.0754829906 0.1745935359 0.0123350703 0.0966927433 0.3901765690 0.5000000000 0.6346681747 0.4703465369 0.7326522504 0.7925761375 0.8247348469 0.9351828984 0.6130368443 0.7363461686 0.5621101141 0.9111363038 0.5142534621 0.8271140989 0.7678641957 0.3055037885 0.8144557315 0.8965194938 0.3506154730 0.9130822979 0.8767826581 0.9248102558 0.8772165141 0.9662490914 0.8128047145 0.6997572435 0.9918732635 0.6059112495 0.9247054429 0.9032330473
 0.7462627302 0.0412214885 0.0022056421 0.0510765871 0.2215036697 0.1417938425 0.3180306258 0.4267555269 0.3876100111 0.0791756579 0.2126981073 0.5014965519 0.0775908668 0.3904116175 0.5775973243 0.1464111384 0.1148649879 0.1556210363 0.2004727917 0.0709978976 0.1540139958 0.2372085449 0.1335051722 0.7976383564 0.3622468038 0.0153981447 0.0756893896 0.2564446111 0.0934407596 0.3781639497 0.4466907999 0.1128753845 0.1281567742 0.3946495204 0.6748931185 0.1692891986 0.2954840576 0.8373305517 0.5808765911 0.0596834132 0.1565205172 0.2715520748 0.5798258185 0.1963856280 0.0252928898 0.2276300367 0.1499321742 0.1321067562 0.3049431705 0.1264377169 0.2342840693 0.2512822674 0.2185207170 0.2099008024 0.0213855091 0.6599190589 0.1894550638 0.1792942310 0.8236223341 0.3012133590 0.0831220669 0.4446248594 0.1986153740 0.0327177508 0.0453136663 0.1252140934 0.2608384229 0.1572778063 0.2240848839 0.7609396937 0.0450822683 0.3653318253 0.5000000000 0.7914806909 0.8259962229 0.6299565975 0.9347614289 0.9960822239 0.5860798861 0.9560885904 0.9433742899 0.7184396286 0.7260325888 0.7004221897 0.7337969185 0.9105228577 0.9653802485 0.3750042901 0.6099052958 0.2626732856 0.8352268186 0.5143053714 0.8837967639 0.6127260548 0.5650652789 0.3889978165 0.9626489785 0.7012200677 0.6195197966 0.7674348388
 0.6348776780 0.1987547811 0.1237598951 0.3910787237 0.0990983032 0.1431177665 0.1983382285 0.1893288249 0.2527098961 0.2865931312 0.1075957035 0.1015547502 0.4186101676 0.4087339465 0.4739208174 0.5800003518 0.0663586470 0.1630040677 0.2245884151 0.4124594352 0.0572402840 0.1512991811 0.0305012564 0.0497177316 0.2779686253 0.4422963363 0.0882006538 0.3084555577 0.1952778545 0.2098273522 0.1499165070 0.2887336911 0.1258078772 0.5745740835 0.2092328207 0.2778968417 0.0791815329 0.3066384810 0.3707657221 0.8394157709 0.0657174586 0.4328158100 0.2644145301 0.1365549875 0.1054916217 0.4095019366 0.2297838488 0.0636270641 0.1791550614 0.0685002463 0.1452880332 0.0291383209 0.0303159948 0.1637738661 0.8793972721 0.4494402642 0.1140917049 0.3482539505 0.0604703059 0.6987229463 0.3778825617 0.2191397086 0.0828861794 0.6314729395 0.2262828658 0.0489973606 0.5103075997 0.7182062884 0.0902747570 0.1793103145 0.4740956160 0.5296534631 0.2085193091 0.5000000000 0.9162091506 0.6970534100 0.8418350110 0.8473730060 0.7063413431 0.8629166779 0.5073676488 0.9015733826 0.8236053749 0.9240926654 0.8641114142 0.8320777163 0.6725655244 0.6455320394 0.7405574385 0.9139913486 0.9801113932 0.8751006961 0.9054522960 0.7151228030 0.8204531231 0.9605565367 0.8034299853 0.9344421714 0.7209879753 0.8571522938
 0.0648486017 0.1339637602 0.1723362219 0.0192740953 0.1407328977 0.2689095931 0.2177298165 0.2442842661 0.2360740314 0.8223533694 0.3941437535 0.2814788743 0.0551116660 0.0628434234 0.0003175367 0.0655243260 0.0367541159 0.0956804485 0.3440994604 0.5262752992 0.1047388336 0.2733777159 0.2393107227 0.4256206833 0.3514376804 0.6065766968 0.1887940221 0.5040427488 0.3043603868 0.0235819502 0.2067311062 0.2927078561 0.3036349497 0.4340750978 0.4454813486 0.0234582598 0.4684563133 0.2315484666 0.1722189946 0.3376898913 0.4230524655 0.1472772463 0.5411763915 0.3404605061 0.5501727194 0.3308365526 0.0768265520 0.3243924771 0.7997276385 0.4095739039 0.1755046646 0.3647991412 0.1518489127 0.0443100279 0.0497861179 0.7586469901 0.2283348759 0.1075506323 0.0463990374 0.3478904335 0.1037903237 0.1190961463 0.1176416201 0.0601748755 0.5715107941 0.0661954187 0.0185530798 0.0164984288 0.4185615900 0.2677432979 0.2736649733 0.2673477496 0.1740037771 0.0837908494 0.5000000000 0.7447649501 0.5338504960 0.7400392521 0.9221128659 0.9856619856 0.9163919860 0.3155236736 0.6517139031 0.9020557915 0.8101952624 0.5994151384 0.6659552395 0.4427626628 0.9028547455 0.8543811942 0.7957295352 0.7568148847 0.4776173053 0.8808689898 0.8929478760 0.9087305009 0.6281291583 0.1799368271 0.6469685769 0.5697234009
 0.1105094314 0.4290579116 0.0839526031 0.3270234742 0.1664315993 0.3092026213 0.2153643480 0.1588218263 0.1482859214 0.2234978550 0.5014376052 0.5328202127 0.1014376232 0.0362099362 0.0307657053 0.2827605081 0.2818832468 0.2679547497 0.0611651895 0.2024335381 0.1716031977 0.2763040465 0.2803072226 0.0195763717 0.1542454750 0.0735237319 0.1482895205 0.4660674997 0.3786386858 0.4544598827 0.3254639254 0.0660327760 0.0021200222 0.6017932920 0.2605268374 0.3545023802 0.0463473735 0.2329243077 0.1159884469 0.0070149477 0.0305173377 0.1912751002 0.0162133266 0.0288231976 0.1580145590 0.3723167198 0.1380339989 0.2474157408 0.7363876294 0.1521337166 0.4575478937 0.3561741851 0.2084298464 0.0294937788 0.1081945452 0.3834774699 0.1656640790 0.1113722757 0.3462617410 0.0207763912 0.0490273719 0.0525654924 0.2741330693 0.1979166108 0.5115665058 0.6446275235 0.2721583340 0.1086736705 0.1858423751 0.3625440815 0.0599096695 0.2074238625 0.3700434025 0.3029465900 0.2552350499 0.5000000000 0.7686429827 0.8142777939 0.9101402902 0.8121012489 0.5757976264 0.7908094153 0.3581021328 0.7186139405 0.7940772197 0.6419223531 0.9582953163 0.7888676683 0.9378823550 0.7127136283 0.8114129249 0.8291649720 0.9122480519 0.4759431995 0.8238336309 0.9210819851 0.7817626968 0.4690680620 0.6047683083 0.5335716711
 0.2117449785 0.2673588989 0.2176109742 0.4272239685 0.1453888917 0.4474796083 0.0708071440 0.3059538502 0.0471233188 0.5951518349 0.3994776460 0.1334752567 0.5269367300 0.4530035852 0.3140777762 0.0336593633 0.1020603512 0.0524678780 0.1977142741 0.0939706690 0.5298229752 0.4308983645 0.6829202602 0.3829123487 0.2178311973 0.4516182864 0.3049052336 0.2241041917 0.1072110871 0.0110559581 0.0345052759 0.4201966285 0.1164249604 0.1623583198 0.3365713927 0.2356674909 0.0005335100 0.0807316302 0.0511198007 0.1806973624 0.0433260699 0.4115267722 0.1047139427 0.2821299726 0.0564793846 0.1303303416 0.3594466191 0.1586105818 0.2543021886 0.0864702007 0.0122403741 0.2036461918 0.2448174793 0.1939249844 0.2923092800 0.4242514528 0.2202129876 0.2343943491 0.1004167948 0.4289629853 0.1107039352 0.0833834663 0.4804136051 0.1734589822 0.0972589149 0.2528967455 0.1260065181 0.0135382742 0.4187944268 0.4820149148 0.3941356278 0.1752651531 0.0652385711 0.1581649890 0.4661495040 0.2313570173 0.5000000000 0.4033937783 0.8103324038 0.6592003876 0.3928329951 0.8319770300 0.9128341595 0.4897561943 0.6173135286 0.4601996006 0.9995511831 0.8706772041 0.7837155895 0.7931367276 0.8310323968 0.6944939244 0.9276346131 0.9465999232 0.4559376864 0.6468048089 0.8762368855 0.5354117321 0.7455064517 0.8500439756
 0.1981563395 0.1711669823 0.0841943786 0.2989457189 0.2481778326 0.2086311404 0.1946154798 0.0008904272 0.2950177901 0.2477324845 0.1295367254 0.0597813787 0.4526912210 0.2842444086 0.3260004608 0.5336526119 0.8046812971 0.0856927310 0.2924920568 0.0554999918 0.3585166569 0.0038585980 0.0585526587 0.0317797992 0.2584017248 0.1391226036 0.0517799537 0.3788678450 0.2872463362 0.1523495952 0.0803884245 0.0416143420 0.2007801164 0.0092280608 0.0642792470 0.6117376662 0.0685621302 0.1313540856 0.5075693469 0.1292110108 0.3172362489 0.1139680698 0.6497319570 0.5097050634 0.3302701110 0.1131157617 0.1515302987 0.0889915887 0.1686045273 0.1592565557 0.1354153528 0.4193163994 0.4036809698 0.3990443116 0.0047789684 0.3256604203 0.2019128589 0.4510167289 0.0014113054 0.4358123045 0.3331044129 0.3123358614 0.1073810138 0.2683233823 0.0250970180 0.2398945827 0.4625879716 0.0104058177 0.3647352112 0.3206019566 0.0139357139 0.0648171016 0.0039177761 0.1526269940 0.2599607479 0.1857222061 0.5966062217 0.5000000000 0.3358225700 0.8424816168 0.8812377344 0.9762947642 0.8814658962 0.8991314498 0.8756803829 0.5991628434 0.9520485312 0.7371179841 0.9917308871 0.9462812894 0.7671968846 0.5481924879 0.3034808854 0.4491761419 0.6386147548 0.7833203992 0.9864117449 0.7482524958 0.7810046924 0.8887778162
 0.1379613647 0.1183602010 0.3159917538 0.3603427232 0.1569056519 0.0978223208 0.2062982471 0.1291442324 0.0145649986 0.2063950937 0.2868696325 0.0901051326 0.0485225824 0.1271301746 0.6995972690 0.2679085298 0.1739782735 0.0498800634 0.1646635768 0.5560999592 0.2260905891 0.3272371936 0.2153628450 0.0674149083 0.3282879401 0.3416099759 0.0437306842 0.2604613875 0.0091879803 0.2614001659 0.2015779186 0.5191884100 0.8635817909 0.2103941125 0.0415204069 0.0975640316 0.5958196602 0.0482270979 0.2576395229 0.3669335738 0.1765722347 0.0515138877 0.0314343199 0.0943032287 0.6859555390 0.5218682408 0.5005568258 0.5276679831 0.3729129342 0.0788099279 0.5351335292 0.3581213546 0.3170393727 0.2870401932 0.1648673251 0.0210777739 0.0554595426 0.0098289863 0.3544022317 0.0191774777 0.2798126591 0.0860245907 0.1218285380 0.0048636283 0.2219431169 0.1545010001 0.0244509354 0.1217068353 0.0162500634 0.2979662807 0.0413758569 0.3869631557 0.4139201139 0.2936586569 0.0778871341 0.0898597098 0.1896675962 0.6641774300 0.5000000000 0.7280715452 0.6705399859 0.8435449146 0.4176098037 0.9551437955 0.9428467467 0.5344327457 0.9315965634 0.9462619268 0.7721975094 0.9146758381 0.8863377595 0.8615660171 0.5469828642 0.5416584176 0.9448065309 0.4619707406 0.7475157840 0.9824480505 0.9671321755 0.8575557799
 0.2625350648 0.5149983623 0.0682875105 0.0047509638 0.4600755799 0.1154164290 0.0994907873 0.0885579104 0.0674071475 0.3870685356 0.3422580380 0.2145472113 0.1693567519 0.4008307931 0.5140183872 0.2314807152 0.0982010428 0.0551299138 0.6647953529 0.5212804824 0.1387541197 0.0673308355 0.1748208676 0.7064711185 0.2659933253 0.1545002100 0.4276744968 0.0325104478 0.5343302805 0.0336958012 0.2986378802 0.1127092618 0.0730047632 0.7237547722 0.2844486978 0.1267692915 0.1551258394 0.7346803836 0.1817074501 0.5009507173 0.0221906478 0.5730743166 0.0787950406 0.5153757122 0.3253461203 0.0947464579 0.0706393967 0.0948412299 0.4327398633 0.7760267014 0.1589013226 0.1492568042 0.1864839918 0.6390896351 0.5753077970 0.5791736982 0.1738336934 0.5330915700 0.1785647642 0.7372080114 0.0507185356 0.0493179114 0.0299056774 0.3958784097 0.0737943073 0.1468111940 0.4333930213 0.0178302243 0.0491738114 0.0259939924 0.0509582695 0.2636538314 0.0439114096 0.1370833221 0.0143380144 0.1878987511 0.3407996124 0.1575183832 0.2719284548 0.5000000000 0.8091920599 0.7712809489 0.9328893075 0.9140059613 0.7468527677 0.8669314197 0.5301390876 0.4970720575 0.9773100005 0.2583523374 0.8845993796 0.5477383703 0.5786751509 0.5497272985 0.7843560713 0.5172543408 0.6761407282 0.9776260809 0.7307281410 0.9552140645
 0.5851471779 0.3061364352 0.1141734165 0.5528510237 0.3593057325 0.2309912081 0.0084709374 0.0183715847 0.0142234849 0.4055510277 0.2183366691 0.3021137226 0.4468431589 0.1211304809 0.4847285253 0.1605816946 0.0442886459 0.2943242294 0.2072239918 0.0117091777 0.0919759878 0.5236476500 0.4377682524 0.1759559324 0.1358825704 0.4771737548 0.1001620048 0.2829828643 0.0041034334 0.0452319273 0.3227866957 0.1603748685 0.1266155048 0.0274704407 0.4019817268 0.3241208676 0.2505649125 0.3717259690 0.1772374306 0.0959762138 0.2806415666 0.1146260960 0.4213250336 0.5436458065 0.3182390525 0.0703902616 0.2339785276 0.3230088581 0.2683323876 0.0466181522 0.1463913501 0.2274354739 0.5054015238 0.1548539599 0.1432815622 0.1744604164 0.1155909795 0.0614052234 0.2227076299 0.2113071193 0.2368396001 0.3939822103 0.0843381618 0.4021299343 0.0150912122 0.0169723007 0.2875168228 0.1738619394 0.4158816903 0.0822227962 0.4081442005 0.4378898859 0.0566257101 0.4926323512 0.0836080140 0.4242023736 0.6071670049 0.1187622656 0.3294600141 0.1908079401 0.5000000000 0.7592770201 0.2882261188 0.7975716287 0.4199521536 0.6473466838 0.9941507163 0.5867721560 0.6557782910 0.3694265673 0.1970883652 0.9954606832 0.7664841004 0.4039480277 0.5994710801 0.6770408718 0.5973728667 0.6691833237 0.8288101802 0.9885748568
 0.0068192781 0.1824135422 0.1587149483 0.2442001086 0.1441991043 0.0384467493 0.3003297629 0.0162792236 0.1426853703 0.0084878356 0.2376905363 0.7069416870 0.3362005050 0.0766469017 0.3266429564 0.0048271185 0.2053967842 0.4688268305 0.0647103167 0.0412900633 0.1099387735 0.2700838953 0.0013011091 0.7159913149 0.1212214673 0.0844258854 0.3631617187 0.1987327760 0.0744849484 0.0482628682 0.3013148998 0.6306784138 0.0046426335 0.3658883566 0.5542510130 0.4211258648 0.3432617364 0.0059759028 0.1520502845 0.0774200766 0.3783961719 0.6519826453 0.1281434271 0.0684902933 0.2718503789 0.7208625546 0.2850583706 0.3027269657 0.3617730589 0.2350740008 0.2223379928 0.1809866017 0.0821748371 0.3449200214 0.1468789966 0.1262217406 0.0358309566 0.0844877953 0.3756224949 0.3789620293 0.1084657893 0.1232396527 0.0809726502 0.6988128634 0.0982472668 0.0734617273 0.3598229022 0.1342432145 0.3926137958 0.4261690703 0.1873618843 0.0888636962 0.2815603714 0.0984266174 0.6844763264 0.2091905847 0.1680229700 0.0237052358 0.1564550854 0.2287190511 0.2407229799 0.5000000000 0.8672034039 0.8281611885 0.2198255905 0.8300278252 0.2904261941 0.6923289276 0.9249677224 0.9644633852 0.7181487416 0.6565702978 0.9817015121 0.7052098130 0.9715019767 0.9188496295 0.8794584168 0.7688244856 0.8551332098 0.7007369367
 0.1017562905 0.0313404077 0.0681873279 0.6821146173 0.0717873655 0.3926422210 0.0572772918 0.0079480601 0.3007679730 0.4597774324 0.2966884249 0.1005108885 0.0319282150 0.2281579314 0.1979443911 0.1896223246 0.4166271283 0.1069228349 0.3481764161 0.4897270157 0.5716461908 0.4499195026 0.1889623678 0.6171460316 0.4416509768 0.0247314553 0.4179816978 0.5369202242 0.0153369033 0.0133594886 0.3085854854 0.0585494298 0.1011114913 0.3166953151 0.0441889200 0.2958360512 0.1245807013 0.2110848453 0.1539218310 0.1535383718 0.1797975205 0.1073462665 0.0589704175 0.2202323771 0.3760094191 0.6513992827 0.0558186537 0.1500276680 0.4412396154 0.1208530241 0.7784753663 0.1201226417 0.1966185593 0.1850898970 0.0039585495 0.0226445402 0.1984528845 0.0786724129 0.0794660625 0.1911615663 0.0796896400 0.4066922292 0.3188736133 0.0004113261 0.1231492922 0.2581409136 0.0648345761 0.0817213599 0.1694223580 0.7309872132 0.2073777165 0.4857465379 0.2739674112 0.1763946251 0.3482860969 0.6418978672 0.0871658405 0.1185341038 0.5823901963 0.0671106925 0.7117738812 0.1327965961 0.5000000000 0.5582377773 0.8108625507 0.8863958983 0.8733615327 0.8247379118 0.3157114693 0.9916637622 0.4198421870 0.9698119795 0.8569646458 0.9069403272 0.6259852835 0.8955634114 0.8664599564 0.8316477460 0.6201993165 0.6700828679
 0.0415566914 0.0811345793 0.2938668016 0.2492864229 0.4291709973 0.4860240125 0.1090416677 0.1640747294 0.4608898356 0.1165867712 0.0555412805 0.7505950859 0.5358085362 0.1223690769 0.0344415229 0.3551637932 0.0059958741 0.0880953629 0.1457172638 0.1768689040 0.0701248069 0.1500953872 0.1102300027 0.6680633092 0.4417967618 0.0995347619 0.0672762412 0.3117052592 0.1014414125 0.6061582968 0.0673321598 0.4723303268 0.4533912272 0.3538414488 0.0703724154 0.0215712528 0.5798854478 0.0071473145 0.2974873558 0.2069528706 0.3585563438 0.8663266191 0.4085400706 0.4488118134 0.2290763676 0.2878471343 0.1444594906 0.1802323313 0.4026314702 0.5224026983 0.1319962049 0.4794344029 0.6722624417 0.2792425581 0.2095838679 0.2834131572 0.2217545606 0.2447168233 0.3960440006 0.3316291860 0.5279878499 0.1651250838 0.1296257858 0.1388208373 0.0829793330 0.7308501854 0.0520128918 0.2503978585 0.5641827819 0.6813834516 0.1785038778 0.1728859011 0.2995778103 0.0759073346 0.0979442085 0.2813860595 0.5102438057 0.1008685502 0.0448562045 0.0859940387 0.2024283713 0.1718388115 0.4417622227 0.5000000000 0.8185678263 0.7423508569 0.8694816916 0.3926774557 0.9746971217 0.7978236829 0.8796415084 0.9671465474 0.7312260535 0.9200136387 0.9266036612 0.6891141712 0.9124928768 0.9074211603 0.8511706402 0.7219695836
 0.6371660675 0.5325531460 0.0906632878 0.2649108214 0.2891207716 0.6286912840 0.2862235054 0.0746212334 0.1016423200 0.6239582633 0.4716100271 0.1661746549 0.3015731604 0.0705676852 0.2724403073 0.0295354365 0.3353361279 0.5743874500 0.1710394204 0.1523620408 0.0444783605 0.1974764657 0.5401993242 0.0639928563 0.0887627019 0.0914851209 0.4658214615 0.3060926216 0.1575324621 0.1273032377 0.2040923267 0.0487217704 0.3823036666 0.5965009849 0.2529589875 0.1731002261 0.4819283911 0.5403046446 0.2256599640 0.0320480297 0.0177296666 0.2677286336 0.5049542333 0.4738892012 0.0941943038 0.0526128146 0.2266487618 0.3702446738 0.1308910985 0.2205749752 0.4562244879 0.1734173211 0.0625877822 0.3274100918 0.0514836469 0.1940119322 0.5725552045 0.0716511484 0.0330237691 0.3053628869 0.1788462816 0.4768785130 0.0160503630 0.5530309102 0.2857612366 0.2805907375 0.0874544728 0.2702685617 0.0298553881 0.4468563281 0.0284411498 0.2321358043 0.2662030815 0.1358885858 0.1898047376 0.2059227803 0.3826864714 0.1243196171 0.0571532533 0.2531472323 0.5800478464 0.7801744095 0.1891374493 0.1814321737 0.5000000000 0.4298649890 0.2608102507 0.8410584024 0.7644494280 0.9560891165 0.9143530254 0.8303128737 0.8135252932 0.9052473335 0.8454858899 0.9283760132 0.3611007086 0.7821484625 0.9784040996 0.5335487262
 0.2672867259 0.0410870201 0.1973810780 0.3614652049 0.5698104912 0.0121595071 0.0423847949 0.6021982322 0.0192486187 0.0668919022 0.2217823702 0.1865989206 0.2222053106 0.3368061527 0.3467275759 0.2065135638 0.1573557626 0.3042480050 0.2262129847 0.1269732137 0.3233383771 0.0073689817 0.3327824060 0.7582192546 0.0968114750 0.2377852113 0.0971036188 0.0102553803 0.0321147934 0.2643598073 0.0906615353 0.5729207028 0.0151523945 0.0403281526 0.5127266429 0.2623273345 0.2571497754 0.6302878358 0.2237768547 0.4226473445 0.4089702376 0.3038286780 0.0524615902 0.2614680908 0.4173783837 0.3144322647 0.6298237115 0.1490630797 0.3537902344 0.1530576283 0.0110209858 0.0007206890 0.0910571496 0.0361588573 0.4450131122 0.1811809510 0.0413612873 0.1964655946 0.6001851085 0.5670463484 0.1579203855 0.5377212766 0.7670376859 0.0113147118 0.6523559534 0.3519516305 0.6146387357 0.7023574791 0.0932705977 0.0149561072 0.1175827266 0.6944962115 0.0894771423 0.1679222837 0.4005848616 0.3580776469 0.5398003994 0.4008371566 0.4655672543 0.1330685803 0.3526533162 0.1699721748 0.1136041017 0.2576491431 0.5701350110 0.5000000000 0.9384514718 0.7233940168 0.7744839873 0.8902354657 0.9731452620 0.5494630332 0.7240017742 0.9341583093 0.7536899761 0.7912734548 0.8311065542 0.9255279256 0.7395955706 0.7574803552
 0.0776803273 0.2105837302 0.2803795550 0.1453864796 0.0339303467 0.1180800486 0.3397754507 0.1183064132 0.1001131416 0.1078275200 0.1565871737 0.2533807702 0.0420672703 0.0910030111 0.3441713918 0.0055602280 0.5417141676 0.2784341003 0.0402136609 0.3456847949 0.5028157941 0.7459470021 0.3459913183 0.8243713955 0.0606049538 0.1862957055 0.1326294491 0.1340421751 0.5292433349 0.0738936294 0.2503122811 0.2227283583 0.0633651275 0.2287902912 0.2249721687 0.4526440062 0.2161542843 0.0301031221 0.0508272957 0.2975034669 0.0281841230 0.1752161044 0.1065974770 0.2406845913 0.0954101196 0.7506998068 0.2842381157 0.3511435825 0.1611817856 0.3042682638 0.0421870309 0.6501100369 0.0738805110 0.0035021659 0.0402364122 0.4514975818 0.4043588364 0.3981817224 0.0159168599 0.5358579591 0.4885708001 0.4532435747 0.2961375942 0.1031148512 0.2227228719 0.0954962185 0.1873469837 0.3004897650 0.0094016015 0.0125012267 0.3793388387 0.1855442685 0.0346197515 0.3274344756 0.3340447605 0.0417046837 0.0004488169 0.0479514688 0.0684034366 0.4698609124 0.0058492837 0.7095738059 0.1266384673 0.1305183084 0.7391897493 0.0615485282 0.5000000000 0.8257607865 0.4136206174 0.9361936517 0.9010373921 0.9511751414 0.7805180591 0.7270921972 0.8103276716 0.9038407249 0.7113172204 0.9554798997 0.9598628440 0.7807523940
 0.2094761728 0.6993691593 0.0299049585 0.4540886231 0.1818664836 0.1997548304 0.0915723946 0.3161544561 0.3385827925 0.7337451014 0.4183183093 0.2508638659 0.6872729455 0.0805925569 0.2075931753 0.2813269997 0.0481144473 0.3434540013 0.0679257936 0.1284919939 0.0175114326 0.1883478162 0.0093806972 0.1021414560 0.1241429177 0.1271358388 0.0913228156 0.0369092933 0.1612629165 0.0535037204 0.3473517900 0.3493989969 0.3425964437 0.2187387709 0.1047254086 0.4437438302 0.2026744278 0.3479553624 0.2454576570 0.2648105859 0.0425418129 0.0142626342 0.0103897213 0.6051597851 0.0509767409 0.1780324548 0.0726302181 0.0257554866 0.0176674357 0.4935635252 0.3146866913 0.1552367401 0.0790229992 0.5875740359 0.0418987145 0.3691721971 0.3236595683 0.2818722326 0.0500498419 0.1990614972 0.2621705792 0.4012398910 0.0750616701 0.0232237917 0.3314827183 0.1915639296 0.6144702925 0.1716944387 0.0737722225 0.3680299685 0.4182391024 0.1034805062 0.6249957099 0.3544679606 0.5572373372 0.2111323317 0.1293227959 0.2628820159 0.0537380732 0.5029279425 0.4132278440 0.3076710724 0.1752620882 0.6073225443 0.1589415976 0.2766059832 0.1742392135 0.5000000000 0.9254477703 0.6471258820 0.7396731105 0.6676357985 0.9100473583 0.7532226359 0.7354340347 0.5438328164 0.9873809482 0.9209580527 0.9882254795 0.9072235420
 0.0537458021 0.6018246347 0.3703371681 0.0754047374 0.6088055490 0.0824098021 0.0095024994 0.1239156196 0.4247950486 0.0715822590 0.0583231832 0.2541327060 0.1950240953 0.0444069485 0.0522859952 0.3253814060 0.0070159474 0.0118659523 0.3864550768 0.1989583840 0.5979027810 0.1652099759 0.1364713802 0.3467573994 0.1677578007 0.0900935248 0.1128261511 0.0080592028 0.5765591460 0.2468283317 0.1480331168 0.0460300597 0.5599543658 0.3684649534 0.2377086562 0.2593410734 0.0839135662 0.1252741436 0.1157632136 0.0440759115 0.1937405464 0.5582745761 0.3208455681 0.1134362615 0.3176435712 0.3431545322 0.1468816811 0.1182485185 0.1885997381 0.3831173256 0.5017690468 0.2293980801 0.1120094031 0.1135293522 0.5452312229 0.1428266288 0.3114936181 0.2135659129 0.3796371196 0.2700349408 0.0245136572 0.2335745039 0.3009656608 0.0055029090 0.1202264788 0.1232216616 0.2525368572 0.1275124628 0.0274190245 0.1094715063 0.1475806804 0.6493845270 0.3900947042 0.2594425615 0.0971452545 0.0621176450 0.2162844105 0.0082691129 0.2278024906 0.0226899995 0.3442217090 0.0750322776 0.6842885307 0.0253028783 0.2355505720 0.2255160127 0.5863793826 0.0745522297 0.5000000000 0.7974338430 0.6521225957 0.9170028924 0.9266953293 0.8239739187 0.8620479550 0.7808408166 0.4809812774 0.7103754167 0.7345625731 0.6190506640
 0.1252589184 0.1990180833 0.0166217780 0.1329732170 0.2673946909 0.0602921631 0.3371305316 0.4134032421 0.0274504294 0.1297490913 0.2965376212 0.4050758816 0.0923081033 0.2854535573 0.6359060758 0.2074633031 0.1274811039 0.1153655479 0.3521256967 0.4169589131 0.0344238845 0.1162554238 0.0252633057 0.2381698358 0.5332011583 0.3902661448 0.4499857984 0.4775666274 0.0009415003 0.2055957500 0.5579399181 0.4221619152 0.4479691464 0.0618025214 0.0983064177 0.0076096044 0.0250065778 0.0576134393 0.2270071661 0.8983215084 0.0235796875 0.1916080344 0.1371908692 0.0581065490 0.0376516615 0.0753530050 0.0803451888 0.4176973710 0.0883442900 0.0012175065 0.1372230447 0.1197109435 0.3098781250 0.0028066076 0.2388939339 0.2255904588 0.0485596901 0.1985048301 0.6670000352 0.1378830332 0.4498771161 0.2395597800 0.2041950094 0.2710287399 0.2100736114 0.1091565444 0.2334474189 0.5719627910 0.1024511038 0.1352339065 0.1091713389 0.0869177021 0.7373267144 0.0860086514 0.1456188058 0.2872863717 0.2068632724 0.0537187106 0.0853241619 0.7416476626 0.6305734327 0.0355366148 0.0083362378 0.2021763171 0.0439108835 0.1097645343 0.0638063483 0.3528741180 0.2025661570 0.5000000000 0.4375644744 0.9952211854 0.5173660061 0.9975058105 0.8948877964 0.7416416296 0.7167915801 0.8473677984 0.9306277860 0.8654499259
 0.4158649831 0.0440121468 0.3669448025 0.0137716581 0.2306063276 0.2456874268 0.0751152866 0.3678642678 0.0415682705 0.5063215453 0.2615854101 0.2012027323 0.4825224191 0.1614639473 0.1867568712 0.0629400717 0.2886886218 0.4085002609 0.2024802625 0.1976390477 0.2607412268 0.1857425996 0.0826860663 0.0071805457 0.2091753216 0.2716855851 0.5629626894 0.0205717594 0.0951896935 0.3097712159 0.2509549468 0.2337845047 0.1498933903 0.1477284572 0.4012456138 0.4011305035 0.2630619905 0.4030495801 0.1333297059 0.4042476021 0.8489124360 0.0400885709 0.0100480245 0.3185574344 0.3447437668 0.4965146518 0.0137867250 0.0250644484 0.2858052243 0.4270766371 0.2403329791 0.1962806524 0.2525911173 0.1096727596 0.0823870852 0.4533048718 0.0410452857 0.0562755230 0.0212251606 0.2527284206 0.3838403922 0.5160683086 0.4715201377 0.0670267493 0.0247451766 0.0364470951 0.2648292629 0.0254415244 0.5249610621 0.4550206185 0.4535613841 0.1232173419 0.1647731814 0.0198886068 0.2042704648 0.1885870751 0.1689676032 0.2328031154 0.1136622405 0.1154006204 0.8029116348 0.2818512584 0.5801578130 0.1203584916 0.0856469746 0.0268547380 0.0989626079 0.2603268895 0.3478774043 0.5624355256 0.5000000000 0.5026676371 0.7372595326 0.8960043303 0.8849178910 0.8097272132 0.8189507712 0.7846055268 0.6982288753 0.9287675347
 0.2436406767 0.2110048449 0.1081799830 0.0789009686 0.0686993826 0.5144257546 0.4617257519 0.0302605352 0.3139720672 0.5322612711 0.0643489395 0.2363161245 0.0809251252 0.0066826024 0.0518645632 0.6382340280 0.0878953624 0.6116149327 0.3272471055 0.3526540814 0.0706307969 0.1067292235 0.6920314627 0.2483669247 0.3530641877 0.2455774013 0.0061408753 0.4882219821 0.1999832976 0.1542461986 0.0933683307 0.5519217311 0.4555684190 0.2063196178 0.4136012713 0.0452308894 0.6876379627 0.4096775763 0.3779880193 0.4411224012 0.0843836765 0.3440526548 0.0867155681 0.3610452297 0.0344080935 0.1838582894 0.5976638838 0.0929205452 0.5259703186 0.1472746467 0.0192679120 0.3978195640 0.0485330809 0.0394094158 0.0829247472 0.6412365277 0.0638667049 0.0391767995 0.3426067543 0.1262743192 0.2191110085 0.0526052051 0.7168454386 0.5665166752 0.1595301982 0.7395556511 0.3575155410 0.3193363592 0.2853928946 0.3043593802 0.1605873147 0.0751897442 0.4856946286 0.1248993039 0.2431851153 0.1708350280 0.3055060756 0.4518075121 0.1384339829 0.4522616297 0.0045393168 0.3434297022 0.0301880205 0.0328534526 0.1696871263 0.4505369668 0.0488248586 0.3323642015 0.0829971076 0.0047788146 0.4973323629 0.5000000000 0.8968427157 0.8075768766 0.9506493966 0.9741845693 0.6421934421 0.7946478066 0.6853194622 0.5137412062
 0.3012095401 0.5399171791 0.0175031688 0.3172333707 0.2165639787 0.6707038729 0.1897287921 0.0626107719 0.2913294711 0.3437231857 0.0054776591 0.4888364397 0.2637558062 0.1250505433 0.1324010239 0.5961574973 0.2281259298 0.6655002758 0.3538730120 0.0930471294 0.0271697038 0.1893391875 0.3958077064 0.0284782715 0.0093085820 0.5261905958 0.4266777219 0.0197462318 0.5339828014 0.5333774167 0.3751967422 0.1792841721 0.1077745316 0.0654058966 0.3660757021 0.1690498771 0.2301884652 0.0169021311 0.0629083307 0.0013178864 0.0683054477 0.2293953642 0.2675173659 0.2165551691 0.0420636740 0.0719793081 0.4543103859 0.4595900666 0.0649540725 0.7557561963 0.4975968089 0.2873625156 0.0755943110 0.3318642974 0.1255374299 0.4130369419 0.3645726845 0.1839723847 0.0679770334 0.1558363539 0.1223672183 0.6647257245 0.1212118254 0.1466223650 0.4510388833 0.5321164115 0.6381319962 0.1937737955 0.1187332287 0.5502575470 0.3026835790 0.1227834859 0.1162032361 0.0945477040 0.5223826947 0.0877519481 0.0723653869 0.6965191146 0.4530171358 0.4213248491 0.2335158996 0.0182984879 0.1430353542 0.2687739465 0.1864747068 0.2759982258 0.2194819409 0.0899526417 0.0733046707 0.4826339939 0.2627404674 0.1031572843 0.5000000000 0.9563523037 0.8563405900 0.5384923122 0.8459275035 0.9094716395 0.9451975671 0.9501786674
 0.1219740935 0.2801825404 0.1729200715 0.0735388966 0.2988159716 0.5679058747 0.0686931151 0.3514015418 0.0918019839 0.2690938647 0.0601423782 0.0184768330 0.4699691597 0.1269095683 0.1720188378 0.2243333351 0.1835841528 0.4994518581 0.3020203405 0.3717786572 0.0415695868 0.0704588124 0.0804471501 0.0992632786 0.0452011526 0.0495077818 0.5449729650 0.6017930732 0.1516838313 0.2275656581 0.0469188952 0.3037394987 0.0401018719 0.0664727271 0.3422483304 0.2532624487 0.0074550988 0.4541415021 0.1270286929 0.4139651033 0.3280220001 0.0917126392 0.3387464056 0.1509024203 0.1154805743 0.1109792282 0.0857573616 0.3220346376 0.5333437430 0.4434535903 0.2768351733 0.0422413444 0.9026171848 0.8029009750 0.1947153726 0.0651672763 0.2960253683 0.0001637783 0.0343789078 0.1691971453 0.2135730975 0.0601933046 0.3392908979 0.2264746713 0.0578056466 0.1646370718 0.0804800360 0.1833531866 0.7396240631 0.6819266053 0.2653242896 0.0337509086 0.3872739452 0.2848771970 0.1191310102 0.5240568005 0.0534000768 0.5508238581 0.4583415824 0.4502727015 0.5960519723 0.2947901870 0.0930596728 0.0799863613 0.0947526665 0.0658416907 0.2729078028 0.2467773641 0.1760260813 0.0024941895 0.1039956697 0.1924231234 0.0436476963 0.5000000000 0.7056595011 0.6115295360 0.9826350712 0.6477275150 0.8401590262 0.4854114929
 0.0143487050 0.0500272446 0.0612235001 0.1925172755 0.4388751916 0.6452297089 0.2465994055 0.0144540936 0.2200384670 0.1726249695 0.3753479441 0.0512107064 0.4080394211 0.2358650331 0.0232598838 0.5416963198 0.0136375881 0.5941575088 0.1509649102 0.2953393399 0.0637018739 0.4387762614 0.1961828581 0.5899349839 0.4419420542 0.1909297791 0.2720967364 0.1908565729 0.0439914776 0.3902840198 0.0620457868 0.2240662946 0.5185037406 0.1371592276 0.1594761983 0.1371076345 0.0183115072 0.1347335056 0.1046200786 0.1135782955 0.0980114100 0.5143290877 0.2188806250 0.0710321490 0.0525459434 0.3877686717 0.2162423519 0.0169417850 0.5013408782 0.1706189863 0.3508941047 0.1290878982 0.6057377613 0.3898603296 0.3406148099 0.6956288609 0.0458096388 0.2889942141 0.0410467754 0.1491494349 0.2370475034 0.0222341291 0.3866642259 0.5432393154 0.0862853351 0.4556584343 0.1812970530 0.0001712668 0.8849925972 0.2456629367 0.0487504745 0.1871952855 0.4349347211 0.1795468769 0.1070521240 0.1761663691 0.5440623136 0.3613852452 0.0551934691 0.2156439287 0.4005289199 0.0284980233 0.3740147165 0.0733963388 0.1545141101 0.2463100239 0.1896723284 0.2645659653 0.1379520450 0.1051122036 0.1150821090 0.0493506034 0.1436594100 0.2943404989 0.5000000000 0.6782301940 0.7456134675 0.7113671049 0.8049474601 0.2109129652
 0.1285822262 0.0618362994 0.1574109778 0.3603380943 0.2628846951 0.1270877397 0.5390969237 0.3859505615 0.0569219064 0.0896798256 0.2128183671 0.6091380981 0.2632496968 0.2899075175 0.1295072715 0.3155918907 0.2778042580 0.5591529069 0.0744757345 0.0948568431 0.0105272434 0.7880934010 0.2106654228 0.3475774313 0.0593137604 0.2033595579 0.5353759066 0.3710340029 0.1666057787 0.2150411735 0.2943722461 0.0707550490 0.0406363268 0.5567391768 0.0060469869 0.2107785442 0.2596609817 0.1081434331 0.1067597941 0.1162663259 0.5312693887 0.0415143522 0.6097715355 0.7141883423 0.1940577536 0.1985454026 0.4150687751 0.0106816906 0.3422326290 0.0250080721 0.5137588431 0.2978838873 0.2499733354 0.6319481393 0.4432766289 0.0178122089 0.1656229102 0.1253809560 0.0302955171 0.2240569040 0.2356347200 0.1126331419 0.0624390510 0.2429478402 0.2595777718 0.0665528709 0.1613008165 0.0114843819 0.1437585691 0.3005193289 0.2985165244 0.3002427565 0.6110021835 0.0394434633 0.0912694991 0.0789180149 0.3531951911 0.2166796008 0.5380292594 0.4827456592 0.3229591282 0.0811503705 0.1044365886 0.3108858288 0.0716239868 0.2087265452 0.0961592751 0.4561671836 0.2191591834 0.2583583704 0.1902727868 0.0258154307 0.4615076878 0.3884704640 0.3217698060 0.5000000000 0.9644142543 0.6346519850 0.4874005061 0.9020645203
 0.1155147975 0.1139631939 0.7289089997 0.5026658627 0.6950623638 0.5634019204 0.2380225801 0.0625850481 0.1976234664 0.4100050204 0.3117402704 0.0925372067 0.7562839947 0.0872984726 0.4766216581 0.1329732686 0.0137785844 0.3136525728 0.5491954643 0.1749156843 0.2344603116 0.2608483108 0.5147371987 0.0245278531 0.1986605178 0.2101023991 0.0456800458 0.0547499365 0.4381731445 0.2256391495 0.2241977827 0.0914897696 0.1738680951 0.2038342856 0.0633964629 0.1420925372 0.4622559538 0.1520017241 0.4856444894 0.2732519319 0.0755894832 0.1523999945 0.2790996652 0.3262457547 0.0177533432 0.0836324050 0.1189045333 0.4607361312 0.2923876188 0.3505209136 0.1316377089 0.0663945101 0.1667420577 0.0054169185 0.4632377618 0.1121800880 0.2728231246 0.4870653409 0.3370497528 0.9096805541 0.3202075387 0.3003335363 0.2746193553 0.1219085985 0.1157267165 0.1175773735 0.0441237514 0.2577898934 0.6687962812 0.2942192933 0.0225787587 0.0081267365 0.0373510215 0.1965700147 0.3718708417 0.2182373032 0.1237631145 0.0135882551 0.2524842160 0.3238592718 0.4026271333 0.1205415832 0.1335400436 0.0875071232 0.6388992914 0.1688934458 0.2886827796 0.0126190518 0.5190187226 0.2832084199 0.1810492288 0.3578065579 0.1540724965 0.0173649288 0.2543865325 0.0355857457 0.5000000000 0.1428534483 0.8779800575 0.6669254939
 0.2015913916 0.2762394480 0.3184852821 0.0110728977 0.4581785802 0.1235165720 0.2017351532 0.1366392303 0.3111120139 0.0091115227 0.4034309527 0.5581353522 0.4036236254 0.1030065930 0.2675493069 0.0424319208 0.0252560087 0.2148542648 0.2198384936 0.1941266748 0.2606286979 0.0721788587 0.1696211856 0.0253865850 0.4626336365 0.2479679561 0.5684537477 0.4134486196 0.1355755462 0.0304250589 0.5034765790 0.0313506723 0.4788117074 0.1700131992 0.0318532383 0.8697154268 0.2981668422 0.2569669148 0.1920005813 0.2367158386 0.1637313127 0.2469300641 0.1333737527 0.1246725743 0.1016839830 0.1177292540 0.0008484098 0.0071027810 0.0159639791 0.7106459704 0.4779084874 0.2347677976 0.4439446892 0.3762807765 0.2873190011 0.0583323305 0.1138881662 0.0572574700 0.2638076226 0.2805076096 0.0400163455 0.1943383951 0.3427164821 0.1979940015 0.0220640693 0.1596518240 0.2833045542 0.0790384099 0.6686480655 0.0171992375 0.4829518038 0.3940887505 0.2987799323 0.0655578286 0.8200631729 0.5309319380 0.4645882679 0.2517475042 0.0175519495 0.0223739191 0.3308166763 0.2311755144 0.1683522540 0.0925788397 0.2178515375 0.0744720744 0.0445201003 0.0790419473 0.2896245833 0.1526322016 0.2153944732 0.2053521934 0.0905283605 0.3522724850 0.2886328951 0.3653480150 0.8571465517 0.5000000000 0.8511126631 0.6630027896
 0.6061072199 0.0247128550 0.0810765295 0.2518573892 0.2402422211 0.0634728653 0.5440139991 0.2607845382 0.2423048153 0.8310343804 0.2230272670 0.0284975847 0.2623516304 0.4161718129 0.1142217140 0.3237707055 0.1758920451 0.1746001212 0.5326080956 0.3048174377 0.0626690434 0.0339239806 0.3918162552 0.1127703146 0.2603834439 0.6102610157 0.1433660629 0.3344857571 0.0833268969 0.0125559182 0.1634602377 0.4966414114 0.1383188101 0.4804866034 0.0709075423 0.0406667981 0.2648037777 0.1743654132 0.3952914368 0.3653757466 0.0920092458 0.1928549444 0.0846717017 0.6344542908 0.2732652090 0.2247791348 0.2357034189 0.1083181194 0.5018672095 0.1313001670 0.0991232154 0.1089811534 0.1377670257 0.2354206914 0.0721500317 0.0849433745 0.3502442057 0.0809651717 0.4196301079 0.1331154875 0.3671673797 0.0587347126 0.4448231744 0.0987764654 0.1561371730 0.2941481282 0.1599339817 0.2072144699 0.7146025308 0.2426370594 0.0002447423 0.0752945571 0.3804802034 0.2790120247 0.3530314231 0.3952316917 0.2544935483 0.2189953076 0.0328678245 0.2692718590 0.1711898198 0.1448667902 0.3798006835 0.1488293598 0.0215959004 0.2604044294 0.0401371560 0.0117745205 0.2654374269 0.0693722140 0.3017711247 0.3146805378 0.0548024329 0.1598409738 0.1950525399 0.5125994939 0.1220199425 0.1488873369 0.5000000000 0.7840588693
 0.6080881873 0.0500215236 0.0494242927 0.0176072831 0.2932418060 0.6299872211 0.3068550278 0.0676693395 0.2317159179 0.0685089154 0.1103183788 0.0008206487 0.0307507008 0.2363413370 0.1310562765 0.5042240747 0.0320636671 0.0502267014 0.3474404007 0.3305916130 0.9185766288 0.6047009729 0.5946240394 0.5080773217 0.0037597214 0.1048829131 0.2224207949 0.0863833464 0.4798588926 0.0960633715 0.2031213784 0.5872814796 0.3621401722 0.0808582993 0.3912940184 0.0874815200 0.1694578843 0.0325589322 0.2074058715 0.5594942867 0.3903010923 0.1017275393 0.2013096043 0.3266817495 0.5625237041 0.0467154358 0.0506741488 0.0607280791 0.2935141433 0.0767260586 0.5517652955 0.3641652912 0.3510284707 0.3715170466 0.1050943241 0.1136550831 0.0559931833 0.5765934163 0.1487975834 0.1807409771 0.1934854405 0.7618230717 0.3227467463 0.6196462043 0.1702081679 0.0095378907 0.0779406170 0.1190450514 0.1107096792 0.3724738407 0.0281737452 0.0967669527 0.2325651612 0.1428477062 0.4302765991 0.4664283289 0.1499560244 0.1112221838 0.1424442201 0.0447859355 0.0114251432 0.2992630633 0.3299171321 0.2780304164 0.4664512738 0.2425196448 0.2192476060 0.0927764580 0.3809493360 0.1345500741 0.0712324653 0.4862587938 0.0498213326 0.5145885071 0.7890870348 0.0979354797 0.3330745061 0.3369972104 0.2159411307 0.5000000000
]
