n: 100

c:
[
 0.5000000000 0.6506550891 0.7027150410 0.6894377255 0.4363551304 0.7704768195 0.9001421698 0.2347486096 0.8260353488 0.4357731972 0.6737616891 0.6636128541 0.8052609972 0.8854062646 0.8890659008 0.9175601498 0.2378396878 0.4966931785 0.6591496632 0.7771339973 0.9086795659 0.6446809857 0.9318332405 0.5977735168 0.7322006410 0.6859876308 0.7818580968 0.9084540965 0.8863244668 0.9807852748 0.8912827684 0.6817664716 0.8088248538 0.7343107729 0.8708779053 0.9630785487 0.7670162232 0.9305080047 0.5008646742 0.7454030413 0.9866829206 0.7343664133 0.4211605921 0.8081977825 0.9468944026 0.9030908193 0.8755767586 0.5801190180 0.8730663909 0.9164903705 0.8413529391 0.8603677859 0.8707701064 0.6038656861 0.8038186198 0.7676546927 0.7324013337 0.8855942009 0.9822648788 0.3871513745 0.8023007454 0.7591171363 0.9627056974 0.5242525552 0.8939013362 0.6393130303 0.6032722066 0.9777443517 0.4311041924 0.8466084456 0.6395224668 0.7619585034 0.8313673104 0.9084224702 0.8753941923 0.9423498972 0.7724581811 0.7056741374 0.8302003254 0.8326132580 0.9140281379 0.8892725592 0.8969643874 0.9327157178 0.8631479067 0.8585986142 0.6943724969 0.6112514178 0.7018148410 0.9003461676 0.6046222030 0.8902828003 0.8761439233 0.9812673391 0.9232062857 0.6878886523 0.9612097768 0.8473186506 0.8460836052 0.8944716755
 0.3493449109 0.5000000000 0.6767117120 0.6678523857 0.7500192423 0.9967415232 0.7929893697 0.9423106000 0.9557433862 0.8249728728 0.6205401257 0.7854902178 0.5683206534 0.5779297483 0.9560785691 0.9477984177 0.8389261282 0.8633199533 0.6892529430 0.9507839117 0.3607433110 0.4130778685 0.1033820484 0.9660006392 0.9611525860 0.6403888069 0.4684287981 0.6409618341 0.9967134647 0.9057140816 0.6952133787 0.8735499852 0.8763462482 0.6733751235 0.9355466100 0.8858720945 0.9564648738 0.9653812774 0.9385759452 0.6067511648 0.8447812702 0.6312410245 0.9088106642 0.9411983663 0.8335108794 0.8447243372 0.4977410832 0.3528003766 0.7499338105 0.9383129095 0.6987658889 0.7997594039 0.9065928142 0.3603558353 0.8274181820 0.4044776867 0.9929073525 0.7593666918 0.7241597767 0.6034269447 0.3505002394 0.9908559796 0.9113212195 0.5715486072 0.5438118120 0.4877807680 0.9020972030 0.8276801648 0.9721952259 0.6041084132 0.9401093499 0.6176672245 0.9696830314 0.3168889169 0.6249054555 0.7868322465 0.7261583859 0.7207808888 0.6574337692 0.8045453636 0.9521017382 0.9775826197 0.7486761413 0.8340525947 0.5178343570 0.6646379574 0.8967323027 0.5754387936 0.6761934579 0.8668937061 0.6793496260 0.8741844332 0.4010354537 0.4569212072 0.9250487054 0.5891242330 0.8071519370 0.4700849224 0.8564663852 0.8402781243
 0.2972849590 0.3232882880 0.5000000000 0.5428534516 0.5160339690 0.9090120116 0.9203486237 0.5236491924 0.5569184546 0.9236405182 0.9849013892 0.8830014066 0.5241798601 0.9828331563 0.9079077071 0.9902553173 0.8877187639 0.9404968131 0.5827546495 0.4908091948 0.5591454174 0.5640424402 0.8506078289 0.8948098750 0.8248298097 0.4718647846 0.9206935436 0.7623225921 0.5244069159 0.8861257292 0.9301830146 0.6710918566 0.8907581194 0.3570066614 0.9402366901 0.9275046430 0.4372677483 0.9276869920 0.9981091911 0.7147831705 0.9159905763 0.8045789519 0.8329098820 0.7582479041 0.5018910193 0.6838485343 0.4701587856 0.9199832911 0.7114209349 0.6147530982 0.9922355435 0.9680817749 0.8976935090 0.2494815127 0.2960678699 0.7462742263 0.8878581956 0.7864373279 0.8070297372 0.3131133467 0.5046811189 0.4886064527 0.8717647885 0.8112543479 0.7265144644 0.6063374249 0.8766454216 0.9963276856 0.8204629364 0.9136522743 0.9908046614 0.9703354841 0.4283358491 0.7926409943 0.8485229077 0.5696096015 0.9953141721 0.9933130329 0.7693478062 0.4175225401 0.8590071157 0.8031881269 0.6629225412 0.8516050803 0.8911425297 0.7692943112 0.7363164825 0.7587345091 0.4360011374 0.5415626679 0.9923259224 0.8177335868 0.6559272624 0.5452555332 0.7785013362 0.7730395090 0.9110243934 0.9026758521 0.9975030890 0.9795131879
 0.3105622745 0.3321476143 0.4571465484 0.5000000000 0.3496192326 0.9756822292 0.9570610344 0.9868906352 0.7916469643 0.5850082904 0.9906060020 0.7784573695 0.6553265188 0.7920667458 0.7683663325 0.5712720929 0.8995001175 0.7978259725 0.9499689796 0.7245320109 0.8052609259 0.7857094428 0.8449286099 0.9811481787 0.4521698636 0.9801102593 0.9804918531 0.7629130088 0.9601165820 0.3344431728 0.8825605539 0.6839605527 0.5986919581 0.5153925620 0.8349757232 0.6091428730 0.9695753831 0.4129511017 0.7914067429 0.4482319799 0.6511706644 0.8904014609 0.7717583929 0.8652796370 0.9560708265 0.7724104671 0.8566621530 0.7639084495 0.8686608514 0.7976542751 0.9923271694 0.7911104452 0.7172938980 0.7760414832 0.9974344115 0.7050018870 0.3808501285 0.8197626937 0.9492670456 0.5955665978 0.9667822407 0.9842801376 0.7667658699 0.4549032267 0.8033135807 0.8865714841 0.3158787273 0.3359529858 0.9428084615 0.8962589191 0.9525091702 0.8369779774 0.8562680302 0.6626702492 0.5999368790 0.3748671089 0.7754099050 0.9716598319 0.8506034107 0.7125805325 0.8123308176 0.5564491540 0.4568367508 0.6795303153 0.8041225654 0.7493304344 0.9711308236 0.8877434982 0.4972506508 0.9342959233 0.8555180783 0.8032574697 0.6521299780 0.8565698835 0.8619039185 0.8062752062 0.8804834577 0.8118642175 0.8453511034 0.9677621181
 0.5636448696 0.2499807577 0.4839660310 0.6503807674 0.5000000000 0.3340633089 0.9300937440 0.6592314504 0.5644822591 0.7074336996 0.7075188878 0.9322821506 0.9665640441 0.6711354571 0.6213442151 0.7696676838 0.6410104702 0.9807522722 0.7324734851 0.8573525079 0.9576735223 0.9716177366 0.9765213225 0.9980579242 0.6998260802 0.9088607396 0.9812140967 0.9317634263 0.9518839798 0.9372474965 0.8450644027 0.4931880784 0.7497563800 0.5708235681 0.8233727960 0.6065939158 0.7657854486 0.8257193808 0.4961487602 0.8985702133 0.9360825642 0.5586019737 0.9422475688 0.9911076312 0.9232800240 0.6155276865 0.7360518360 0.7406302913 0.8281017166 0.9611462550 0.9049728332 0.5499580133 0.5012737069 0.8351620617 0.3127958015 0.5175456948 0.7412186765 0.9235926905 0.9761995434 0.5557373482 0.6563680235 0.3444397878 0.5500150084 0.5329067467 0.4841675258 0.9294810936 0.8058021231 0.8702538139 0.6433970227 0.8671555632 0.5780929209 0.9689036962 0.7034202644 0.8828934675 0.7948365392 0.6611284260 0.8541310343 0.8412246243 0.9921441561 0.7156825859 0.8843155759 0.8147946660 0.2478806686 0.8470635157 0.6342999614 0.7702825611 0.8365194074 0.5212814739 0.9000964560 0.3188533501 0.9762433411 0.9110578415 0.9972303992 0.9430914684 0.9955718660 0.7252644404 0.9492884689 0.9898645387 0.7609161187 0.9612290280
 0.2295231805 0.0032584768 0.0909879884 0.0243177708 0.6659366911 0.5000000000 0.8293466548 0.8461855368 0.3803063968 0.4598055902 0.9471077627 0.4407378759 0.6450757464 0.7441701920 0.8616007926 0.9581278051 0.8186340831 0.6379037593 0.9220481721 0.8734176291 0.8600966193 0.9971217280 0.9297073101 0.8418041805 0.4250183186 0.4346419141 0.7952603224 0.9408089259 0.8533857828 0.9737631625 0.9584603820 0.9816835504 0.7981813301 0.8993438810 0.6577814752 0.8418164646 0.7243498870 0.6102853861 0.5529419677 0.7165741124 0.6230008566 0.5628634682 0.9428413558 0.7437576116 0.6119602454 0.8685798090 0.7116888685 0.6269682230 0.7581679258 0.9129809340 0.5361829247 0.9801847386 0.9176553710 0.9623580178 0.7859131570 0.4014673908 0.8518353516 0.7073163311 0.6135243543 0.3620868059 0.4869574554 0.7683707341 0.9761544931 0.7204329952 0.9314208617 0.6333470277 0.7484605452 0.9660721656 0.8226573573 0.6738755612 0.9698668259 0.7658943996 0.7711485604 0.7405814010 0.6694753297 0.8000469717 0.8608874096 0.7837677299 0.9087950833 0.9869196029 0.8572825737 0.8105687001 0.5409833512 0.9875785915 0.5439991775 0.7415133731 0.9846818588 0.9531606726 0.4825760743 0.8811041206 0.7044042202 0.7449048824 0.5065932223 0.8685647088 0.8115555404 0.9745485026 0.7196161395 0.5435506620 0.8035625820 0.7701319161
 0.0998578302 0.2070106303 0.0796513763 0.0429389656 0.0699062560 0.1706533452 0.5000000000 0.3026995065 0.7116724992 0.9541629184 0.9278864669 0.8063183707 0.8236474462 0.8574619132 0.3847935420 0.6612867758 0.7596063536 0.5269965834 0.7949076063 0.5365010192 0.9099731289 0.6309819696 0.9762297328 0.7578961391 0.8876811249 0.9204619997 0.8430283980 0.9725792387 0.9342228601 0.9556538475 0.7304166971 0.8107929089 0.6737048195 0.8475682715 0.2305666485 0.9790443290 0.9315140748 0.3645581087 0.8526251553 0.9728102707 0.9439248113 0.5951644813 0.5827276581 0.9724625852 0.7986246005 0.8618063734 0.9144791267 0.8608003354 0.7610473412 0.7558734453 0.7148148289 0.6008768711 0.8209116179 0.7195531771 0.5750073832 0.6573085658 0.7224454768 0.8951049204 0.4134072404 0.8577420371 0.7645123705 0.7569682121 0.5787546200 0.3105575145 0.9297448667 0.8786764127 0.9094777547 0.6902156507 0.5472481853 0.6798826582 0.9617778374 0.7295328970 0.5743052208 0.4914397391 0.9989456335 0.4725523050 0.6906735592 0.8545240673 0.8189898341 0.8496744144 0.9731012823 0.9191279473 0.9358859817 0.9609328640 0.7986942520 0.5892887911 0.5722834849 0.7163868546 0.8361049612 0.9692603576 0.5708874738 0.8076127959 0.9237663173 0.9981739907 0.7935359282 0.9997228471 0.4834998257 0.7815837928 0.9861106896 0.9583302253
 0.7652513904 0.0576894000 0.4763508076 0.0131093648 0.3407685496 0.1538144632 0.6973004935 0.5000000000 0.6837940534 0.8584993395 0.6161677547 0.5028180797 0.9172297656 0.7246431983 0.9557600841 0.9105647031 0.7913699948 0.5359607670 0.8402981369 0.8406481042 0.5883518185 0.8330084235 0.9811004881 0.7604056497 0.7037173874 0.3339639766 0.7446573319 0.9667004833 0.7717598596 0.7934018582 0.9991849526 0.9024600055 0.8975957256 0.7661281423 0.9522209550 0.7539487266 0.9187884868 0.8985703438 0.8270791512 0.8592736849 0.9921752414 0.5089669994 0.6966119828 0.5048697055 0.8170390611 0.7497279665 0.5537186907 0.9082146955 0.9523376685 0.9446949811 0.5458287725 0.9873585495 0.7161666698 0.9219744198 0.9344800071 0.4516011291 0.4433135027 0.9252926952 0.7884352649 0.8819643131 0.7446560476 0.2772786611 0.8238363797 0.9001717898 0.7189399599 0.9318764855 0.9288326654 0.3310979646 0.9844366930 0.7209514731 0.5838661144 0.8229651235 0.7794295102 0.9865918119 0.7277330596 0.8679300979 0.9064654295 0.7536709542 0.8176556269 0.9470871260 0.8647847212 0.8431521699 0.8462586310 0.7296470958 0.9322934104 0.2067608372 0.7728864842 0.3479091456 0.6664755432 0.4112048672 0.9650978160 0.1456632959 0.9216822409 0.6603093612 0.7571706760 0.8858171326 0.8020394959 0.9665572724 0.8494084853 0.9834541731
 0.1739646512 0.0442566138 0.4430815454 0.2083530357 0.4355177409 0.6196936032 0.2883275008 0.3162059466 0.5000000000 0.8830586217 0.8952555155 0.7166459854 0.8412134822 0.9707540754 0.8951419643 0.5339075328 0.5662754375 0.4942498374 0.7018350027 0.8355893465 0.5880871431 0.7657155761 0.7262007662 0.8809803919 0.7738731550 0.5516970081 0.9994907318 0.7145046436 0.9394426807 0.6351241999 0.7747221453 0.8329423945 0.6659485744 0.6826891938 0.8098821094 0.4233383234 0.7985995099 0.8851168690 0.9952193842 0.7748129488 0.4635634742 0.9047490040 0.9501041553 0.7132491833 0.7268486157 0.7477082425 0.5297238161 0.9157970693 0.7980582750 0.9070945212 0.7545001490 0.6496406705 0.9551433327 0.5172969332 0.6838083145 0.8822136093 0.5972152358 0.6752740840 0.7329965736 0.9455894456 0.9454771520 0.6730547089 0.4017463203 0.5837381067 0.6929282425 0.7265653132 0.8697820512 0.9214119913 0.8415429729 0.3978626454 0.9411072790 0.8665806781 0.8498587379 0.6080346547 0.9486787887 0.6837765158 0.8790798464 0.6815355953 0.9351339835 0.3212142706 0.6416953281 0.9476796851 0.9485947981 0.3892893389 0.5985377070 0.3914124769 0.5387261769 0.6475995613 0.8882049448 0.9693770556 0.9817677710 0.9910258462 0.6944191211 0.8407049970 0.9672305052 0.5962026585 0.8574433394 0.9815049420 0.9222458119 0.6730597048
 0.5642268028 0.1750271272 0.0763594818 0.4149917096 0.2925663004 0.5401944098 0.0458370816 0.1415006605 0.1169413783 0.5000000000 0.8790177341 0.6715864606 0.9932471266 0.4763665070 0.7416112112 0.8220806116 0.7729533392 0.8669791205 0.9273655867 0.9891375933 0.9633516810 0.4059393048 0.8745012753 0.8918376649 0.9591973583 0.8681744749 0.7700701561 0.9591244166 0.4028837667 0.9849177420 0.6884344014 0.1907013705 0.5062889466 0.6799811714 0.9857412029 0.8272932494 0.8017139650 0.5795827832 0.9356958873 0.6916091188 0.4323144698 0.9221527485 0.9343373615 0.5832852933 0.9530166488 0.6466407909 0.5861246392 0.8169375125 0.9154364292 0.7267916672 0.6588203525 0.2810749116 0.9298822356 0.6458037253 0.7928724141 0.8447771567 0.8161360580 0.7598238795 0.6330530174 0.7249571988 0.8494220773 0.5866893466 0.6499355408 0.9486038371 0.9141584455 0.5348136273 0.4133253734 0.9692082999 0.6266315171 0.9183959630 0.4983678871 0.9585155234 0.8303912683 0.6234661553 0.9388466123 0.8622512395 0.5572754606 0.8615888027 0.7303395419 0.8947193051 0.3486266440 0.8992230562 0.9614381578 0.7350023954 0.9106707710 0.9965750179 0.8879896456 0.3707972602 0.9768114409 0.5537372569 0.9605810262 0.9719230149 0.8562407086 0.5510251503 0.5727089621 0.8641830118 0.6715360823 0.8837991087 0.8944398150 0.8362814688
 0.3262383109 0.3794598743 0.0150986108 0.0093939980 0.2924811122 0.0528922373 0.0721135331 0.3838322453 0.1047444845 0.1209822659 0.5000000000 0.8296804951 0.9108251728 0.7186516555 0.9267172150 0.7127567760 0.5780844567 0.6515790618 0.9772093394 0.5792650215 0.9909927959 0.9849048657 0.6927326785 0.7947689977 0.8536407856 0.7991853202 0.7960132668 0.9004688229 0.7057017008 0.6519095613 0.5853546467 0.8507871804 0.8050064115 0.8727878756 0.8803434636 0.8570499462 0.8774084429 0.5639372295 0.7109938259 0.5449795371 0.9930681699 0.9123364350 0.6560235684 0.9129520437 0.9803639344 0.7188260891 0.8019812642 0.8415547194 0.8711379794 0.4926075902 0.7058612420 0.8146426906 0.7386301625 0.8397232804 0.9665903063 0.7994214165 0.9687671568 0.8378299967 0.7371151910 0.6844742716 0.4654255049 0.8853307205 0.9647593023 0.5954284701 0.7485977314 0.2034189510 0.9950562937 0.9155999067 0.9469918302 0.7705505273 0.7767550198 0.7857442636 0.8975141529 0.9356600053 0.6507433359 0.4686648121 0.4376630783 0.7365854186 0.8443155573 0.9894497321 0.5315575090 0.5271078789 0.7923972287 0.7523452622 0.8738740432 0.9978642541 0.2904832459 0.8768511659 0.7378911087 0.7506681645 0.7876472248 0.8140971808 0.7396518296 0.5328751263 0.9737098554 0.9437832150 0.6426503342 0.8560960839 0.7261156242 0.4424728990
 0.3363871459 0.2145097822 0.1169985934 0.2215426305 0.0677178494 0.5592621241 0.1936816293 0.4971819203 0.2833540146 0.3284135394 0.1703195049 0.5000000000 0.2622769830 0.5521651161 0.7324828578 0.5160636839 0.7681144735 0.4179052374 0.9865421269 0.9890755608 0.5222089005 0.7125166035 0.8075728638 0.4073034084 0.2454965893 0.9446714850 0.6005895922 0.7312346426 0.8515594580 0.1685576641 0.8640438363 0.6734186929 0.4793470219 0.8607175710 0.8243902643 0.8706481765 0.2485091181 0.9329778351 0.9740310241 0.9926892142 0.3755520823 0.4015641922 0.4661133595 0.7574043361 0.5874061224 0.8516030714 0.6277036856 0.7903012566 0.8474278092 0.0699083577 0.8211356687 0.9006144683 0.9869044267 0.6058657650 0.8213762590 0.8233057502 0.8698479563 0.7237393512 0.4869799408 0.5103021969 0.6590412554 0.8563508789 0.6946679543 0.8570291914 0.9264816673 0.9151746336 0.9808029486 0.9458134709 0.8561944797 0.8509206937 0.7215480965 0.7208636591 0.7434312358 0.2846936114 0.7543887484 0.2314453538 0.6325139302 0.6191081360 0.8729432839 0.5868717972 0.3395403547 0.7410638813 0.4693507739 0.3733608447 0.9408902300 0.4913969508 0.6999836110 0.6694349338 0.6971992086 0.7719423968 0.4090982936 0.8319494774 0.8434737186 0.8305057971 0.6309697833 0.7091288567 0.9113819048 0.7341971555 0.6650209883 0.9880838756
 0.1947390028 0.4316793466 0.4758201399 0.3446734812 0.0334359559 0.3549242536 0.1763525538 0.0827702344 0.1587865178 0.0067528734 0.0891748272 0.7377230170 0.5000000000 0.7351356593 0.9436737203 0.0414329993 0.5933134231 0.8770427466 0.5505304741 0.9676880827 0.3557266513 0.7051830026 0.7940669405 0.9256955976 0.8456323444 0.6834722687 0.7909573663 0.8658579704 0.9563280635 0.8644508413 0.7775763120 0.6002552610 0.7525974456 0.8517418924 0.3882547700 0.7579062588 0.4366937143 0.7331393318 0.7373838774 0.8367255031 0.9734630596 0.8275683844 0.4741011055 0.7551733802 0.9683563087 0.8886511813 0.4579547338 0.9282075164 0.8803739688 0.9151209664 0.9991803533 0.7350792229 0.9682525519 0.8093053354 0.8207812880 0.6333837934 0.8682285644 0.4964752990 0.8868850143 0.5450658552 0.7011871888 0.9691262308 0.8324958351 0.5431306040 0.1662449551 0.6966074105 0.8798121554 0.6640795030 0.8438516622 0.7143979229 0.9380725333 0.7318941513 0.6232226737 0.7278332680 0.7555025655 0.6097169002 0.7643055502 0.7842971075 0.7868406807 0.9996336280 0.6552019291 0.8240479825 0.8704910093 0.4203173636 0.7761123393 0.5985965123 0.6753465221 0.6450291312 0.8047205153 0.9882190977 0.9104920335 0.8979891220 0.7875208937 0.9843101213 0.9159153905 0.8502555013 0.9866138902 0.9284725706 0.9828362558 0.8056759680
 0.1145937354 0.4220702517 0.0171668437 0.2079332542 0.3288645429 0.2558298080 0.1425380868 0.2753568017 0.0292459246 0.5236334930 0.2813483445 0.4478348839 0.2648643407 0.5000000000 0.8649068956 0.8792436386 0.5092226043 0.5925047064 0.4048079501 0.7359989311 0.9342635715 0.7831683988 0.9733989190 0.6193317055 0.8042223299 0.9243006131 0.8093004286 0.6716498545 0.6279266358 0.9713450980 0.6337081889 0.9483011824 0.4257275169 0.6478888932 0.6561253589 0.7854926810 0.9994693852 0.7201222547 0.9561331107 0.6103815401 0.7273371395 0.9996812862 0.9286951279 0.7795511344 0.3815600088 0.8568879552 0.8681280490 0.9638231773 0.9720165446 0.5320968120 0.6267675792 0.8874872545 0.5535400717 0.6911700916 0.6673368420 0.4228222029 0.8069631184 0.9040004688 0.7886922791 0.9173038133 0.8258867548 0.7856865074 0.6599338024 0.9677948548 0.3013487595 0.5957795873 0.6150879566 0.4846678426 0.4501737815 0.9029914039 0.6878157107 0.7257785932 0.7841625884 0.5286435728 0.1302064224 0.5966550443 0.8730710043 0.9963084205 0.6277529490 0.6586952300 0.3778456477 0.9335478492 0.9202387762 0.7395797904 0.4152073452 0.9243541980 0.8310576349 0.9234621096 0.9898627589 0.8195514873 0.8330629238 0.6142763023 0.7340651678 0.9939029566 0.4672627553 0.5552034769 0.7936950320 0.9508454661 0.3818286722 0.5338439860
 0.1109340992 0.0439214309 0.0920922929 0.2316336675 0.3786557849 0.1383992074 0.6152064580 0.0442399159 0.1048580357 0.2583887888 0.0732827850 0.2675171422 0.0563262797 0.1350931044 0.5000000000 0.9675258175 0.9949417336 0.8981244110 0.9335969524 0.6686939542 0.5418884747 0.4574348935 0.5106726201 0.6207314807 0.7766673563 0.8022877025 0.7217103502 0.9275949716 0.6837324737 0.8305925577 0.8456461130 0.3574254791 0.9389473148 0.8896888150 0.7967124924 0.9826720296 0.8597997783 0.7121190778 0.2978605840 0.7992464703 0.5124298552 0.8759318397 0.9905538516 0.9024660481 0.7652970129 0.5849434991 0.9738916755 0.6845310392 0.5951467087 0.8020659811 0.5512045898 0.8390374195 0.8035766816 0.9368756904 0.8678126950 0.7543328605 0.7980835904 0.8650985735 0.8633330810 0.6834797774 0.5238976605 0.9014473186 0.7974612712 0.8782732786 0.9326191946 0.9806702854 0.7726284793 0.6298162125 0.9172083311 0.6848304495 0.4557264312 0.7619695412 0.7888881897 0.9941651938 0.8576453938 0.7866305848 0.9895381759 0.9463507832 0.8561110338 0.6956845952 0.7936588864 0.5853099136 0.5436334546 0.9287740101 0.4885254803 0.6199524008 0.5895755224 0.6412382893 0.8267912920 0.7387658952 0.8321001474 0.8066558937 0.9559301608 0.2640373860 0.9792099993 0.9160833116 0.9808727445 0.4620024334 0.4481308790 0.6929411889
 0.0824398502 0.0522015823 0.0097446827 0.4287279071 0.2303323162 0.0418721949 0.3387132242 0.0894352969 0.4660924672 0.1779193884 0.2872432240 0.4839363161 0.9585670007 0.1207563614 0.0324741825 0.5000000000 0.5774151461 0.8253374313 0.8505818037 0.8295005236 0.7535440986 0.8882846627 0.7530179568 0.9430937932 0.4883135713 0.9610533463 0.9091459729 0.7825446321 0.6568886107 0.9069505287 0.5185520849 0.3300000764 0.7353775014 0.5929425103 0.9213313878 0.9629492903 0.7273477864 0.8382902025 0.9577869679 0.4530283191 0.6551534121 0.8429534884 0.6229346428 0.5262869102 0.8550358327 0.6891029342 0.9955213828 0.3992008938 0.5877100349 0.7597114767 0.3906985860 0.8203845562 0.8775908991 0.9492447670 0.8846138215 0.5836458672 0.6580027324 0.2737551784 0.5834231704 0.5416967893 0.6410923304 0.7090399417 0.9076618432 0.8396226732 0.8709612391 0.6571571930 0.4644834730 0.7788098052 0.9569540358 0.9623934723 0.3449083818 0.5746587077 0.9229559597 0.8945868375 0.1164473913 0.7425227359 0.4444676094 0.7831662243 0.9684091119 0.4449972145 0.9843565560 0.9558683998 0.7399750737 0.6402158935 0.8857120914 0.8777230903 0.5871528184 0.2267018988 0.7671937865 0.8700728215 0.8475159131 0.9478534435 0.8133398948 0.9167296960 0.8226781165 0.9520992615 0.9887359790 0.9020744730 0.9102050598 0.1767473617
 0.7621603122 0.1610738718 0.1122812361 0.1004998825 0.3589895298 0.1813659169 0.2403936464 0.2086300052 0.4337245625 0.2270466608 0.4219155433 0.2318855265 0.4066865769 0.4907773957 0.0050582664 0.4225848539 0.5000000000 0.9217491312 0.9834438035 0.2663570612 0.8574578081 0.6412520600 0.9310373729 0.8158105159 0.5164531548 0.9048644664 0.6486206994 0.9319069215 0.6868002976 0.9427565758 0.9489148441 0.3786987220 0.8311324940 0.6676069955 0.9443232094 0.9347276152 0.7741211064 0.9498062741 0.9544268160 0.9718400576 0.6903948429 0.7005623515 0.4763534566 0.7433064324 0.7091923055 0.9697062695 0.7696729070 0.8907338630 0.7452417229 0.7739376625 0.9113475039 0.5528045987 0.8363234141 0.7124629880 0.6599324691 0.7865470241 0.9232753568 0.6911539140 0.5084500470 0.6856092350 0.9511072969 0.4736002920 0.8207221411 0.4486784215 0.9688484056 0.5619825058 0.6298259867 0.9903141478 0.9271458616 0.8938862385 0.9342845421 0.6782003686 0.6418037340 0.9131450463 0.7757287850 0.8937236190 0.9160711177 0.3300406975 0.5119604163 0.9530058779 0.8605344700 0.9758541672 0.9764793184 0.7018784518 0.4187642268 0.9216732242 0.8432650177 0.8047538762 0.5200416590 0.8921280189 0.9220786024 0.8554981631 0.3672057418 0.8623875196 0.8192674491 0.7148683189 0.9337885665 0.8603442777 0.2317055851 0.8868766086
 0.5033068215 0.1366800467 0.0595031869 0.2021740275 0.0192477278 0.3620962407 0.4730034166 0.4640392330 0.5057501626 0.1330208795 0.3484209382 0.5820947626 0.1229572534 0.4074952936 0.1018755890 0.1746625687 0.0782508688 0.5000000000 0.6600951571 0.3673534857 0.5736729834 0.9165594172 0.7831883948 0.7867846376 0.4327131070 0.4750490756 0.5214690730 0.9997653344 0.9450634995 0.6176997773 0.9281390518 0.7037712779 0.9918960661 0.9988351851 0.2941821803 0.8272392181 0.8726144694 0.4490960606 0.7709678943 0.7273422439 0.7560623195 0.2407253450 0.4933104254 0.8850412724 0.9737647926 0.9911280091 0.3046377439 0.9640272891 0.9830412698 0.8642990262 0.8968965416 0.6997920386 0.3741641361 0.7168080340 0.8918242841 0.5565044972 0.9176425018 0.8616559423 0.9792963335 0.7741187388 0.8866101778 0.9768837122 0.7012032113 0.4361269957 0.8486767148 0.9293493531 0.7826287144 0.9052281582 0.9861045956 0.9348607019 0.9157730782 0.8223603390 0.6923284726 0.1934992263 0.5812387729 0.9910700837 0.9642581757 0.6043184064 0.6911534416 0.6652991131 0.7194882990 0.8554851633 0.5366581886 0.9701452049 0.4534895644 0.9132837333 0.7424903111 0.6250263746 0.8453917287 0.6815437056 0.7276582308 0.4406782400 0.8993167845 0.6862297007 0.5978793771 0.9269411388 0.9905469423 0.9043284297 0.4642429285 0.7535329491
 0.3408503368 0.3107470570 0.4172453505 0.0500310204 0.2675265149 0.0779518279 0.2050923937 0.1597018631 0.2981649973 0.0726344133 0.0227906606 0.0134578731 0.4494695259 0.5951920499 0.0664030476 0.1494181963 0.0165561965 0.3399048429 0.5000000000 0.9914553556 0.5916302862 0.8575873179 0.8669565027 0.7043055385 0.7148664830 0.8139891357 0.4461196386 0.9653728649 0.2581200511 0.8054845449 0.2717475192 0.8074365794 0.4767281652 0.7165306047 0.7571311187 0.9597289876 0.6767917897 0.9179836631 0.6903311882 0.6397347938 0.8449075518 0.9682260529 0.4880331780 0.9999267102 0.9011817656 0.6501057134 0.8622492373 0.8113790692 0.6549066701 0.7158373321 0.9508742697 0.6159135543 0.8787775071 0.2162793675 0.8463432136 0.8329154891 0.8225376825 0.6295958106 0.5814132339 0.6570370148 0.3806412985 0.8839337934 0.9992370000 0.8580187728 0.2086962178 0.8576306991 0.9124674311 0.7644984608 0.8921255903 0.6466017546 0.8469027351 0.9402214753 0.7169943837 0.9776336339 0.9843481306 0.9563569135 0.9505869492 0.3176252112 0.6405137304 0.4220633262 0.8687283838 0.4748153486 0.7912518447 0.3486567708 0.3504911171 0.7694650432 0.8288420688 0.6794148866 0.7917296968 0.8825002626 0.6992996874 0.8733368640 0.3959685346 0.8321329461 0.4386645433 0.9479946954 0.6025534915 0.7204030755 0.8427230200 0.6688186897
 0.2228660027 0.0492160883 0.5091908052 0.2754679891 0.1426474921 0.1265823709 0.4634989808 0.1593518958 0.1644106535 0.0108624067 0.4207349785 0.0109244392 0.0323119173 0.2640010689 0.3313060458 0.1704994764 0.7336429388 0.6326465143 0.0085446444 0.5000000000 0.3945257676 0.9361186084 0.8766981953 0.4179169903 0.9402840871 0.8272733586 0.3709861419 0.8107989600 0.4622393141 0.6747641190 0.6703536482 0.4423889986 0.5089692844 0.2563626775 0.6833342112 0.9809953672 0.9647292565 0.5471893695 0.9954307819 0.4841366195 0.8701329401 0.8614212115 0.6471422328 0.7352924059 0.7466258931 0.8918686415 0.8945348543 0.8571544997 0.9146493559 0.4418549329 0.7633536589 0.9528507602 0.9901907776 0.8509947365 0.9997961908 0.8778345828 0.9467334795 0.9395984960 0.8507542228 0.9364434342 0.7717378834 0.5507728065 0.5469663377 0.3769941904 0.6309478313 0.5044141662 0.6579881474 0.6050504772 0.7846628748 0.6651194759 0.3707396509 0.8390817394 0.8087145433 0.7031998537 0.9959821105 0.4392771601 0.9491334229 0.7715702822 0.6071291258 0.9794127930 0.9182321409 0.7627884295 0.6651341836 0.9730516630 0.3053512830 0.3694983630 0.7639576620 0.3343474761 0.9854074850 0.5499555895 0.6284698513 0.8676561813 0.6193630841 0.3458761110 0.6824416558 0.8488786812 0.7785842200 0.7340290216 0.9648201716 0.5615448328
 0.0913204341 0.6392566890 0.4408545826 0.1947390741 0.0423264777 0.1399033807 0.0900268711 0.4116481815 0.4119128569 0.0366483190 0.0090072041 0.4777910995 0.6442733487 0.0657364285 0.4581115253 0.2464559014 0.1425421919 0.4263270166 0.4083697138 0.6054742324 0.5000000000 0.6612976931 0.3027330032 0.9916790335 0.3269487149 0.9254169242 0.7627884608 0.8892064836 0.3176724999 0.9465958982 0.9732231228 0.7253742350 0.8406799474 0.3360377944 0.4426160914 0.7601177878 0.9267690132 0.4957552122 0.9753524129 0.8416573827 0.9455807907 0.6405460964 0.9879466439 0.6769865589 0.4401202589 0.8702337991 0.2533660455 0.7828062022 0.9067878495 0.9312271151 0.8879058890 0.7469430482 0.9345888900 0.8699487378 0.7094613799 0.7384050826 0.6104892820 0.8914134978 0.9382283276 0.9925865832 0.9291325703 0.7984091708 0.6752619623 0.9637060380 0.8252198047 0.1891091583 0.9072978171 0.8933639116 0.8464838842 0.8879978736 0.7802517180 0.5556835152 0.9791419266 0.7799012944 0.8731442579 0.7263621256 0.5223293050 0.4656331040 0.4943044088 0.8285775547 0.5522732586 0.8584698608 0.6576192316 0.9978944468 0.5417153407 0.7945480460 0.8723508865 0.8263736952 0.8790638596 0.9467620862 0.7467679091 0.9365115060 0.3349256056 0.9361995605 0.7065150667 0.7830073690 0.8512147068 0.9635861686 0.9234240442 0.2307067756
 0.3553190143 0.5869221315 0.4359575598 0.2142905572 0.0283822634 0.0028782720 0.3690180304 0.1669915765 0.2342844239 0.5940606952 0.0150951343 0.2874833965 0.2948169974 0.2168316012 0.5425651065 0.1117153373 0.3587479400 0.0834405828 0.1424126821 0.0638813916 0.3387023069 0.5000000000 0.6558813973 0.9470034017 0.9496844221 0.9150840204 0.3619377114 0.9330022976 0.9487267722 0.9368694410 0.8223317175 0.9736896464 0.8102874409 0.6722537455 0.9559692661 0.4417136283 0.8189632315 0.7867826689 0.6562774397 0.5277558387 0.7009638429 0.7182259865 0.8600146607 0.8267059131 0.7115924768 0.7952150521 0.7916501192 0.6091076490 0.4863961093 0.6833229627 0.9739039112 0.3911724668 0.6940339451 0.7722133208 0.9263372068 0.4816958506 0.6804723665 0.9728626392 0.9995195781 0.5427421780 0.3360813327 0.5857823978 0.9289276582 0.8498053693 0.8081352506 0.9036164191 0.9697548731 0.9605659033 0.5011524904 0.9143441444 0.1747492240 0.9581900449 0.8418211473 0.7214185337 0.4991037618 0.8040853784 0.9851742959 0.8671433204 0.8048733706 0.8332198609 0.9916409517 0.6616502128 0.7299089388 0.7839474668 0.5568829673 0.8871386593 0.7121186573 0.9567074991 0.9748246583 0.5784271794 0.7037577154 0.0896084891 0.7037589649 0.3060880225 0.6577543987 0.9135958170 0.7397184754 0.3250202792 0.9767525827 0.7566310676
 0.0681667595 0.8966179516 0.1493921711 0.1550713901 0.0234786775 0.0702926899 0.0237702672 0.0188995119 0.2737992338 0.1254987247 0.3072673215 0.1924271362 0.2059330595 0.0266010810 0.4893273799 0.2469820432 0.0689626271 0.2168116052 0.1330434973 0.1233018047 0.6972669968 0.3441186027 0.5000000000 0.5685775624 0.7969860401 0.7138727339 0.1820247847 0.4522956226 0.6348074883 0.6448547155 0.6315366772 0.7523276539 0.9772372350 0.8205453822 0.5834152626 0.4714340118 0.7316744620 0.5776890585 0.7039659734 0.8871544064 0.8316624724 0.8831401379 0.4815858622 0.8422535805 0.6446174163 0.3838024187 0.9254292396 0.7148145466 0.6535266420 0.6638561856 0.5853154122 0.9745941314 0.9579707198 0.9638396143 0.9599948029 0.6468464024 0.8325587097 0.8702572192 0.6881443349 0.7903655838 0.5684359903 0.9695632226 0.8319867934 0.9295325511 0.7392522357 0.6678353803 0.7198632941 0.7351727700 0.8820761809 0.9298691645 0.7615832309 0.9603978392 0.9608770399 0.8266336327 0.8127412082 0.8291552155 0.5308468354 0.9381656138 0.8473159199 0.7424986344 0.9709273294 0.8868131418 0.5297443954 0.5168072841 0.1451238447 0.6273426437 0.6410528206 0.8468068394 0.4869611891 0.8725782444 0.9334966151 0.8241976699 0.2607681036 0.9910412372 0.9870066723 0.8240436458 0.8847221126 0.8122956091 0.3747913210 0.4107036035
 0.4022264832 0.0339993608 0.1051901250 0.0188518213 0.0019420758 0.1581958195 0.2421038609 0.2395943503 0.1190196081 0.1081623351 0.2052310023 0.5926965916 0.0743044024 0.3806682945 0.3792685193 0.0569062068 0.1841894841 0.2132153624 0.2956944615 0.5820830097 0.0083209665 0.0529965983 0.4314224376 0.5000000000 0.9124114344 0.8455486394 0.6075642964 0.8364348954 0.8314897650 0.5989855933 0.6763159215 0.8379366848 0.5208561252 0.5398016750 0.8953960873 0.6816431688 0.9365418148 0.8826120630 0.6414690934 0.9143519233 0.7570063516 0.8263718771 0.9367780671 0.9187985396 0.8694406441 0.7002267925 0.7792090101 0.7726168844 0.6468599394 0.8582680951 0.8696696895 0.7052679132 0.5894207396 0.7667602196 0.9974220803 0.7921817282 0.7962681118 0.7285905356 0.8922939221 0.9568790227 0.5837675262 0.9560224656 0.7482703217 0.6035308836 0.9977984354 0.4404922390 0.8114008209 0.3769452721 0.9077373393 0.8223500714 0.6430491356 0.6002652109 0.9912680698 0.7913434524 0.6494682447 0.9518361053 0.9248280801 0.8755419629 0.7447540107 0.6572543200 0.7830483130 0.8575050917 0.7514304842 0.5689705043 0.8943680957 0.6911360295 0.3956157223 0.7536859327 0.9402846564 0.9270055079 0.8692959329 0.9257536342 0.7121067117 0.6295453618 0.7047683734 0.9264279457 0.8486427036 0.6402050921 0.4403692438 0.8609251975
 0.2677993590 0.0388474140 0.1751701903 0.5478301364 0.3001739198 0.5749816814 0.1123188751 0.2962826126 0.2261268450 0.0408026417 0.1463592144 0.7545034107 0.1543676556 0.1957776701 0.2233326437 0.5116864287 0.4835468452 0.5672868930 0.2851335170 0.0597159129 0.6730512851 0.0503155779 0.2030139599 0.0875885656 0.5000000000 0.8566290120 0.3509317798 0.7812314873 0.8845682399 0.9440319338 0.9919477246 0.9825222443 0.8445728868 0.7265335632 0.3882743890 0.9685021730 0.8340235722 0.8483714871 0.8392858172 0.9060486431 0.5877333124 0.7866541383 0.8280900078 0.4187050011 0.2157203884 0.9647253122 0.6770781872 0.5840041935 0.9578562343 0.9282686564 0.9180356182 0.4155145871 0.6372152076 0.6972591086 0.9760100434 0.3892319378 0.7888643932 0.8166280222 0.6934405239 0.8107118447 0.9819489685 0.9563511344 0.9513773052 0.9094288118 0.8057684052 0.6617470150 0.7208109580 0.5924408055 0.7082986268 0.9475885082 0.6709596666 0.9066408724 0.7473761103 0.8108652364 0.6340629506 0.7212919607 0.8148030746 0.8188432784 0.8948066977 0.9870949922 0.6995485616 0.7138556496 0.5059278421 0.8760918327 0.6603950387 0.9873411972 0.8927720770 0.7621132920 0.6468176017 0.8501532472 0.8057281001 0.7184517872 0.6560083976 0.5345638071 0.8342859076 0.8565002122 0.5863970561 0.9940614550 0.2266372571 0.7875863565
 0.3140123692 0.3596111931 0.5281352154 0.0198897407 0.0911392604 0.5653580859 0.0795380003 0.6660360234 0.4483029919 0.1318255251 0.2008146798 0.0553285150 0.3165277313 0.0756993869 0.1977122975 0.0389466537 0.0951355336 0.5249509244 0.1860108643 0.1727266414 0.0745830758 0.0849159796 0.2861272661 0.1544513606 0.1433709880 0.5000000000 0.6218561264 0.9377999924 0.8610979167 0.8687464761 0.8033373226 0.5950266378 0.8331720354 0.3866842069 0.9373330195 0.7859266157 0.6834706133 0.8273395382 0.9926271335 0.6302150016 0.9375383854 0.6581225472 0.9053187589 0.7631878644 0.5363098905 0.5009309774 0.1876148354 0.7924581804 0.9480745185 0.5693200737 0.9189888764 0.8378234605 0.9696542643 0.6927220343 0.9986163529 0.4856235714 0.4538150122 0.8185237826 0.9684122433 0.4847707842 0.4891004541 0.4615154736 0.8032312703 0.3644115084 0.3279708447 0.8756193660 0.9468529043 0.8471540140 0.9818932559 0.9537171960 0.6473955225 0.9842399658 0.3448811730 0.8908420760 0.8348769514 0.8742789609 0.7403049707 0.7546522829 0.7500656018 0.9113512218 0.8217691152 0.6626516368 0.9445493908 0.9418292960 0.9578809407 0.9177906587 0.7049056496 0.9251755088 0.9347483213 0.4216910882 0.7094869100 0.4478567106 0.2970175332 0.9323659321 0.8541753749 0.9517329327 0.8806583966 0.7271321019 0.8578598731 0.9408105551
 0.2181419032 0.5315712019 0.0793064564 0.0195081469 0.0187859033 0.2047396776 0.1569716020 0.2553426681 0.0005092682 0.2299298439 0.2039867332 0.3994104078 0.2090426337 0.1906995714 0.2782896498 0.0908540271 0.3513793006 0.4785309270 0.5538803614 0.6290138581 0.2372115392 0.6380622886 0.8179752153 0.3924357036 0.6490682202 0.3781438736 0.5000000000 0.5793558542 0.9659490623 0.9697735157 0.7623432766 0.8606251136 0.2715396363 0.7295732329 0.9592315123 0.8544992288 0.7174208732 0.6179757241 0.8233055253 0.8228376616 0.7769569027 0.6497779016 0.7952412319 0.5549330187 0.0826154098 0.9133261431 0.3180363720 0.5954320225 0.8341777112 0.7855506174 0.5777277819 0.9091388130 0.6739092066 0.9703251442 0.8385542459 0.9871308218 0.7559643260 0.8566848379 0.4309215065 0.8637169267 0.9682025173 0.9050593026 0.8897213354 0.5598675594 0.8253914672 0.9270152803 0.9365565685 0.6135395028 0.8392109857 0.5938111064 0.5562751281 0.5633365000 0.8729602468 0.7974774261 0.9520065026 0.3264918167 0.3944886285 0.7553440224 0.7883505692 0.8611023131 0.8581540432 0.8676643162 0.9412705974 0.9714149731 0.8954131264 0.9169500750 0.5545963483 0.9626029122 0.4494810607 0.6579779747 0.9431367697 0.7850893754 0.9906500158 0.9798492123 0.9702923746 0.8415575322 0.8544664806 0.3589541424 0.8773802993 0.7942639861
 0.0915459035 0.3590381659 0.2376774079 0.2370869912 0.0682365737 0.0591910741 0.0274207613 0.0332995167 0.2854953564 0.0408755834 0.0995311771 0.2687653574 0.1341420296 0.3283501455 0.0724050284 0.2174553679 0.0680930785 0.0002346656 0.0346271351 0.1892010400 0.1107935164 0.0669977024 0.5477043774 0.1635651046 0.2187685127 0.0622000076 0.4206441458 0.5000000000 0.6581627102 0.7898755352 0.5355557195 0.8480530916 0.6055647343 0.7659945173 0.8169190541 0.8851497216 0.9546582756 0.3752500991 0.5951898644 0.6030669808 0.5875001251 0.3826836832 0.9947668940 0.8996813378 0.2046336437 0.9204760930 0.7906773525 0.8416305644 0.8641090681 0.8999473054 0.8669241457 0.9010571682 0.8012595952 0.6874006679 0.7410695425 0.8134698524 0.6084090873 0.9213914121 0.3522863088 0.7361049333 0.9243044452 0.7150565846 0.7139335238 0.7402372593 0.9433183130 0.9419845893 0.9005161703 0.5681654796 0.9386462721 0.9003685371 0.7164817860 0.9087200520 0.8326631488 0.6572946323 0.7898373133 0.3077179034 0.9135080254 0.8962131129 0.3044441787 0.9813017132 0.7038161799 0.9589468270 0.6542256512 0.9450082629 0.9241543929 0.7994647818 0.9064291219 0.7993646089 0.7955602504 0.4743766430 0.9960681495 0.8040126097 0.9621731303 0.9591274923 0.5658408808 0.8061665835 0.8975912737 0.6370552495 0.7367876774 0.6293969214
 0.1136755332 0.0032865353 0.4755930841 0.0398834180 0.0481160202 0.1466142172 0.0657771399 0.2282401404 0.0605573193 0.5971162333 0.2942982992 0.1484405420 0.0436719365 0.3720733642 0.3162675263 0.3431113893 0.3131997024 0.0549365005 0.7418799489 0.5377606859 0.6823275001 0.0512732278 0.3651925117 0.1685102350 0.1154317601 0.1389020833 0.0340509377 0.3418372898 0.5000000000 0.6920720006 0.7428374602 0.6549193904 0.7532138594 0.7765347418 0.9789195007 0.8133511600 0.4837184723 0.9596718886 0.1736947836 0.9102342416 0.9520600765 0.3588085393 0.5862289739 0.3924800956 0.6768782792 0.5180210463 0.7603450276 0.8450089987 0.8636083031 0.6629734527 0.6688180732 0.8338192006 0.6563033356 0.9244620560 0.7700622619 0.7924233754 0.8882387943 0.8889763128 0.7017680743 0.9302283729 0.7440141294 0.5626570710 0.8498407490 0.7940229537 0.3318665118 0.2937162539 0.9875791493 0.6993631706 0.9432338809 0.4278294160 0.7435398015 0.8117525792 0.5894860402 0.6390769096 0.9058028524 0.5191680755 0.8729666948 0.9473938483 0.8485469304 0.7034409870 0.8850306145 0.8738006057 0.6127122437 0.3092249014 0.4700956070 0.2215745579 0.8664934078 0.7266812104 0.9325402338 0.9989970580 0.4499840443 0.9848417476 0.8296675728 0.9721784354 0.6516259070 0.7678463317 0.7317682863 0.9248510061 0.2209696823 0.4535664548
 0.0192147252 0.0942859184 0.1138742708 0.6655568272 0.0627525035 0.0262368375 0.0443461525 0.2065981418 0.3648758001 0.0150822580 0.3480904387 0.8314423359 0.1355491587 0.0286549020 0.1694074423 0.0930494713 0.0572434242 0.3823002227 0.1945154551 0.3252358810 0.0534041018 0.0631305590 0.3551452845 0.4010144067 0.0559680662 0.1312535239 0.0302264843 0.2101244648 0.3079279994 0.5000000000 0.7453583540 0.6578848481 0.8996076179 0.9330267802 0.7990734923 0.6620905238 0.5507664561 0.7010247400 0.8784956069 0.8085597830 0.9710271930 0.9259100708 0.5612816158 0.8459703267 0.6458811505 0.6519111082 0.7317848695 0.6800650051 0.8832380322 0.7790063184 0.3502889826 0.8928776190 0.8598540724 0.7848847517 0.3463060320 0.9006718844 0.9888259132 0.8798753635 0.7930179547 0.9295753780 0.3547737252 0.7744343204 0.9917127620 0.6227278834 0.7497975714 0.8431455780 0.9143226923 0.9113275444 0.9392527395 0.9587731187 0.9907049265 0.1968921468 0.4233044333 0.6353182415 0.8457362391 0.5975819540 0.3737926873 0.7284641721 0.6782062007 0.9256148403 0.5675211896 0.7927256108 0.6045504103 0.1634989194 0.9081620843 0.9789867980 0.6088588781 0.9142927221 0.3179639495 0.9050928430 0.9614873769 0.7045207401 0.8639460209 0.7658402287 0.7414064225 0.8532798028 0.4577925178 0.9367070194 0.9068594786 0.9646475878
 0.1087172316 0.3047866213 0.0698169854 0.1174394461 0.1549355973 0.0415396180 0.2695833029 0.0008150474 0.2252778547 0.3115655986 0.4146453533 0.1359561637 0.2224236880 0.3662918111 0.1543538870 0.4814479151 0.0510851559 0.0718609482 0.7282524808 0.3296463518 0.0267768772 0.1776682825 0.3684633228 0.3236840785 0.0080522754 0.1966626774 0.2376567234 0.4644442805 0.2571625398 0.2546416460 0.5000000000 0.7705866239 0.9175878147 0.9295001797 0.8537407053 0.5630604190 0.6070427399 0.7678954730 0.6155129841 0.9646640233 0.8799865215 0.5729439047 0.9891885749 0.5039542160 0.8466081913 0.5259569907 0.9022809770 0.8235795384 0.2915936177 0.4856518892 0.5618523236 0.6371552181 0.9840824456 0.7823578054 0.5342274664 0.6111704893 0.5828753255 0.8400463317 0.7035211078 0.8989212809 0.6219552089 0.9098795407 0.8378708812 0.5953183211 0.7889728757 0.9449733204 0.8528760344 0.5366029974 0.6077640867 0.9760947651 0.8788742589 0.9721755018 0.9800784185 0.8254848957 0.4074042023 0.8332908218 0.9969539313 0.7302380031 0.9209219900 0.7690918381 0.7845503174 0.9111479795 0.7190933708 0.5869350926 0.9909353231 0.8892099488 0.8364537316 0.8884480551 0.5206636963 0.7626125515 0.8360127831 0.9034363499 0.6972853521 0.3439983597 0.9384218723 0.8367146688 0.5947971809 0.8907661082 0.5422337235 0.8853757210
 0.3182335284 0.1264500148 0.3289081434 0.3160394473 0.5068119216 0.0183164496 0.1892070911 0.0975399945 0.1670576055 0.8092986295 0.1492128196 0.3265813071 0.3997447390 0.0516988176 0.6425745209 0.6699999236 0.6213012780 0.2962287221 0.1925634206 0.5576110014 0.2746257650 0.0263103536 0.2476723461 0.1620633152 0.0174777557 0.4049733622 0.1393748864 0.1519469084 0.3450806096 0.3421151519 0.2294133761 0.5000000000 0.9871309761 0.8174618712 0.3078887242 0.8915279512 0.8184130899 0.4930032665 0.9331547715 0.7573154525 0.9944120575 0.8916904417 0.7533385310 0.9393696662 0.8107251626 0.4437208256 0.8416468416 0.6026200619 0.9997460190 0.5387219122 0.4376213882 0.9064534203 0.8205088121 0.6155373952 0.9875948417 0.6930291303 0.5571887727 0.8192597188 0.3859380252 0.9990384204 0.9313298243 0.7414901825 0.9071991866 0.7774892935 0.5585004272 0.9721246166 0.6209719379 0.9082855150 0.8465788492 0.6009171384 0.2526088492 0.9124897677 0.9136721527 0.8296580444 0.6527825537 0.4020273034 0.9985200212 0.8093845328 0.9170844173 0.6061499239 0.5834331971 0.9596299235 0.8241498998 0.9021640989 0.8313453366 0.1221601181 0.6199998418 0.8440761540 0.3933508541 0.8832112755 0.5795273668 0.7940254472 0.9668855241 0.7784830117 0.6532450914 0.9926885347 0.9166985110 0.9727388866 0.2793836505 0.6511193816
 0.1911751462 0.1236537518 0.1092418806 0.4013080419 0.2502436200 0.2018186699 0.3262951805 0.1024042744 0.3340514256 0.4937110534 0.1949935885 0.5206529781 0.2474025544 0.5742724831 0.0610526852 0.2646224986 0.1688675060 0.0081039339 0.5232718348 0.4910307156 0.1593200526 0.1897125591 0.0227627650 0.4791438748 0.1554271132 0.1668279646 0.7284603637 0.3944352657 0.2467861406 0.1003923821 0.0824121853 0.0128690239 0.5000000000 0.7601037409 0.7767550362 0.7068001885 0.9388932315 0.2904333755 0.8033202015 0.8017884473 0.9420325179 0.8930826089 0.9107899264 0.8352019293 0.2012211500 0.9353906433 0.8351010595 0.6345219814 0.6653550152 0.7759206957 0.1609572538 0.6894424094 0.6251237226 0.8125199633 0.8092703434 0.9079306581 0.9439271330 0.8007155859 0.8469515751 0.9697313551 0.9786298359 0.9580641424 0.9480380773 0.8356324230 0.4957556371 0.9126990250 0.4175435253 0.6029905977 0.6328190306 0.7346999300 0.4630793946 0.7713079292 0.9694223928 0.7991638288 0.7042218606 0.7891610140 0.6065454288 0.9579357404 0.5867679253 0.9762115962 0.5183423321 0.4339212190 0.9657426819 0.4873849883 0.6434957296 0.5025572525 0.9971845212 0.9307202570 0.5102231338 0.7123932991 0.3774808091 0.2847593525 0.8400040862 0.6580850520 0.6930062208 0.5111798952 0.6553375465 0.5739090799 0.4095561877 0.4348729687
 0.2656892271 0.3266248765 0.6429933386 0.4846074380 0.4291764319 0.1006561190 0.1524317285 0.2338718577 0.3173108062 0.3200188286 0.1272121244 0.1392824290 0.1482581076 0.3521111068 0.1103111850 0.4070574897 0.3323930045 0.0011648149 0.2834693953 0.7436373225 0.6639622056 0.3277462545 0.1794546178 0.4601983250 0.2734664368 0.6133157931 0.2704267671 0.2340054827 0.2234652582 0.0669732198 0.0704998203 0.1825381288 0.2398962591 0.5000000000 0.8744808159 0.8911420230 0.4696587737 0.7785663076 0.9416963428 0.7872743421 0.6159488990 0.7517994461 0.8912238939 0.5030263286 0.6903914427 0.5090447970 0.7620721599 0.5328086221 0.8498662054 0.6728162205 0.6362539521 0.8180552096 0.4689796592 0.5084909516 0.6438565189 0.4666059832 0.9089581490 0.9254589609 0.9713572011 0.7973577451 0.7738181478 0.6274965440 0.9040345182 0.3929063223 0.9952426611 0.5287629825 0.9519985661 0.8571485652 0.5091829183 0.5356694958 0.7517613848 0.9037160735 0.3430370497 0.3241113058 0.9666173169 0.8351223880 0.8765140908 0.6492900446 0.5051527802 0.7861238715 0.5506103396 0.5851916244 0.4486568266 0.7888191963 0.5227603023 0.7065166248 0.8821475303 0.8602552149 0.7786007064 0.4706373343 0.8187649471 0.7905138970 0.8673800884 0.7475298257 0.9305873793 0.7276718303 0.6961893178 0.9748777969 0.8150410689 0.7438321170
 0.1291220947 0.0644533900 0.0597633099 0.1650242768 0.1766272040 0.3422185248 0.7694333515 0.0477790450 0.1901178906 0.0142587971 0.1196565364 0.1756097357 0.6117452300 0.3438746411 0.2032875076 0.0786686122 0.0556767906 0.7058178197 0.2428688813 0.3166657888 0.5573839086 0.0440307339 0.4165847374 0.1046039127 0.6117256110 0.0626669805 0.0407684877 0.1830809459 0.0210804993 0.2009265077 0.1462592947 0.6921112758 0.2232449638 0.1255191841 0.5000000000 0.9593411687 0.8999027242 0.8031324690 0.9112290852 0.6925912496 0.7875392643 0.8718385822 0.9375743026 0.8070814903 0.2228436913 0.5847648277 0.6647462688 0.5449319692 0.8699692236 0.8969216009 0.7668600460 0.6332939709 0.8724516422 0.7546279041 0.7311726013 0.5389140919 0.6401277295 0.4182003342 0.8870068975 0.8065310460 0.9763677722 0.7817049409 0.8544738868 0.6570793867 0.7965460699 0.7375241237 0.9650757541 0.9532890781 0.9878744231 0.8559054747 0.4649012060 0.9391947033 0.7927318972 0.4289601899 0.8411218183 0.9082021943 0.7516316730 0.8269190263 0.8347882114 0.6296135974 0.5467917584 0.9353234391 0.9967401495 0.7581382629 0.9634048359 0.7763767170 0.9932652133 0.7787532715 0.7796279506 0.8043932435 0.7520973908 0.9979128445 0.6582764301 0.8986492283 0.6560361986 0.9298282288 0.6341392254 0.9858086699 0.6282840526 0.9304780616
 0.0369214513 0.1141279055 0.0724953570 0.3908571270 0.3934060842 0.1581835354 0.0209556710 0.2460512734 0.5766616766 0.1727067506 0.1429500538 0.1293518235 0.2420937412 0.2145073190 0.0173279704 0.0370507097 0.0652723848 0.1727607819 0.0402710124 0.0190046328 0.2398822122 0.5582863717 0.5285659882 0.3183568312 0.0314978270 0.2140733843 0.1455007712 0.1148502784 0.1866488400 0.3379094762 0.4369395810 0.1084720488 0.2931998115 0.1088579770 0.0406588313 0.5000000000 0.6483406561 0.8212747950 0.9900578359 0.6892721636 0.8199760018 0.7924678567 0.6466928456 0.4684307199 0.9281912010 0.8929953432 0.5215855411 0.2733406240 0.5273051840 0.6294236983 0.8566505969 0.7695133800 0.8818821999 0.5090256133 0.4269470596 0.5447988587 0.8247267607 0.9369104853 0.9655471841 0.8852062815 0.7999471531 0.9546528993 0.5868631652 0.9004253004 0.6877948002 0.8431776742 0.6517750036 0.5259502786 0.9366641287 0.8354785544 0.9258765023 0.8377089088 0.9563595433 0.6898616311 0.8784295427 0.6520730349 0.9912332471 0.4240795562 0.9641600902 0.6033453031 0.9223924581 0.9538840297 0.7946570916 0.7279672748 0.9311920165 0.9334900332 0.8028868001 0.7245752803 0.4303763230 0.4426306961 0.8720672141 0.9885454341 0.9063976626 0.3934103357 0.8406967454 0.9971690738 0.8331040473 0.7000302460 0.9741023836 0.8990555864
 0.2329837768 0.0435351262 0.5627322517 0.0304246169 0.2342145514 0.2756501130 0.0684859252 0.0812115132 0.2014004901 0.1982860350 0.1225915571 0.7514908819 0.5633062857 0.0005306148 0.1402002217 0.2726522136 0.2258788936 0.1273855306 0.3232082103 0.0352707435 0.0732309868 0.1810367685 0.2683255380 0.0634581852 0.1659764278 0.3165293867 0.2825791268 0.0453417244 0.5162815277 0.4492335439 0.3929572601 0.1815869101 0.0611067685 0.5303412263 0.1000972758 0.3516593439 0.5000000000 0.8185547190 0.9908108495 0.8778284932 0.4082523096 0.4534708177 0.3193984151 0.2261540957 0.8213868884 0.6121158005 0.8200634082 0.7332481069 0.8813327568 0.8262513156 0.5541143404 0.8344179347 0.8500325186 0.7973723063 0.9621125163 0.7252947837 0.4050876531 0.9876133694 0.6093303114 0.8903184233 0.7147036247 0.3120158018 0.7385955593 0.7947721831 0.7788602223 0.8604350313 0.8136245392 0.9824985302 0.6102174001 0.7943564106 0.6099984256 0.8656972290 0.8019274374 0.4965558982 0.9472081274 0.8807134437 0.9110536040 0.8097560224 0.8098293451 0.6549074322 0.8722204442 0.9417051473 0.9678452833 0.8119777107 0.8219370943 0.7718986056 0.5424161347 0.8764496850 0.7065167413 0.8328131604 0.9045242189 0.8345966019 0.4558023040 0.6718451823 0.9657786803 0.5975248828 0.8341170810 0.3624010654 0.8508153525 0.9987551699
 0.0694919953 0.0346187226 0.0723130080 0.5870488983 0.1742806192 0.3897146139 0.6354418913 0.1014296562 0.1148831310 0.4204172168 0.4360627705 0.0670221649 0.2668606682 0.2798777453 0.2878809222 0.1617097975 0.0501937259 0.5509039394 0.0820163369 0.4528106305 0.5042447878 0.2132173311 0.4223109415 0.1173879370 0.1516285129 0.1726604618 0.3820242759 0.6247499009 0.0403281114 0.2989752600 0.2321045270 0.5069967335 0.7095666245 0.2214336924 0.1968675310 0.1787252050 0.1814452810 0.5000000000 0.3829369376 0.7877373454 0.5565280050 0.4800847490 0.6441409362 0.9357736937 0.4519161799 0.8442110540 0.8895917584 0.7354020574 0.7953198343 0.7636881455 0.9841876534 0.5974374333 0.9700730796 0.9799765165 0.8307905395 0.9024990663 0.8351467526 0.3753438021 0.4385956408 0.8981300798 0.7178662324 0.8918521371 0.6278693608 0.9004897826 0.7553772602 0.9288460182 0.9965230010 0.5134705211 0.9094453344 0.8791924135 0.9646297397 0.9964729197 0.4092511588 0.9720038437 0.6088503285 0.9433656990 0.7042681106 0.9939586166 0.7559152453 0.8431011511 0.5164567954 0.6578964464 0.8962531617 0.8634075647 0.8264429466 0.9002125462 0.7649508939 0.3835046863 0.9971485709 0.5558754790 0.6508226051 0.5488273257 0.4867074724 0.8382040931 0.8991543760 0.4130672122 0.2814018433 0.7153874063 0.7912907283 0.4327004728
 0.4991353258 0.0614240548 0.0018908089 0.2085932571 0.5038512398 0.4470580323 0.1473748447 0.1729208488 0.0047806158 0.0643041127 0.2890061741 0.0259689759 0.2626161226 0.0438668893 0.7021394160 0.0422130321 0.0455731840 0.2290321057 0.3096688118 0.0045692181 0.0246475871 0.3437225603 0.2960340266 0.3585309066 0.1607141828 0.0073728665 0.1766944747 0.4048101356 0.8263052164 0.1215043931 0.3844870159 0.0668452285 0.1966797985 0.0583036572 0.0887709148 0.0099421641 0.0091891505 0.6170630624 0.5000000000 0.9027913937 0.5554365516 0.9203651315 0.5743341084 0.9125332241 0.9038321557 0.8100238264 0.8321838042 0.2515839911 0.5063569354 0.9766317655 0.9272909662 0.8601746903 0.5064545903 0.6852603861 0.7236535663 0.7071822265 0.8640162415 0.5732670037 0.9758682819 0.9685306422 0.8477051909 0.9240561760 0.8237058025 0.9917401675 0.9721687443 0.7852396068 0.9594256657 0.5567273715 0.9515436065 0.5014035598 0.5988877888 0.6454145986 0.6983845545 0.8189703476 0.9668067869 0.9223638623 0.2266466336 0.7937255346 0.7913653342 0.8770433437 0.4590906544 0.8461885961 0.9773559529 0.8303242427 0.7615291789 0.9943146856 0.9870462899 0.9570278782 0.8165556859 0.8089246585 0.8405777809 0.5611885074 0.9934357933 0.7726333688 0.9454189975 0.4167226126 0.7696320333 0.9321399640 0.2061110153 0.9495220489
 0.2545969587 0.3932488352 0.2852168295 0.5517680201 0.1014297867 0.2834258876 0.0271897293 0.1407263151 0.2251870512 0.3083908812 0.4550204629 0.0073107858 0.1632744969 0.3896184599 0.2007535297 0.5469716809 0.0281599424 0.2726577561 0.3602652062 0.5158633805 0.1583426173 0.4722441613 0.1128455936 0.0856480767 0.0939513569 0.3697849984 0.1771623384 0.3969330192 0.0897657584 0.1914402170 0.0353359767 0.2426845475 0.1982115527 0.2127256579 0.3074087504 0.3107278364 0.1221715068 0.2122626546 0.0972086063 0.5000000000 0.3828405736 0.8069145103 0.7365629615 0.5866381998 0.6944598124 0.9374018797 0.9470354762 0.9140563240 0.8846840593 0.9640124671 0.9115302458 0.6067302392 0.9655487504 0.9590147010 0.9484914811 0.9396628956 0.8720934332 0.5929231928 0.6287306675 0.8812214689 0.7761267526 0.7738041553 0.8865036323 0.5812096799 0.6473318865 0.8682785558 0.8724537257 0.7251459831 0.5663644139 0.8802299284 0.8301961660 0.3320123577 0.9618769971 0.6995404915 0.9717437852 0.7919687556 0.5584304633 0.8905879332 0.9702597758 0.7931329288 0.6998051637 0.9180413182 0.8148587421 0.8065288689 0.4846797742 0.5165413906 0.8811166809 0.9439497927 0.6884869961 0.9382305063 0.9246270494 0.6932141259 0.5251936048 0.7296097532 0.5664398839 0.9874616362 0.9679904372 0.5989006148 0.6278006177 0.9723172647
 0.0133170794 0.1552187298 0.0840094237 0.3488293356 0.0639174358 0.3769991434 0.0560751887 0.0078247586 0.5364365258 0.5676855302 0.0069318301 0.6244479177 0.0265369404 0.2726628605 0.4875701448 0.3448465879 0.3096051571 0.2439376805 0.1550924482 0.1298670599 0.0544192093 0.2990361571 0.1683375276 0.2429936484 0.4122666876 0.0624616146 0.2230430973 0.4124998749 0.0479399235 0.0289728070 0.1200134785 0.0055879425 0.0579674821 0.3840511010 0.2124607357 0.1800239982 0.5917476904 0.4434719950 0.4445634484 0.6171594264 0.5000000000 0.5009287647 0.6949556549 0.6201044552 0.7786368927 0.5362739335 0.8791445395 0.9692908782 0.9884995566 0.6221454554 0.9417781849 0.8369762321 0.7735970053 0.7507848654 0.8407690878 0.4161971123 0.4965860020 0.4356697659 0.7812528454 0.8480392510 0.8235864774 0.6883975585 0.4575164562 0.9407146812 0.6425953031 0.8963759279 0.9470151629 0.8128499645 0.7811778361 0.9606124187 0.8183604641 0.1228012725 0.8413580093 0.9114497105 0.9937591769 0.4163867952 0.8821140563 0.7573608908 0.8354686946 0.4817385123 0.8786748192 0.6437034606 0.6907048779 0.9225222635 0.9669789376 0.8129511549 0.3428957279 0.3523700842 0.8209316662 0.8245126978 0.2334229173 0.8567783745 0.6431427958 0.8199991817 0.8950907832 0.7070123894 0.8421589907 0.8152897290 0.7929075747 0.6492440571
 0.2656335867 0.3687589755 0.1954210481 0.1095985391 0.4413980263 0.4371365318 0.4048355187 0.4910330006 0.0952509960 0.0778472515 0.0876635650 0.5984358078 0.1724316156 0.0003187138 0.1240681603 0.1570465116 0.2994376485 0.7592746550 0.0317739471 0.1385787885 0.3594539036 0.2817740135 0.1168598621 0.1736281229 0.2133458617 0.3418774528 0.3502220984 0.6173163168 0.6411914607 0.0740899292 0.4270560953 0.1083095583 0.1069173911 0.2482005539 0.1281614178 0.2075321433 0.5465291823 0.5199152510 0.0796348685 0.1930854897 0.4990712353 0.5000000000 0.8648715374 0.8352949431 0.4273234165 0.3296399386 0.9514315170 0.7992360433 0.9598503656 0.9208036290 0.7887948876 0.8157788225 0.6583430221 0.7852757973 0.5620256088 0.6441992885 0.8522753570 0.2972355061 0.7247032533 0.9103170615 0.2684203879 0.9069791569 0.7991052396 0.9205716001 0.9875094727 0.9499451247 0.8500819860 0.5228994236 0.8751039520 0.8765117958 0.8573249088 0.9437334559 0.7575112944 0.4459826081 0.9168620843 0.7541070290 0.9623152579 0.9986614265 0.4848754614 0.6780919346 0.6652037956 0.9533172034 0.4638163888 0.5154777133 0.4148498618 0.9268992530 0.8774445773 0.6771474985 0.6963089435 0.7925350270 0.6928145899 0.1203730384 0.9097186836 0.5982392658 0.4432671671 0.9011749752 0.7335877740 0.3914328986 0.8706247152 0.8190934822
 0.5788394079 0.0911893358 0.1670901180 0.2282416071 0.0577524312 0.0571586442 0.4172723419 0.3033880172 0.0498958447 0.0656626385 0.3439764316 0.5338866405 0.5258988945 0.0713048721 0.0094461484 0.3770653572 0.5236465434 0.5066895746 0.5119668220 0.3528577672 0.0120533561 0.1399853393 0.5184141378 0.0632219329 0.1719099922 0.0946812411 0.2047587681 0.0052331060 0.4137710261 0.4387183842 0.0108114251 0.2466614690 0.0892100736 0.1087761061 0.0624256974 0.3533071544 0.6806015849 0.3558590638 0.4256658916 0.2634370385 0.3050443451 0.1351284626 0.5000000000 0.9637823148 0.9726983070 0.8542793424 0.7782038339 0.9184882795 0.6686593410 0.8128855300 0.8532430164 0.9672943553 0.8933653694 0.6980349351 0.4225565999 0.7713678297 0.8124874072 0.6676617990 0.6640553623 0.8760829129 0.6466923508 0.7525818951 0.8993278402 0.5531031472 0.9534345928 0.5264634297 0.8658422132 0.9438152033 0.4823024801 0.9757057841 0.9058294227 0.3992057995 0.9647869701 0.8365265550 0.9154579461 0.9923734859 0.3528388971 0.6160191276 0.6682212955 0.4848526097 0.6891987748 0.5245268427 0.7791613900 0.7886603457 0.7269270975 0.8871314883 0.8504779583 0.7075510294 0.4587308017 0.8195248726 0.8734284741 0.8745348522 0.8424412902 0.6956151671 0.6957761971 0.9586718191 0.9120788231 0.4218335492 0.7648834773 0.8142318428
 0.1918022175 0.0588016337 0.2417520959 0.1347203630 0.0088923688 0.2562423884 0.0275374148 0.4951302945 0.2867508167 0.4167147067 0.0870479563 0.2425956639 0.2448266198 0.2204488656 0.0975339519 0.4737130898 0.2566935676 0.1149587276 0.0000732898 0.2647075941 0.3230134411 0.1732940869 0.1577464195 0.0812014604 0.5812949989 0.2368121356 0.4450669813 0.1003186622 0.6075199044 0.1540296733 0.4960457840 0.0606303338 0.1647980707 0.4969736714 0.1929185097 0.5315692801 0.7738459043 0.0642263063 0.0874667759 0.4133618002 0.3798955448 0.1647050569 0.0362176852 0.5000000000 0.8429033420 0.7910705341 0.7399928792 0.7296903607 0.8614792877 0.4549453693 0.8534953116 0.8321451959 0.4383659491 0.5907208408 0.8996853328 0.6575979812 0.8431940665 0.9087659490 0.8387483257 0.6084212160 0.4243894478 0.8492047039 0.4595607229 0.8529466570 0.3297318063 0.8527604494 0.3974667100 0.7730158150 0.4529294888 0.4723729392 0.8015170752 0.5851086857 0.9310116995 0.7433909001 0.6486495014 0.9222003691 0.5416823954 0.5103766899 0.2628450079 0.8056865736 0.5166935826 0.7874735276 0.2795174115 0.9909223000 0.6909468042 0.8902935449 0.4194516644 0.7088541616 0.8597410141 0.5025648652 0.8887848772 0.9698049728 0.8191053675 0.5277520386 0.7831194024 0.9058181557 0.6780883697 0.8599443921 0.7178320792 0.6123213877
 0.0531055974 0.1664891206 0.4981089807 0.0439291735 0.0767199760 0.3880397546 0.2013753995 0.1829609389 0.2731513843 0.0469833512 0.0196360656 0.4125938776 0.0316436913 0.6184399912 0.2347029871 0.1449641673 0.2908076945 0.0262352074 0.0988182344 0.2533741069 0.5598797411 0.2884075232 0.3553825837 0.1305593559 0.7842796116 0.4636901095 0.9173845902 0.7953663563 0.3231217208 0.3541188495 0.1533918087 0.1892748374 0.7987788500 0.3096085573 0.7771563087 0.0718087990 0.1786131116 0.5480838201 0.0961678443 0.3055401876 0.2213631073 0.5726765835 0.0273016930 0.1570966580 0.5000000000 0.4341021217 0.9576225505 0.9289684671 0.9795789098 0.7363412130 0.8587063736 0.7346889039 0.7065831842 0.9803045928 0.6971196810 0.9451627286 0.7442230789 0.7985530485 0.8245489900 0.4741983221 0.5991936551 0.8122941875 0.9633400023 0.5875133671 0.9418045443 0.5862475063 0.8143626892 0.9617916829 0.5402408051 0.9795538755 0.9243215542 0.3833248226 0.8980477545 0.5884328022 0.5628654432 0.8669465987 0.3908778400 0.4993591158 0.5273868561 0.7582065442 0.8277739695 0.8995150501 0.5783714336 0.4647543047 0.7223718908 0.7744492286 0.6941056977 0.2358379744 0.4124912153 0.7196581318 0.3978045712 0.3620655315 0.9712979209 0.6379890556 0.8161447712 0.9149595991 0.2204647494 0.8697726038 0.8105290205 0.1290000300
 0.0969091807 0.1552756628 0.3161514657 0.2275895329 0.3844723135 0.1314201910 0.1381936266 0.2502720335 0.2522917575 0.3533592091 0.2811739109 0.1483969286 0.1113488187 0.1431120448 0.4150565009 0.3108970658 0.0302937305 0.0088719909 0.3498942866 0.1081313585 0.1297662009 0.2047849479 0.6161975813 0.2997732075 0.0352746878 0.4990690226 0.0866738569 0.0795239070 0.4819789537 0.3480888918 0.4740430093 0.5562791744 0.0646093567 0.4909552030 0.4152351723 0.1070046568 0.3878841995 0.1557889460 0.1899761736 0.0625981203 0.4637260665 0.6703600614 0.1457206576 0.2089294659 0.5658978783 0.5000000000 0.6355783119 0.6427548543 0.9952030300 0.6177403548 0.9736097470 0.9196543578 0.5595028040 0.9807288394 0.9651255751 0.9033761785 0.9740947720 0.4980762177 0.5543063129 0.5649455727 0.8530719052 0.5057503888 0.3529237053 0.7772456934 0.6514601735 0.8238746636 0.8279885255 0.8044304377 0.8756536911 0.8550923500 0.9732960397 0.7408579978 0.6576863649 0.9875375544 0.9808926713 0.9213723582 0.9360206426 0.8889379344 0.9041158914 0.5243738278 0.3201049342 0.5915352379 0.8473285656 0.9176306263 0.6967885624 0.7148959727 0.8305255746 0.2887884703 0.8123408521 0.9534031028 0.8922423660 0.8119007115 0.7080296431 0.7126268010 0.6638817430 0.7443107374 0.9327430849 0.9251555692 0.9778335097 0.7075874390
 0.1244232414 0.5022589168 0.5298412144 0.1433378470 0.2639481640 0.2883111315 0.0855208733 0.4462813093 0.4702761839 0.4138753608 0.1980187358 0.3722963144 0.5420452662 0.1318719510 0.0261083245 0.0044786172 0.2303270930 0.6953622561 0.1377507627 0.1054651457 0.7466339545 0.2083498808 0.0745707604 0.2207909899 0.3229218128 0.8123851646 0.6819636280 0.2093226475 0.2396549724 0.2682151305 0.0977190230 0.1583531584 0.1648989405 0.2379278401 0.3352537312 0.4784144589 0.1799365918 0.1104082416 0.1678161958 0.0529645238 0.1208554605 0.0485684830 0.2217961661 0.2600071208 0.0423774495 0.3644216881 0.5000000000 0.2721720681 0.7997860654 0.7977814202 0.9081785878 0.9943899703 0.9060232875 0.8286281891 0.4347702398 0.9639136497 0.8330779098 0.5772331622 0.2910559007 0.9274619030 0.8878508362 0.6849299876 0.8670961355 0.9475858917 0.9701173752 0.2842058279 0.7425632665 0.9330980373 0.8126912707 0.0966714174 0.8789454295 0.5531615406 0.9599321748 0.6336443153 0.9517806193 0.9493057720 0.9195085211 0.2379795656 0.7690230333 0.6687321135 0.1879100208 0.6448344191 0.5974700217 0.6025012769 0.9673981510 0.8825358829 0.3799312026 0.8295900209 0.5988770210 0.8645036361 0.3329494662 0.9949157479 0.9403410558 0.8366710620 0.2739420227 0.8598458679 0.7169389785 0.6869344620 0.9073657307 0.7155091355
 0.4198809820 0.6471996234 0.0800167089 0.2360915505 0.2593697087 0.3730317770 0.1391996646 0.0917853045 0.0842029307 0.1830624875 0.1584452806 0.2096987434 0.0717924836 0.0361768227 0.3154689608 0.6007991062 0.1092661370 0.0359727109 0.1886209308 0.1428455003 0.2171937978 0.3908923510 0.2851854534 0.2273831156 0.4159958065 0.2075418196 0.4045679775 0.1583694356 0.1549910013 0.3199349949 0.1764204616 0.3973799381 0.3654780186 0.4671913779 0.4550680308 0.7266593760 0.2667518931 0.2645979426 0.7484160089 0.0859436760 0.0307091218 0.2007639567 0.0815117205 0.2703096393 0.0710315329 0.3572451457 0.7278279319 0.5000000000 0.7914363835 0.9647871777 0.7032494078 0.7015211756 0.6850109614 0.8120711015 0.8875070974 0.9861627880 0.8671830778 0.9936089348 0.7109711785 0.8234279393 0.6852662112 0.9219654365 0.6597197405 0.8094595283 0.6001002283 0.7320552791 0.5664144126 0.4757667393 0.9949598200 0.7094692366 0.7186726427 0.9500215637 0.9374885844 0.4846597939 0.9019163507 0.8960604888 0.8791679605 0.7404119075 0.8118319039 0.9647171816 0.5931232254 0.6521207887 0.8400752011 0.6719312106 0.9656272839 0.7141435641 0.9745568512 0.7816988843 0.6895618482 0.6873240124 0.9758381715 0.9496609150 0.6516718799 0.9272011288 0.9341633136 0.9371544187 0.8921730774 0.7567157152 0.6267524338 0.9642962595
 0.1269336091 0.2500661895 0.2885790651 0.1313391486 0.1718982834 0.2418320742 0.2389526588 0.0476623315 0.2019417250 0.0845635708 0.1288620206 0.1525721908 0.1196260312 0.0279834554 0.4048532913 0.4122899651 0.2547582771 0.0169587302 0.3450933299 0.0853506441 0.0932121505 0.5136038907 0.3464733580 0.3531400606 0.0421437657 0.0519254815 0.1658222888 0.1358909319 0.1363916969 0.1167619678 0.7084063823 0.0002539810 0.3346449848 0.1501337946 0.1300307764 0.4726948160 0.1186672432 0.2046801657 0.4936430646 0.1153159407 0.0115004434 0.0401496344 0.3313406590 0.1385207123 0.0204210902 0.0047969700 0.2002139346 0.2085636165 0.5000000000 0.7386885773 0.7680573853 0.7954892027 0.7867516906 0.7645922246 0.8499436548 0.8191646296 0.8982441798 0.6118821553 0.9913013459 0.9561377176 0.9627659915 0.9877983505 0.9386123581 0.5929433637 0.8266653681 0.8241480734 0.9039103350 0.6287570828 0.9947285631 0.9740007610 0.7683830476 0.7423170719 0.6664685440 0.7395209933 0.8691924991 0.7107494153 0.7844510724 0.7505654061 0.7182750174 0.9840998268 0.6887204688 0.8934857108 0.7906719412 0.8633559086 0.6207259349 0.4978169862 0.9945480785 0.7834066705 0.8500219299 0.5596857732 0.9639796579 0.7423754725 0.8627133531 0.8250056011 0.7000771243 0.9377395070 0.8539294571 0.7372711715 0.7558874084 0.7605780746
 0.0835096295 0.0616870905 0.3852469018 0.2023457249 0.0388537450 0.0870190660 0.2441265547 0.0553050189 0.0929054788 0.2732083328 0.5073924098 0.9300916423 0.0848790336 0.4679031880 0.1979340189 0.2402885233 0.2260623375 0.1357009738 0.2841626679 0.5581450671 0.0687728849 0.3166770373 0.3361438144 0.1417319049 0.0717313436 0.4306799263 0.2144493826 0.1000526946 0.3370265473 0.2209936816 0.5143481108 0.4612780878 0.2240793043 0.3271837795 0.1030783991 0.3705763017 0.1737486844 0.2363118545 0.0233682345 0.0359875329 0.3778545446 0.0791963710 0.1871144700 0.5450546307 0.2636587870 0.3822596452 0.2022185798 0.0352128223 0.2613114227 0.5000000000 0.9533258756 0.8329897388 0.8046968085 0.9399626802 0.6332580954 0.9291499116 0.9883920599 0.6489487935 0.4272549931 0.9504607531 0.4908835348 0.8345154971 0.8753494968 0.9679895945 0.7574934841 0.8957342114 0.7646026872 0.9513399686 0.8031655637 0.3838246902 0.3503251219 0.5978857950 0.8562455286 0.6440906207 0.4454614944 0.9846888853 0.8503563806 0.9729969803 0.5064378402 0.8527296851 0.5139331994 0.8101887460 0.7175440118 0.8748613273 0.6036966558 0.9620488248 0.9948766530 0.8735746504 0.9225312346 0.9489631002 0.5267088885 0.7081142352 0.9877166566 0.9849936832 0.9843829549 0.4422522569 0.9963024235 0.8998027442 0.7526829008 0.7364486830
 0.1586470609 0.3012341111 0.0077644565 0.0076728306 0.0950271668 0.4638170753 0.2851851711 0.4541712275 0.2454998510 0.3411796475 0.2941387580 0.1788643313 0.0008196467 0.3732324208 0.4487954102 0.6093014140 0.0886524961 0.1031034584 0.0491257303 0.2366463411 0.1120941110 0.0260960888 0.4146845878 0.1303303105 0.0819643818 0.0810111236 0.4222722181 0.1330758543 0.3311819268 0.6497110174 0.4381476764 0.5623786118 0.8390427462 0.3637460479 0.2331399540 0.1433494031 0.4458856596 0.0158123466 0.0727090338 0.0884697542 0.0582218151 0.2112051124 0.1467569836 0.1465046884 0.1412936264 0.0263902530 0.0918214122 0.2967505922 0.2319426147 0.0466741244 0.5000000000 0.9136759118 0.2572589432 0.3262268236 0.9422421454 0.9079954639 0.9032028227 0.9598642869 0.5046027528 0.4739577864 0.1711632415 0.9131857805 0.7289419933 0.9769471645 0.6404597181 0.7674036288 0.5603547775 0.7483030354 0.4277131726 0.5075470165 0.8008471060 0.8909050496 0.8666329257 0.9015160405 0.6744364311 0.9373964198 0.3075578720 0.7508234783 0.9804812219 0.9292415102 0.8910260029 0.8354602978 0.8721757519 0.9688394151 0.9433588738 0.7504933634 0.6724153835 0.9669128436 0.8686080842 0.7815085153 0.6201712018 0.9190891063 0.7374765373 0.6805445231 0.4563138927 0.6484258190 0.4615100851 0.9403558405 0.8166153676 0.5822010097
 0.1396322141 0.2002405961 0.0319182251 0.2088895548 0.4500419867 0.0198152614 0.3991231289 0.0126414505 0.3503593295 0.7189250884 0.1853573094 0.0993855317 0.2649207771 0.1125127455 0.1609625805 0.1796154438 0.4471954013 0.3002079614 0.3840864457 0.0471492398 0.2530569518 0.6088275332 0.0254058686 0.2947320868 0.5844854129 0.1621765395 0.0908611870 0.0989428318 0.1661807994 0.1071223810 0.3628447819 0.0935465797 0.3105575906 0.1819447904 0.3667060291 0.2304866200 0.1655820653 0.4025625667 0.1398253097 0.3932697608 0.1630237679 0.1842211775 0.0327056447 0.1678548041 0.2653110961 0.0803456422 0.0056100297 0.2984788244 0.2045107973 0.1670102612 0.0863240882 0.5000000000 0.5629742676 0.7433534978 0.8154306880 0.9420075802 0.8572609064 0.7663064846 0.9265604638 0.9441426571 0.4411710932 0.3557106383 0.9961859905 0.9128371527 0.9762639753 0.6788369593 0.8701493400 0.6671510732 0.9630555889 0.8938804581 0.8537702301 0.8766500968 0.3938587953 0.2816954855 0.5965160952 0.5348484964 0.9820355513 0.6284446274 0.5214565551 0.7543236499 0.4891828021 0.6987693804 0.7763271839 0.7444663466 0.8999787591 0.2125380033 0.7564468897 0.8423236740 0.6316897354 0.4643152987 0.7335562841 0.6342946933 0.9509103587 0.7015903862 0.9218479005 0.7762459776 0.5211443729 0.8463768880 0.7884393666 0.7392199920
 0.1292298936 0.0934071858 0.1023064910 0.2827061020 0.4987262931 0.0823446290 0.1790883821 0.2838333302 0.0448566673 0.0701177644 0.2613698375 0.0130955733 0.0317474481 0.4464599283 0.1964233184 0.1224091009 0.1636765859 0.6258358639 0.1212224929 0.0098092224 0.0654111100 0.3059660549 0.0420292802 0.4105792604 0.3627847924 0.0303457357 0.3260907934 0.1987404048 0.3436966644 0.1401459276 0.0159175544 0.1794911879 0.3748762774 0.5310203408 0.1275483578 0.1181178001 0.1499674814 0.0299269204 0.4935454097 0.0344512496 0.2264029947 0.3416569779 0.1066346306 0.5616340509 0.2934168158 0.4404971960 0.0939767125 0.3149890386 0.2132483094 0.1953031915 0.7427410568 0.4370257324 0.5000000000 0.7135255951 0.8729706608 0.9537657591 0.9027640642 0.7923412039 0.9024092377 0.3961476511 0.6015975471 0.5623517274 0.3751004389 0.6606792126 0.5999578521 0.5096537116 0.9542931207 0.9179430983 0.8359012968 0.9612945228 0.9278458914 0.8588814769 0.6761174030 0.2031254066 0.9595341405 0.3423057132 0.8798925945 0.3610176102 0.8577486727 0.8417131623 0.8231049792 0.9481639716 0.9538023720 0.7364458109 0.3940485872 0.7801669639 0.8380729984 0.9039215424 0.7313552259 0.8895598059 0.9036350881 0.8144187645 0.5030679279 0.6407733010 0.4269549809 0.6857476501 0.8864545362 0.7185894487 0.9831734146 0.5896274475
 0.3961343139 0.6396441647 0.7505184873 0.2239585168 0.1648379383 0.0376419822 0.2804468229 0.0780255802 0.4827030668 0.3541962747 0.1602767196 0.3941342350 0.1906946646 0.3088299084 0.0631243096 0.0507552330 0.2875370120 0.2831919660 0.7837206325 0.1490052635 0.1300512622 0.2277866792 0.0361603857 0.2332397804 0.3027408914 0.3072779657 0.0296748558 0.3125993321 0.0755379440 0.2151152483 0.2176421946 0.3844626048 0.1874800367 0.4915090484 0.2453720959 0.4909743867 0.2026276937 0.0200234835 0.3147396139 0.0409852990 0.2492151346 0.2147242027 0.3019650649 0.4092791592 0.0196954072 0.0192711606 0.1713718109 0.1879288985 0.2354077754 0.0600373198 0.6737731764 0.2566465022 0.2864744049 0.5000000000 0.9296025905 0.6640967726 0.8315015432 0.5687697192 0.8629309938 0.7465236036 0.9430583408 0.9025744434 0.4908123698 0.9735622878 0.7517432039 0.6252671194 0.5738431827 0.9957498083 0.7110353200 0.9041470604 0.5471210062 0.9744378087 0.7342003060 0.8786150724 0.5336359929 0.4530347268 0.9438116950 0.5965589205 0.9268427077 0.8584938679 0.5712311001 0.8327457397 0.2013930508 0.9905116128 0.8121938118 0.8377695393 0.9539461603 0.9262351778 0.9636224058 0.7096864188 0.9005411137 0.7668542829 0.2751001947 0.6935194797 0.6900192215 0.9929665813 0.9525193385 0.8679649980 0.5497816851 0.7212504121
 0.1961813802 0.1725818180 0.7039321301 0.0025655885 0.6872041985 0.2140868430 0.4249926168 0.0655199929 0.3161916855 0.2071275859 0.0334096937 0.1786237410 0.1792187120 0.3326631580 0.1321873050 0.1153861785 0.3400675309 0.1081757159 0.1536567864 0.0002038092 0.2905386201 0.0736627932 0.0400051971 0.0025779197 0.0239899566 0.0013836471 0.1614457541 0.2589304575 0.2299377381 0.6536939680 0.4657725336 0.0124051583 0.1907296566 0.3561434811 0.2688273987 0.5730529404 0.0378874837 0.1692094605 0.2763464337 0.0515085189 0.1592309122 0.4379743912 0.5774434001 0.1003146672 0.3028803190 0.0348744249 0.5652297602 0.1124929026 0.1500563452 0.3667419046 0.0577578546 0.1845693120 0.1270293392 0.0703974095 0.5000000000 0.9995906522 0.9805831229 0.7145162804 0.5635894111 0.6315485979 0.1981546988 0.7011761051 0.8120435135 0.4958625679 0.7162022240 0.4701173765 0.9349647181 0.3731512083 0.9051418654 0.9784224580 0.9151311917 0.9178416752 0.6516823970 0.9699997469 0.9552308251 0.4892159170 0.4636349660 0.4375844129 0.8121647338 0.8734992436 0.7298697646 0.3263679624 0.8677736291 0.8532496163 0.7057499741 0.6896049046 0.7261604477 0.3471920659 0.8898944141 0.4769809834 0.5972423614 0.9420009234 0.3736329231 0.7287048869 0.7954200968 0.8350993503 0.8255344132 0.9839279237 0.8470020295 0.4613885518
 0.2323453073 0.5955223133 0.2537257737 0.2949981130 0.4824543052 0.5985326092 0.3426914342 0.5483988709 0.1177863907 0.1552228433 0.2005785835 0.1766942498 0.3666162066 0.5771777971 0.2456671395 0.4163541328 0.2134529759 0.4434955028 0.1670845109 0.1221654172 0.2615949174 0.5183041494 0.3531535976 0.2078182718 0.6107680622 0.5143764286 0.0128691782 0.1865301476 0.2075766246 0.0993281156 0.3888295107 0.3069708697 0.0920693419 0.5333940168 0.4610859081 0.4552011413 0.2747052163 0.0975009337 0.2928177735 0.0603371044 0.5838028877 0.3558007115 0.2286321703 0.3424020188 0.0548372714 0.0966238215 0.0360863503 0.0138372120 0.1808353704 0.0708500884 0.0920045361 0.0579924198 0.0462342409 0.3359032274 0.0004093478 0.5000000000 0.6197653460 0.9324748373 0.9197667285 0.9477070435 0.4664180683 0.6628508201 0.8300265451 0.7557132180 0.9667696703 0.9514563697 0.9005487812 0.8401792122 0.9637717545 0.9928138774 0.7306669626 0.9322411082 0.6970628604 0.8049503197 0.9201118550 0.8956088217 0.9027279359 0.6790095641 0.8766950273 0.8030359491 0.4114758616 0.6689146290 0.4910418423 0.6896407053 0.9555424087 0.6257044241 0.9889789311 0.9988367476 0.6314157268 0.9211080562 0.9392582893 0.9390504059 0.4708283262 0.5332740032 0.8446923726 0.6979726389 0.6486752339 0.9865437431 0.3994472282 0.7986407979
 0.2675986663 0.0070926475 0.1121418044 0.6191498715 0.2587813235 0.1481646484 0.2775545232 0.5566864973 0.4027847642 0.1838639420 0.0312328432 0.1301520437 0.1317714356 0.1930368816 0.2019164096 0.3419972676 0.0767246432 0.0823574982 0.1774623175 0.0532665205 0.3895107180 0.3195276335 0.1674412903 0.2037318882 0.2111356068 0.5461849878 0.2440356740 0.3915909127 0.1117612057 0.0111740868 0.4171246745 0.4428112273 0.0560728670 0.0910418510 0.3598722705 0.1752732393 0.5949123469 0.1648532474 0.1359837585 0.1279065668 0.5034139980 0.1477246430 0.1875125928 0.1568059335 0.2557769211 0.0259052280 0.1669220902 0.1328169222 0.1017558202 0.0116079401 0.0967971773 0.1427390936 0.0972359358 0.1684984568 0.0194168771 0.3802346540 0.5000000000 0.8208202204 0.7332419774 0.9260105807 0.5189347900 0.7844810502 0.9338418260 0.7352102374 0.8824719499 0.7552059680 0.8351357364 0.7350766500 0.7400113528 0.8738569446 0.8650089196 0.9667184449 0.6762650033 0.7066156384 0.8845672118 0.2840770210 0.9417477255 0.5135636411 0.9577626561 0.9927963448 0.9520485786 0.7873028097 0.3980851543 0.6616160147 0.5503977668 0.7168344130 0.7516301716 0.9495890313 0.8335803725 0.2666604814 0.7038544815 0.6312155716 0.3403750820 0.9403226387 0.6325700369 0.7037887528 0.9650211314 0.7050130500 0.7455287682 0.9659053960
 0.1144057991 0.2406333082 0.2135626721 0.1802373063 0.0764073095 0.2926836689 0.1048950796 0.0747073048 0.3247259160 0.2401761205 0.1621700033 0.2762606488 0.5035247010 0.0959995312 0.1349014265 0.7262448216 0.3088460860 0.1383440577 0.3704041894 0.0604015040 0.1085865022 0.0271373608 0.1297427808 0.2714094644 0.1833719778 0.1814762174 0.1433151621 0.0786085879 0.1110236872 0.1201246365 0.1599536683 0.1807402812 0.1992844141 0.0745410391 0.5817996658 0.0630895147 0.0123866306 0.6246561979 0.4267329963 0.4070768072 0.5643302341 0.7027644939 0.3323382010 0.0912340510 0.2014469515 0.5019237823 0.4227668378 0.0063910652 0.3881178447 0.3510512065 0.0401357131 0.2336935154 0.2076587961 0.4312302808 0.2854837196 0.0675251627 0.1791797796 0.5000000000 0.6559899809 0.9774450928 0.8331123831 0.5454125210 0.6968272568 0.8074960995 0.5882952841 0.5545830050 0.8746659894 0.5748097712 0.7333858526 0.9793686238 0.9512050647 0.6524940786 0.9529964952 0.7720337690 0.7663232151 0.8885092974 0.7657569299 0.8821886729 0.9925905558 0.6663325805 0.6440951613 0.4847960223 0.8030556046 0.5649778691 0.9836368039 0.6956047412 0.6547767454 0.6943381173 0.6545076324 0.9582350881 0.6081982820 0.5874673810 0.7756386231 0.9283414551 0.7108229225 0.9430552887 0.6762230424 0.9885694537 0.8826161314 0.9576802732
 0.0177351212 0.2758402233 0.1929702628 0.0507329544 0.0238004566 0.3864756457 0.5865927596 0.2115647351 0.2670034264 0.3669469826 0.2628848090 0.5130200592 0.1131149857 0.2113077209 0.1366669190 0.4165768296 0.4915499530 0.0207036665 0.4185867661 0.1492457772 0.0617716724 0.0004804219 0.3118556651 0.1077060779 0.3065594761 0.0315877567 0.5690784935 0.6477136912 0.2982319257 0.2069820453 0.2964788922 0.6140619748 0.1530484249 0.0286427989 0.1129931025 0.0344528159 0.3906696886 0.5614043592 0.0241317181 0.3712693325 0.2187471546 0.2752967467 0.3359446377 0.1612516743 0.1754510100 0.4456936871 0.7089440993 0.2890288215 0.0086986541 0.5727450069 0.4953972472 0.0734395362 0.0975907623 0.1370690062 0.4364105889 0.0802332715 0.2667580226 0.3440100191 0.5000000000 0.8223856512 0.8839985511 0.2043363583 0.9687209788 0.4546858220 0.6919885292 0.3373453071 0.2234909624 0.9373468210 0.3594521432 0.3708416872 0.5280191477 0.9888078113 0.5725973019 0.7621605555 0.6665274970 0.7155724413 0.8782968876 0.6236010541 0.7487814903 0.5965809282 0.8556419990 0.7841963445 0.8854713818 0.9032381050 0.7833374442 0.9518508247 0.9535356393 0.4640363557 0.4821219090 0.8926864602 0.7102479320 0.8326292364 0.8224670470 0.5214616211 0.3751204344 0.7930627648 0.8860326004 0.9778074122 0.9676814508 0.5091261830
 0.6128486255 0.3965730553 0.6868866533 0.4044334022 0.4442626518 0.6379131941 0.1422579629 0.1180356869 0.0544105544 0.2750428012 0.3155257284 0.4896978031 0.4549341448 0.0826961867 0.3165202226 0.4583032107 0.3143907650 0.2258812612 0.3429629852 0.0635565658 0.0074134168 0.4572578220 0.2096344162 0.0431209773 0.1892881553 0.5152292158 0.1362830733 0.2638950667 0.0697716271 0.0704246220 0.1010787191 0.0009615796 0.0302686449 0.2026422549 0.1934689540 0.1147937185 0.1096815767 0.1018699202 0.0314693578 0.1187785311 0.1519607490 0.0896829385 0.1239170871 0.3915787840 0.5258016779 0.4350544273 0.0725380970 0.1765720607 0.0438622824 0.0495392469 0.5260422136 0.0558573429 0.6038523489 0.2534763964 0.3684514021 0.0522929565 0.0739894193 0.0225549072 0.1776143488 0.5000000000 0.7529027362 0.8454851038 0.8132003566 0.9195171674 0.9132544239 0.8507332765 0.3211886411 0.8581144483 0.4145423595 0.9267808037 0.8213662354 0.9056396526 0.6545491238 0.3295766720 0.7729332587 0.9872740355 0.8284216744 0.7635307428 0.8074927588 0.5789717711 0.4161951960 0.8135464516 0.9843048191 0.8930414772 0.6940973517 0.9119893373 0.9879859618 0.8998689721 0.9171966296 0.6834039231 0.9815198331 0.4073185996 0.7233308075 0.7504024969 0.7339195357 0.9625053367 0.8205826450 0.4404869309 0.5006418045 0.9610971696
 0.1976992546 0.6494997606 0.4953188811 0.0332177593 0.3436319765 0.5130425446 0.2354876295 0.2553439524 0.0545228480 0.1505779227 0.5345744951 0.3409587446 0.2988128112 0.1741132452 0.4761023395 0.3589076696 0.0488927031 0.1133898222 0.6193587015 0.2282621166 0.0708674297 0.6639186673 0.4315640097 0.4162324738 0.0180510315 0.5108995459 0.0317974827 0.0756955548 0.2559858706 0.6452262748 0.3780447911 0.0686701757 0.0213701641 0.2261818522 0.0236322278 0.2000528469 0.2852963753 0.2821337676 0.1522948091 0.2238732474 0.1764135226 0.7315796121 0.3533076492 0.5756105522 0.4008063449 0.1469280948 0.1121491638 0.3147337888 0.0372340085 0.5091164652 0.8288367585 0.5588289068 0.3984024529 0.0569416592 0.8018453012 0.5335819317 0.4810652100 0.1668876169 0.1160014489 0.2470972638 0.5000000000 0.4051999898 0.6916699790 0.9209799821 0.9450534304 0.4395570839 0.6680485950 0.4910345591 0.3809897283 0.2772591596 0.6380899364 0.6478921128 0.9922672965 0.9631852806 0.7272812984 0.8965026614 0.7564876971 0.7570985310 0.9536559377 0.7555734879 0.3067479123 0.9409889749 0.6413825313 0.7931900717 0.9302979930 0.7565571441 0.9528702267 0.9555728050 0.6559478592 0.8239462014 0.8683370264 0.8462308317 0.8546846677 0.8362309067 0.6551982330 0.9905865785 0.6230579884 0.9233884726 0.7956652817 0.5748106294
 0.2408828637 0.0091440204 0.5113935473 0.0157198624 0.6555602122 0.2316292659 0.2430317879 0.7227213389 0.3269452911 0.4133106534 0.1146692795 0.1436491211 0.0308737692 0.2143134926 0.0985526814 0.2909600583 0.5263997080 0.0231162878 0.1160662066 0.4492271935 0.2015908292 0.4142176022 0.0304367774 0.0439775344 0.0436488656 0.5384845264 0.0949406974 0.2849434154 0.4373429290 0.2255656796 0.0901204593 0.2585098175 0.0419358576 0.3725034560 0.2182950591 0.0453471007 0.6879841982 0.1081478629 0.0759438240 0.2261958447 0.3116024415 0.0930208431 0.2474181049 0.1507952961 0.1877058125 0.4942496112 0.3150700124 0.0780345635 0.0122016495 0.1654845029 0.0868142195 0.6442893617 0.4376482726 0.0974255566 0.2988238949 0.3371491799 0.2155189498 0.4545874790 0.7956636417 0.1545148962 0.5948000102 0.5000000000 0.4084205862 0.7732916520 0.7990597643 0.9753789968 0.9933628741 0.7994533741 0.8586352327 0.9379487577 0.7692204175 0.9687568811 0.7185203493 0.6492141993 0.9932584280 0.9991368666 0.4802350532 0.9859735958 0.7000904986 0.9958646098 0.4778759404 0.9240026531 0.7606316217 0.9309377751 0.7514876446 0.8642696382 0.9614912435 0.5320358299 0.6114969936 0.3830333373 0.9253054632 0.6390730057 0.9525893763 0.9307794442 0.3030819040 0.5286746481 0.9586784949 0.9810890937 0.6248060041 0.8399951993
 0.0372943026 0.0886787805 0.1282352115 0.2332341301 0.4499849916 0.0238455069 0.4212453800 0.1761636203 0.5982536797 0.3500644592 0.0352406977 0.3053320457 0.1675041649 0.3400661976 0.2025387288 0.0923381568 0.1792778589 0.2987967887 0.0007630000 0.4530336623 0.3247380377 0.0710723418 0.1680132066 0.2517296783 0.0486226948 0.1967687297 0.1102786646 0.2860664762 0.1501592510 0.0082872380 0.1621291188 0.0928008134 0.0519619227 0.0959654818 0.1455261132 0.4131368348 0.2614044407 0.3721306392 0.1762941975 0.1134963677 0.5424835438 0.2008947604 0.1006721598 0.5404392771 0.0366599977 0.6470762947 0.1329038645 0.3402802595 0.0613876419 0.1246505032 0.2710580067 0.0038140095 0.6248995611 0.5091876302 0.1879564865 0.1699734549 0.0661581740 0.3031727432 0.0312790212 0.1867996434 0.3083300210 0.5915794138 0.5000000000 0.9926289152 0.8221207105 0.6390398932 0.5347505455 0.3956577069 0.4382725182 0.9022208619 0.6663618153 0.8379931571 0.8948128860 0.6840337645 0.5554881781 0.8652830930 0.8447919072 0.4260954734 0.9325697362 0.5847454826 0.6267994180 0.7109082119 0.9395205632 0.9483646541 0.7870355014 0.9770538846 0.2558688496 0.6358212248 0.9386451960 0.8409891469 0.9999508062 0.9695930963 0.8920179677 0.9712014612 0.8213928784 0.9732860507 0.4496797674 0.4025787689 0.8242830663 0.4852138282
 0.4757474448 0.4284513928 0.1887456521 0.5450967733 0.4670932533 0.2795670048 0.6894424855 0.0998282102 0.4162618933 0.0513961629 0.4045715299 0.1429708086 0.4568693960 0.0322051452 0.1217267214 0.1603773268 0.5513215785 0.5638730043 0.1419812272 0.6230058096 0.0362939620 0.1501946307 0.0704674489 0.3964691164 0.0905711882 0.6355884916 0.4401324406 0.2597627407 0.2059770463 0.3772721166 0.4046816789 0.2225107065 0.1643675770 0.6070936777 0.3429206133 0.0995746996 0.2052278169 0.0995102174 0.0082598325 0.4187903201 0.0592853188 0.0794283999 0.4468968528 0.1470533430 0.4124866329 0.2227543066 0.0524141083 0.1905404717 0.4070566363 0.0320104055 0.0230528355 0.0871628473 0.3393207874 0.0264377122 0.5041374321 0.2442867820 0.2647897626 0.1925039005 0.5453141780 0.0804828326 0.0790200179 0.2267083480 0.0073710848 0.5000000000 0.3497761689 0.9332955594 0.8165353004 0.7685972253 0.8101141377 0.1546540449 0.1576051979 0.5399820394 0.4181209646 0.8966719431 0.7801597338 0.6566440952 0.8547116278 0.9745005121 0.6640462118 0.9371397390 0.9107755822 0.9185716845 0.9508934501 0.8401699592 0.9577293031 0.8545667678 0.4968442413 0.8776906716 0.9406903889 0.7236604510 0.7412039099 0.9257468822 0.9680345151 0.4191920801 0.4470035377 0.4547837092 0.9466544659 0.7754687447 0.2384467933 0.9631775460
 0.1060986638 0.4561881880 0.2734855356 0.1966864193 0.5158324742 0.0685791383 0.0702551333 0.2810600401 0.3070717575 0.0858415545 0.2514022686 0.0735183327 0.8337550449 0.6986512405 0.0673808054 0.1290387609 0.0311515944 0.1513232852 0.7913037822 0.3690521687 0.1747801953 0.1918647494 0.2607477643 0.0022015646 0.1942315948 0.6720291553 0.1746085328 0.0566816870 0.6681334882 0.2502024286 0.2110271243 0.4414995728 0.5042443629 0.0047573389 0.2034539301 0.3122051998 0.2211397777 0.2446227398 0.0278312557 0.3526681135 0.3574046969 0.0124905273 0.0465654072 0.6702681937 0.0581954557 0.3485398265 0.0298826248 0.3998997717 0.1733346319 0.2425065159 0.3595402819 0.0237360247 0.4000421479 0.2482567961 0.2837977760 0.0332303297 0.1175280501 0.4117047159 0.3080114708 0.0867455761 0.0549465696 0.2009402357 0.1778792895 0.6502238311 0.5000000000 0.7794711828 0.9157934207 0.6746816107 0.3363050397 0.6392770730 0.9958142462 0.5912745704 0.5626639773 0.8818269223 0.6795382258 0.8394102056 0.4927042434 0.9896524630 0.9826793715 0.5301966425 0.4491971734 0.9107608721 0.4077656502 0.6971915051 0.4586149860 0.7776095492 0.9403985980 0.9797446384 0.4253886464 0.9271781823 0.7668887584 0.9404692396 0.7085425165 0.9370706289 0.8237972213 0.9766282449 0.8338016330 0.9832362128 0.8765324768 0.6313603743
 0.3606869697 0.5122192320 0.3936625751 0.1134285159 0.0705189064 0.3666529723 0.1213235873 0.0681235145 0.2734346868 0.4651863727 0.7965810490 0.0848253664 0.3033925895 0.4042204127 0.0193297146 0.3428428070 0.4380174942 0.0706506469 0.1423693009 0.4955858338 0.8108908417 0.0963835809 0.3321646197 0.5595077610 0.3382529850 0.1243806340 0.0729847197 0.0580154107 0.7062837461 0.1568544220 0.0550266796 0.0278753834 0.0873009750 0.4712370175 0.2624758763 0.1568223258 0.1395649687 0.0711539818 0.2147603932 0.1317214442 0.1036240721 0.0500548753 0.4735365703 0.1472395506 0.4137524937 0.1761253364 0.7157941721 0.2679447209 0.1758519266 0.1042657886 0.2325963712 0.3211630407 0.4903462884 0.3747328806 0.5298826235 0.0485436303 0.2447940320 0.4454169950 0.6626546929 0.1492667235 0.5604429161 0.0246210032 0.3609601068 0.0667044406 0.2205288172 0.5000000000 0.7798392665 0.5876155175 0.7638854910 0.9447905728 0.9566457212 0.8516168183 0.7596606115 0.6171924153 0.8760346597 0.8360354438 0.9960817083 0.6918354235 0.5253829964 0.2794038481 0.9414835318 0.5839088064 0.3251817173 0.8021013703 0.7491949665 0.2446567805 0.9429412704 0.9273000055 0.7044383778 0.9231387585 0.9190193577 0.6026366789 0.7825111166 0.6682685030 0.7213493297 0.6206843641 0.6875667492 0.3381187027 0.9607335361 0.4571395597
 0.3967277934 0.0979027970 0.1233545784 0.6841212727 0.1941978769 0.2515394548 0.0905222453 0.0711673346 0.1302179488 0.5866746266 0.0049437063 0.0191970514 0.1201878446 0.3849120434 0.2273715207 0.5355165270 0.3701740133 0.2173712856 0.0875325689 0.3420118526 0.0927021829 0.0302451269 0.2801367059 0.1885991791 0.2791890420 0.0531470957 0.0634434315 0.0994838297 0.0124208507 0.0856773077 0.1471239656 0.3790280621 0.5824564747 0.0480014339 0.0349242459 0.3482249964 0.1863754608 0.0034769990 0.0405743343 0.1275462743 0.0529848371 0.1499180140 0.1341577868 0.6025332900 0.1856373108 0.1720114745 0.2574367335 0.4335855874 0.0960896650 0.2353973128 0.4396452225 0.1298506600 0.0457068793 0.4261568173 0.0650352819 0.0994512188 0.1648642636 0.1253340106 0.7765090376 0.6788113589 0.3319514050 0.0066371259 0.4652494545 0.1834646996 0.0842065793 0.2201607335 0.5000000000 0.9080101194 0.8008663539 0.9783097795 0.9470438419 0.7886540049 0.6804735477 0.9328654276 0.8989077525 0.5856883528 0.9739275462 0.7138780519 0.7428876666 0.8580866078 0.5114442689 0.5538495141 0.9150759232 0.8692740836 0.9887496197 0.9937439070 0.9133875640 0.6013944104 0.6995306585 0.8677160141 0.7707395676 0.8547093362 0.7358484898 0.7764414911 0.9120499732 0.9909744729 0.8895468448 0.7718220451 0.9301693469 0.6527296300
 0.0222556483 0.1723198352 0.0036723144 0.6640470142 0.1297461861 0.0339278344 0.3097843493 0.6689020354 0.0785880087 0.0307917001 0.0844000933 0.0541865291 0.3359204970 0.5153321574 0.3701837875 0.2211901948 0.0096858522 0.0947718418 0.2355015392 0.3949495228 0.1066360884 0.0394340967 0.2648272300 0.6230547279 0.4075591945 0.1528459860 0.3864604972 0.4318345204 0.3006368294 0.0886724556 0.4633970026 0.0917144850 0.3970094023 0.1428514348 0.0467109219 0.4740497214 0.0175014698 0.4865294789 0.4432726285 0.2748540169 0.1871500355 0.4771005764 0.0561847967 0.2269841850 0.0382083171 0.1955695623 0.0669019627 0.5242332607 0.3712429172 0.0486600314 0.2516969646 0.3328489268 0.0820569017 0.0042501917 0.6268487917 0.1598207878 0.2649233500 0.4251902288 0.0626531790 0.1418855517 0.5089654409 0.2005466259 0.6043422931 0.2314027747 0.3253183893 0.4123844825 0.0919898806 0.5000000000 0.6633915411 0.8051602728 0.9711722113 0.9572110404 0.8522047051 0.9762575191 0.3643241788 0.7011632797 0.8627148598 0.7286742967 0.8528146197 0.9472104369 0.9932710257 0.9439066333 0.9037029415 0.3276111874 0.9224161517 0.4407415044 0.7760703618 0.8824670850 0.6828268529 0.4076018687 0.9971156693 0.6656942586 0.8410566935 0.9528096520 0.7637505104 0.9147516518 0.8242539253 0.8760335377 0.9787532334 0.9575501043
 0.5688958076 0.0278047741 0.1795370636 0.0571915385 0.3566029773 0.1773426427 0.4527518147 0.0155633070 0.1584570271 0.3733684829 0.0530081698 0.1438055203 0.1561483378 0.5498262185 0.0827916689 0.0430459642 0.0728541384 0.0138954044 0.1078744097 0.2153371252 0.1535161158 0.4988475096 0.1179238191 0.0922626607 0.2917013732 0.0181067441 0.1607890143 0.0613537279 0.0567661191 0.0607472605 0.3922359133 0.1534211508 0.3671809694 0.4908170817 0.0121255769 0.0633358713 0.3897825999 0.0905546656 0.0484563935 0.4336355861 0.2188221639 0.1248960480 0.5176975199 0.5470705112 0.4597591949 0.1243463089 0.1873087293 0.0050401800 0.0052714369 0.1968344363 0.5722868274 0.0369444111 0.1640987032 0.2889646800 0.0948581346 0.0362282455 0.2599886472 0.2666141474 0.6405478568 0.5854576405 0.6190102717 0.1413647673 0.5617274818 0.1898858623 0.6636949603 0.2361145090 0.1991336461 0.3366084589 0.5000000000 0.6341072633 0.9643501833 0.7847416463 0.8277968371 0.4529325101 0.6113275425 0.8680948584 0.7874893827 0.9131397212 0.9832847163 0.8173211188 0.8738826980 0.6113655935 0.9903421936 0.5522900962 0.9661011842 0.8525968407 0.9646196341 0.7335374460 0.8822611707 0.7773272499 0.9956401341 0.4059049947 0.7600286540 0.7106323989 0.5802726321 0.8395750586 0.4003189491 0.7059635409 0.9544876840 0.7842121259
 0.1533915544 0.3958915868 0.0863477257 0.1037410809 0.1328444368 0.3261244388 0.3201173418 0.2790485269 0.6021373546 0.0816040370 0.2294494727 0.1490793063 0.2856020771 0.0970085961 0.3151695505 0.0376065277 0.1061137615 0.0651392981 0.3533982454 0.3348805241 0.1120021264 0.0856558556 0.0701308355 0.1776499286 0.0524114918 0.0462828040 0.4061888936 0.0996314629 0.5721705840 0.0412268813 0.0239052349 0.3990828616 0.2653000700 0.4643305042 0.1440945253 0.1645214456 0.2056435894 0.1208075865 0.4985964402 0.1197700716 0.0393875813 0.1234882042 0.0242942159 0.5276270608 0.0204461245 0.1449076500 0.9033285826 0.2905307634 0.0259992390 0.6161753098 0.4924529835 0.1061195419 0.0387054772 0.0958529396 0.0215775420 0.0071861226 0.1261430554 0.0206313762 0.6291583128 0.0732191963 0.7227408404 0.0620512423 0.0977791381 0.8453459551 0.3607229270 0.0552094272 0.0216902205 0.1948397272 0.3658927367 0.5000000000 0.9546971990 0.9928139033 0.4222514978 0.6389702298 0.9904759434 0.9966959489 0.9522594204 0.9215870762 0.6635161632 0.9980645398 0.6683019031 0.5384745751 0.6991755511 0.7319760772 0.4672279763 0.6789849431 0.6722433807 0.3512961986 0.8739896870 0.6227144766 0.9329214059 0.9674468955 0.7599571547 0.7034510394 0.9554282545 0.4356102094 0.7993728136 0.6995569657 0.9903442262 0.7887672339
 0.3604775332 0.0598906501 0.0091953386 0.0474908298 0.4219070791 0.0301331741 0.0382221626 0.4161338856 0.0588927210 0.5016321129 0.2232449802 0.2784519035 0.0619274667 0.3121842893 0.5442735688 0.6550916182 0.0657154579 0.0842269218 0.1530972649 0.6292603491 0.2197482820 0.8252507760 0.2384167691 0.3569508644 0.3290403334 0.3526044775 0.4437248719 0.2835182140 0.2564601985 0.0092950735 0.1211257411 0.7473911508 0.5369206054 0.2482386152 0.5350987940 0.0741234977 0.3900015744 0.0353702603 0.4011122112 0.1698038340 0.1816395359 0.1426750912 0.0941705773 0.1984829248 0.0756784458 0.0267039603 0.1210545705 0.2813273573 0.2316169524 0.6496748781 0.1991528940 0.1462297699 0.0721541086 0.4528789938 0.0848688083 0.2693330374 0.1349910804 0.0487949353 0.4719808523 0.1786337646 0.3619100636 0.2307795825 0.3336381847 0.8423948021 0.0041857538 0.0433542788 0.0529561581 0.0288277887 0.0356498167 0.0453028010 0.5000000000 0.7107839110 0.8881144269 0.9595815346 0.9245110148 0.9538559974 0.7902857802 0.6503117473 0.6637077929 0.7259730603 0.9199938307 0.9811554895 0.4836421905 0.9600755009 0.7896695108 0.4324070399 0.9738841682 0.6704412673 0.9893817529 0.8563699843 0.5772885550 0.9751736464 0.9945043019 0.6472974847 0.9684676745 0.9870308716 0.8380018716 0.9533036102 0.3624832978 0.5051965450
 0.2380414966 0.3823327755 0.0296645159 0.1630220226 0.0310963038 0.2341056004 0.2704671030 0.1770348765 0.1334193219 0.0414844766 0.2142557364 0.2791363409 0.2681058487 0.2742214068 0.2380304588 0.4253412923 0.3217996314 0.1776396610 0.0597785247 0.1609182606 0.4443164848 0.0418099551 0.0396021608 0.3997347891 0.0933591276 0.0157600342 0.4366635000 0.0912799480 0.1882474208 0.8031078532 0.0278244982 0.0875102323 0.2286920708 0.0962839265 0.0608052967 0.1622910912 0.1343027710 0.0035270803 0.3545854014 0.6679876423 0.8771987275 0.0562665441 0.6007942005 0.4148913143 0.6166751774 0.2591420022 0.4468384594 0.0499784363 0.2576829281 0.4021142050 0.1090949504 0.1233499032 0.1411185231 0.0255621913 0.0821583248 0.0677588918 0.0332815551 0.3475059214 0.0111921887 0.0943603474 0.3521078872 0.0312431189 0.1620068429 0.4600179606 0.4087254296 0.1483831817 0.2113459951 0.0427889596 0.2152583537 0.0071860967 0.2892160890 0.5000000000 0.4850319991 0.9284905488 0.7805519254 0.8913589044 0.9420988273 0.6568685134 0.4754421125 0.7015868001 0.4255376944 0.6618819337 0.7607330068 0.8382704334 0.7858932277 0.6073925695 0.5431286010 0.6462180820 0.5351916368 0.5464535306 0.9891280416 0.8191680857 0.8925659782 0.7493946835 0.8790616419 0.5627299327 0.5483354888 0.9296802839 0.5178080182 0.9724778387
 0.1686326896 0.0303169686 0.5716641509 0.1437319698 0.2965797356 0.2288514396 0.4256947792 0.2205704898 0.1501412621 0.1696087317 0.1024858471 0.2565687642 0.3767773263 0.2158374116 0.2111118103 0.0770440403 0.3581962660 0.3076715274 0.2830056163 0.1912854567 0.0208580734 0.1581788527 0.0391229601 0.0087319302 0.2526238897 0.6551188270 0.1270397532 0.1673368512 0.4105139598 0.5766955667 0.0199215815 0.0863278473 0.0305776072 0.6569629503 0.2072681028 0.0436404567 0.1980725626 0.5907488412 0.3016154455 0.0381230029 0.1586419907 0.2424887056 0.0352130299 0.0689883005 0.1019522455 0.3423136351 0.0400678252 0.0625114156 0.3335314560 0.1437544714 0.1333670743 0.6061412047 0.3238825970 0.2657996940 0.3483176030 0.3029371396 0.3237349967 0.0470035048 0.4274026981 0.3454508762 0.0077327035 0.2814796507 0.1051871140 0.5818790354 0.4373360227 0.2403393885 0.3195264523 0.1477952949 0.1722031629 0.5777485022 0.1118855731 0.5149680009 0.5000000000 0.3747411482 0.9387554156 0.7959269899 0.7786130895 0.4230094601 0.5304617106 0.6908825525 0.7441645690 0.9227981757 0.9820938274 0.7474911752 0.9796527994 0.8830839768 0.7910404177 0.9197927947 0.9630133988 0.5487428880 0.5565998397 0.9460316814 0.9366358412 0.7018336492 0.7054325339 0.9130579356 0.6573104114 0.9788690760 0.8574071736 0.3077926688
 0.0915775298 0.6831110831 0.2073590057 0.3373297508 0.1171065325 0.2594185990 0.5085602609 0.0134081881 0.3919653453 0.3765338447 0.0643399947 0.7153063886 0.2721667320 0.4713564272 0.0058348062 0.1054131625 0.0868549537 0.8065007737 0.0223663661 0.2968001463 0.2200987056 0.2785814663 0.1733663673 0.2086565476 0.1891347636 0.1091579240 0.2025225739 0.3427053677 0.3609230904 0.3646817585 0.1745151043 0.1703419556 0.2008361712 0.6758886942 0.5710398101 0.3101383689 0.5034441018 0.0279961563 0.1810296524 0.3004595085 0.0885502895 0.5540173919 0.1634734450 0.2566090999 0.4115671978 0.0124624456 0.3663556847 0.5153402061 0.2604790067 0.3559093793 0.0984839595 0.7183045145 0.7968745934 0.1213849276 0.0300002531 0.1950496803 0.2933843616 0.2279662310 0.2378394445 0.6704233280 0.0368147194 0.3507858007 0.3159662355 0.1033280569 0.1181730777 0.3828075847 0.0671345724 0.0237424809 0.5470674899 0.3610297702 0.0404184654 0.0715094512 0.6252588518 0.5000000000 0.8087988736 0.9992138594 0.4361266900 0.9263292775 0.4842060788 0.7142041964 0.9217154637 0.9212193514 0.9349229049 0.9715180185 0.8879057556 0.5268289523 0.7799227267 0.3564512832 0.9668117873 0.5735443175 0.8275756333 0.8449936995 0.9710244850 0.5682528087 0.8671952353 0.9567015472 0.9694253999 0.6296007435 0.9604911171 0.5541912412
 0.1246058077 0.3750945445 0.1514770923 0.4000631210 0.2051634608 0.3305246703 0.0010543665 0.2722669404 0.0513212113 0.0611533877 0.3492566641 0.2456112516 0.2444974345 0.8697935776 0.1423546062 0.8835526087 0.2242712150 0.4187612271 0.0156518694 0.0040178895 0.1268557421 0.5008962382 0.1872587918 0.3505317553 0.3659370494 0.1651230486 0.0479934974 0.2101626867 0.0941971476 0.1542637609 0.5925957977 0.3472174463 0.2957781394 0.0333826831 0.1588781817 0.1215704573 0.0527918726 0.3911496715 0.0331932131 0.0282562148 0.0062408231 0.0831379157 0.0845420539 0.3513504986 0.4371345568 0.0191073287 0.0482193807 0.0980836493 0.1308075009 0.5545385056 0.3255635689 0.4034839048 0.0404658595 0.4663640071 0.0447691749 0.0798881450 0.1154327882 0.2336767849 0.3334725030 0.2270667413 0.2727187016 0.0067415720 0.4445118219 0.2198402662 0.3204617742 0.1239653403 0.1010922475 0.6356758212 0.3886724575 0.0095240566 0.0754889852 0.2194480746 0.0612445844 0.1912011264 0.5000000000 0.4297802091 0.9086724073 0.9194816739 0.8032105987 0.9917189418 0.8038095971 0.8419712156 0.9140268117 0.7823994754 0.9552901559 0.9379803337 0.6042114909 0.8861556761 0.6423870931 0.9884206205 0.9449215016 0.9593776079 0.5896194522 0.8540649460 0.9920512768 0.9173020326 0.9191893107 0.8036867655 0.4127996964 0.5495077386
 0.0576501028 0.2131677535 0.4303903985 0.6251328911 0.3388715740 0.1999530283 0.5274476950 0.1320699021 0.3162234842 0.1377487605 0.5313351879 0.7685546462 0.3902830998 0.4033449557 0.2133694152 0.2574772641 0.1062763810 0.0089299163 0.0436430865 0.5607228399 0.2736378744 0.1959146216 0.1708447845 0.0481638947 0.2787080393 0.1257210391 0.6735081833 0.6922820966 0.4808319245 0.4024180460 0.1667091782 0.5979726966 0.2108389860 0.1648776120 0.0917978057 0.3479269651 0.1192865563 0.0566343010 0.0776361377 0.2080312444 0.5836132048 0.2458929710 0.0076265141 0.0777996309 0.1330534013 0.0786276418 0.0506942280 0.1039395112 0.2892505847 0.0153111147 0.0626035802 0.4651515036 0.6576942868 0.5469652732 0.5107840830 0.1043911783 0.7159229790 0.1114907026 0.2844275587 0.0127259645 0.1034973386 0.0008631334 0.1347169070 0.3433559048 0.1605897944 0.1639645562 0.4143116472 0.2988367203 0.1319051416 0.0033040511 0.0461440026 0.1086410956 0.2040730101 0.0007861406 0.5702197909 0.5000000000 0.6431036002 0.8791718388 0.2357712336 0.6960257328 0.4214749239 0.9371698889 0.8631715676 0.9780686580 0.8379273367 0.8358544845 0.4239352832 0.5888432842 0.8951951762 0.9146136334 0.8836785904 0.8381029776 0.6343315901 0.9056196555 0.9224197680 0.8658540322 0.9673930114 0.9553747762 0.9682395639 0.9019135965
 0.2275418189 0.2738416141 0.0046858279 0.2245900950 0.1458689657 0.1391125904 0.3093264408 0.0935345705 0.1209201536 0.4427245394 0.5623369217 0.3674860698 0.2356944498 0.1269289957 0.0104618241 0.5555323906 0.0839288823 0.0357418243 0.0494130508 0.0508665771 0.4776706950 0.0148257041 0.4691531646 0.0751719199 0.1851969254 0.2596950293 0.6055113715 0.0864919746 0.1270333052 0.6262073127 0.0030460687 0.0014799788 0.3934545712 0.1234859092 0.2483683270 0.0087667529 0.0889463960 0.2957318894 0.7733533664 0.4415695367 0.1178859437 0.0376847421 0.6471611029 0.4583176046 0.6091221600 0.0639793574 0.0804914789 0.1208320395 0.2155489276 0.1496436194 0.6924421280 0.0179644487 0.1201074055 0.0561883050 0.5363650340 0.0972720641 0.0582522745 0.2342430701 0.1217031124 0.1715783256 0.2435123029 0.5197649468 0.1552080928 0.1452883722 0.5072957566 0.0039182917 0.0260724538 0.1372851402 0.2125106173 0.0477405796 0.2097142198 0.0579011727 0.2213869105 0.5638733100 0.0913275927 0.3568963998 0.5000000000 0.3535598161 0.6438705383 0.8803095158 0.4326509417 0.9146050709 0.9972441727 0.7695884475 0.4426174854 0.6411943226 0.7349696087 0.5544830766 0.9697750540 0.8080639676 0.7667639649 0.6934960142 0.6760243737 0.8958379190 0.7369715743 0.9642751305 0.8109913174 0.5525843520 0.9724616261 0.9699627908
 0.2943258626 0.2792191112 0.0066869671 0.0283401681 0.1587753757 0.2162322701 0.1454759327 0.2463290458 0.3184644047 0.1384111973 0.2634145814 0.3808918640 0.2157028925 0.0036915795 0.0536492168 0.2168337757 0.6699593025 0.3956815936 0.6823747888 0.2284297178 0.5343668960 0.1328566796 0.0618343862 0.1244580371 0.1811567216 0.2453477171 0.2446559776 0.1037868871 0.0526061517 0.2715358279 0.2697619969 0.1906154672 0.0420642596 0.3507099554 0.1730809737 0.5759204438 0.1902439776 0.0060413834 0.2062744654 0.1094120668 0.2426391092 0.0013385735 0.3839808724 0.4896233101 0.5006408842 0.1110620656 0.7620204344 0.2595880925 0.2494345939 0.0270030197 0.2491765217 0.3715553726 0.6389823898 0.4034410795 0.5624155871 0.3209904359 0.4864363589 0.1178113271 0.3763989459 0.2364692572 0.2429014690 0.0140264042 0.5739045266 0.0254994879 0.0103475370 0.3081645765 0.2861219481 0.2713257033 0.0868602788 0.0784129238 0.3496882527 0.3431314866 0.5769905399 0.0736707225 0.0805183261 0.1208281612 0.6464401839 0.5000000000 0.9503206560 0.8954405670 0.6834797841 0.9548827567 0.8111760292 0.7997159988 0.9227260858 0.9478139205 0.9240076744 0.8629771353 0.4632410612 0.6676540350 0.7352514988 0.6766442682 0.9509776858 0.7635419253 0.5155014532 0.6513334043 0.6008045708 0.7436521801 0.7250440477 0.6206337616
 0.1697996746 0.3425662308 0.2306521938 0.1493965893 0.0078558439 0.0912049167 0.1810101659 0.1823443731 0.0648660165 0.2696604581 0.1556844427 0.1270567161 0.2131593193 0.3722470510 0.1438889662 0.0315908881 0.4880395837 0.3088465584 0.3594862696 0.3928708742 0.5056955912 0.1951266294 0.1526840801 0.2552459893 0.1051933023 0.2499343982 0.2116494308 0.6955558213 0.1514530696 0.3217937993 0.0790780100 0.0829155827 0.4132320747 0.4948472198 0.1652117886 0.0358399098 0.1901706549 0.2440847547 0.2086346658 0.0297402242 0.1645313054 0.5151245386 0.3317787045 0.7371549921 0.4726131439 0.0958841086 0.2309769667 0.1881680961 0.2817249826 0.4935621598 0.0195187781 0.4785434449 0.1422513273 0.0731572923 0.1878352662 0.1233049727 0.0422373439 0.0074094442 0.2512185097 0.1925072412 0.0463440623 0.2999095014 0.0674302638 0.3359537882 0.0173206285 0.4746170036 0.2571123334 0.1471853803 0.0167152837 0.3364838368 0.3362922071 0.5245578875 0.4695382894 0.5157939212 0.1967894013 0.7642287664 0.3561294617 0.0496793440 0.5000000000 0.7862876393 0.4903224912 0.5820381597 0.9383986750 0.3187146652 0.5488980562 0.8457846546 0.9948197370 0.9019778619 0.7616624414 0.9334700090 0.7641585211 0.6626893232 0.6617096561 0.9675002397 0.7949729735 0.8638783728 0.2366368556 0.8803834868 0.6581854106 0.7681154740
 0.1673867420 0.1954546364 0.5824774599 0.2874194675 0.2843174141 0.0130803971 0.1503255856 0.0529128740 0.6787857294 0.1052806949 0.0105502679 0.4131282028 0.0003663720 0.3413047700 0.3043154048 0.5550027855 0.0469941221 0.3347008869 0.5779366738 0.0205872070 0.1714224453 0.1667801391 0.2575013656 0.3427456800 0.0129050078 0.0886487782 0.1388976869 0.0186982868 0.2965590130 0.0743851597 0.2309081619 0.3938500761 0.0237884038 0.2138761285 0.3703864026 0.3966546969 0.3450925678 0.1568988489 0.1229566563 0.2068670712 0.5182614877 0.3219080654 0.5151473903 0.1943134264 0.2417934558 0.4756261722 0.3312678865 0.0352828184 0.0159001732 0.1472703149 0.0707584898 0.2456763501 0.1582868377 0.1415061321 0.1265007564 0.1969640509 0.0072036552 0.3336674195 0.4034190718 0.4210282289 0.2444265121 0.0041353902 0.4152545174 0.0628602610 0.4698033575 0.7205961519 0.1419133922 0.0527895631 0.1826788812 0.0019354602 0.2740269397 0.2984131999 0.3091174475 0.2857958036 0.0082810582 0.3039742672 0.1196904842 0.1045594330 0.2137123607 0.5000000000 0.3809333629 0.8001776981 0.7924423420 0.7124890259 0.9356030640 0.8338567995 0.5079709309 0.7050653898 0.6972991803 0.9070437748 0.6817006079 0.5391717595 0.8288691622 0.6595890983 0.8919743925 0.9256720558 0.8554186517 0.6998633556 0.9920414205 0.5271340558
 0.0859718621 0.0478982618 0.1409928843 0.1876691824 0.1156844241 0.1427174263 0.0268987177 0.1352152788 0.3583046719 0.6513733560 0.4684424910 0.6604596453 0.3447980709 0.6221543523 0.2063411136 0.0156434440 0.1394655300 0.2805117010 0.1312716162 0.0817678591 0.4477267414 0.0083590483 0.0290726706 0.2169516870 0.3004514384 0.1782308848 0.1418459568 0.2961838201 0.1149693855 0.4324788104 0.2154496826 0.4165668029 0.4816576679 0.4493896604 0.4532082416 0.0776075419 0.1277795558 0.4835432046 0.5409093456 0.3001948363 0.1213251808 0.3347962044 0.3108012252 0.4833064174 0.1722260305 0.6798950658 0.8120899792 0.4068767746 0.3112795312 0.4860668006 0.1089739971 0.5108171979 0.1768950208 0.4287688999 0.2701302354 0.5885241384 0.0479514214 0.3559048387 0.1443580010 0.5838048040 0.6932520877 0.5221240596 0.3732005820 0.0892244178 0.5508028266 0.0585164682 0.4885557311 0.0067289743 0.1261173020 0.3316980969 0.0800061693 0.5744623056 0.2558354310 0.0782845363 0.1961904029 0.5785250761 0.5673490583 0.3165202159 0.5096775088 0.6190666371 0.5000000000 0.9489887957 0.6889521071 0.9238199368 0.7692551304 0.6508544395 0.7191955682 0.3986415537 0.5294536279 0.9140415130 0.9346745000 0.9707215203 0.6590464925 0.9619059319 0.3782281971 0.7543239368 0.7778814532 0.1509687845 0.8305755664 0.7177870179
 0.1107274408 0.0224173803 0.1968118731 0.4435508460 0.1852053340 0.1894312999 0.0808720527 0.1568478301 0.0523203149 0.1007769438 0.4728921211 0.2589361187 0.1759520175 0.0664521508 0.4146900864 0.0441316002 0.0241458328 0.1445148367 0.5251846514 0.2372115705 0.1415301392 0.3383497872 0.1131868582 0.1424949083 0.2861443504 0.3373483632 0.1323356838 0.0410531730 0.1261993943 0.2072743892 0.0888520205 0.0403700765 0.5660787810 0.4148083756 0.0646765609 0.0461159703 0.0582948527 0.3421035536 0.1538114039 0.0819586818 0.3562965394 0.0466827966 0.4754731573 0.2125264724 0.1004849499 0.4084647621 0.3551655809 0.3478792113 0.1065142892 0.1898112540 0.1645397022 0.3012306196 0.0518360284 0.1672542603 0.6736320376 0.3310853710 0.2126971903 0.5152039777 0.2158036555 0.1864535484 0.0590110251 0.0759973469 0.2890917881 0.0814283155 0.0892391279 0.4160911936 0.4461504859 0.0560933667 0.3886344065 0.4615254249 0.0188445105 0.3381180663 0.0772018243 0.0787806486 0.1580287844 0.0628301111 0.0853949291 0.0451172433 0.4179618403 0.1998223019 0.0510112043 0.5000000000 0.2873757965 0.1612834915 0.8165305591 0.4702270288 0.9256425502 0.6292636076 0.8391290818 0.3825075897 0.9870665639 0.9767882299 0.7837344710 0.7498315789 0.8969877842 0.7929853211 0.5397463758 0.9956879228 0.8100973006 0.6382395811
 0.1030356126 0.2513238587 0.3370774588 0.5431632492 0.7521193314 0.4590166488 0.0641140183 0.1537413690 0.0514052019 0.0385618422 0.2076027713 0.5306492261 0.1295089907 0.0797612238 0.4563665454 0.2600249263 0.0235206816 0.4633418114 0.2087481553 0.3348658164 0.3423807684 0.2700910612 0.4702556046 0.2485695158 0.4940721579 0.0554506092 0.0587294026 0.3457743488 0.3872877563 0.3954495897 0.2809066292 0.1758501002 0.0342573181 0.5513431734 0.0032598505 0.2053429084 0.0321547167 0.1037468383 0.0226440471 0.1851412579 0.3092951221 0.5361836112 0.2208386100 0.7204825885 0.4216285664 0.1526714344 0.4025299783 0.1599247989 0.2093280588 0.2824559882 0.1278242481 0.2236728161 0.0461976280 0.7986069492 0.1322263709 0.5089581577 0.6019148457 0.1969443954 0.1145286182 0.0156951809 0.3586174687 0.2393683783 0.0604794368 0.0491065499 0.5922343498 0.6748182827 0.0849240768 0.0962970585 0.0096578064 0.3008244489 0.5163578095 0.2392669932 0.0179061726 0.0650770951 0.0859731883 0.1368284324 0.0027558273 0.1888239708 0.0616013250 0.2075576580 0.3110478929 0.7126242035 0.5000000000 0.9749148314 0.7067854268 0.8362563039 0.9405643119 0.9702324275 0.8823205284 0.8697983748 0.5614348447 0.8361622024 0.7561354466 0.4875732429 0.8688798859 0.7598882533 0.7258152220 0.9783014610 0.4467432420 0.4982096138
 0.0672842822 0.1659474053 0.1483949197 0.3204696847 0.1529364843 0.0124214085 0.0390671360 0.2703529042 0.6107106611 0.2649976046 0.2476547378 0.6266391553 0.5796826364 0.2604202096 0.0712259899 0.3597841065 0.2981215482 0.0298547951 0.6513432292 0.0269483370 0.0021055532 0.2160525332 0.4831927159 0.4310294957 0.1239081673 0.0581707040 0.0285850269 0.0549917371 0.6907750986 0.8365010806 0.4130649074 0.0978359011 0.5126150117 0.2111808037 0.2418617371 0.2720327252 0.1880222893 0.1365924353 0.1696757573 0.1934711311 0.0774777365 0.4845222867 0.2113396543 0.0090777000 0.5352456953 0.0823693737 0.3974987231 0.3280687894 0.1366440914 0.1251386727 0.0311605849 0.2555336534 0.2635541891 0.0094883872 0.1467503837 0.3103592947 0.3383839853 0.4350221309 0.0967618950 0.1069585228 0.2068099283 0.0690622249 0.0516353459 0.1598300408 0.3028084949 0.1978986297 0.1307259164 0.6723888126 0.4477099038 0.2680239228 0.0399244991 0.1617295666 0.2525088248 0.0284819815 0.2176005246 0.0219313420 0.2304115525 0.2002840012 0.6812853348 0.2875109741 0.0761800632 0.8387165085 0.0250851686 0.5000000000 0.6056521031 0.8914301009 0.9999591438 0.6646491909 0.9046122366 0.5555858614 0.8990832332 0.9086615005 0.9714421300 0.9759920809 0.8152959420 0.8822327323 0.7397041913 0.8778699020 0.9076705833 0.7600756657
 0.1368520933 0.4821656430 0.1088574703 0.1958774346 0.3657000386 0.4560008225 0.2013057480 0.0677065896 0.4014622930 0.0893292290 0.1261259568 0.0591097700 0.2238876607 0.5847926548 0.5114745197 0.1142879086 0.5812357732 0.5465104356 0.6495088829 0.6946487170 0.4582846593 0.4431170327 0.8548761553 0.1056319043 0.3396049613 0.0421190593 0.1045868736 0.0758456071 0.5299043930 0.0918379157 0.0090646769 0.1686546634 0.3565042704 0.4772396977 0.0365951641 0.0688079835 0.1780629057 0.1735570534 0.2384708211 0.5153202258 0.0330210624 0.5851501382 0.2730729025 0.3090531958 0.2776281092 0.3032114376 0.0326018490 0.0343727161 0.3792740651 0.3963033442 0.0566411262 0.1000212409 0.6059514128 0.1878061882 0.2942500259 0.0444575913 0.4496022332 0.0163631961 0.2166625558 0.3059026483 0.0697020070 0.2485123554 0.2129644986 0.0422706969 0.5413850140 0.2508050335 0.0112503803 0.0775838483 0.0338988158 0.5327720237 0.2103304892 0.2141067723 0.0203472006 0.1120942444 0.0447098441 0.1620726633 0.5573825146 0.0772739142 0.4511019438 0.0643969360 0.2307448696 0.1834694409 0.2932145732 0.3943478969 0.5000000000 0.6614705753 0.5575532300 0.9780654450 0.2824072650 0.9779642375 0.7922965026 0.8201965817 0.9753657308 0.7296595749 0.9991797761 0.5036397721 0.1554638516 0.9469001321 0.9602780352 0.8653804797
 0.1414013858 0.3353620426 0.2307056888 0.2506695656 0.2297174389 0.2584866269 0.4107112089 0.7932391628 0.6085875231 0.0034249821 0.0021357459 0.5086030492 0.4014034877 0.0756458020 0.3800475992 0.1222769097 0.0783267758 0.0867162667 0.2305349568 0.6305016370 0.2054519540 0.1128613407 0.3726573563 0.3088639705 0.0126588028 0.0822093413 0.0830499250 0.2005352182 0.7784254421 0.0210132020 0.1107900512 0.8778398819 0.4974427475 0.2934833752 0.2236232830 0.0665099668 0.2281013944 0.0997874538 0.0056853144 0.4834586094 0.1870488451 0.0731007470 0.1128685117 0.1097064551 0.2255507714 0.2851040273 0.1174641171 0.2858564359 0.5021830138 0.0379511752 0.2495066366 0.7874619967 0.2198330361 0.1622304607 0.3103950954 0.3742955759 0.2831655870 0.3043952588 0.0481491753 0.0880106627 0.2434428559 0.1357303618 0.0229461154 0.1454332322 0.2223904508 0.7553432195 0.0062560930 0.5592584956 0.1474031593 0.3210150569 0.5675929601 0.3926074305 0.1169160232 0.4731710477 0.0620196663 0.1641455155 0.3588056774 0.0521860795 0.1542153454 0.1661432005 0.3491455605 0.5297729712 0.1637436961 0.1085698991 0.3385294247 0.5000000000 0.8669489060 0.9795101295 0.8446421700 0.7452133260 0.7881605691 0.9128372515 0.8128648043 0.9672134656 0.7679166632 0.8574982967 0.8751097122 0.8264924181 0.8192046503 0.6336860351
 0.3056275031 0.1032676973 0.2636835175 0.0288691764 0.1634805926 0.0153181412 0.4277165151 0.2271135158 0.4612738231 0.1120103544 0.7095167541 0.3000163890 0.3246534779 0.1689423651 0.4104244776 0.4128471816 0.1567349823 0.2575096889 0.1711579312 0.2360423380 0.1276491135 0.2878813427 0.3589471794 0.6043842777 0.1072279230 0.2950943504 0.4454036517 0.0935708781 0.1335065922 0.3911411219 0.1635462684 0.3800001582 0.0028154788 0.1178524697 0.0067347867 0.1971131999 0.4575838653 0.2350491061 0.0129537101 0.1188833191 0.6571042721 0.1225554227 0.1495220417 0.5805483356 0.3058943023 0.1694744254 0.6200687974 0.0254431488 0.0054519215 0.0051233470 0.3275846165 0.2435531103 0.1619270016 0.0460538397 0.2738395523 0.0110210689 0.2483698284 0.3452232546 0.0464643607 0.0120140382 0.0471297733 0.0385087565 0.7441311504 0.5031557587 0.0596014020 0.0570587296 0.0866124360 0.2239296382 0.0353803659 0.3277566193 0.0261158318 0.4568713990 0.2089595823 0.2200772733 0.3957885091 0.5760647168 0.2650303913 0.0759923256 0.0051802630 0.4920290691 0.2808044318 0.0743574498 0.0594356881 0.0000408562 0.4424467700 0.1330510940 0.5000000000 0.9659787356 0.9403752189 0.7690068473 0.6820237149 0.4761681781 0.4426038300 0.7888607089 0.5646478711 0.8871885481 0.9680108410 0.8953325410 0.9769729446 0.6799403055
 0.3887485822 0.4245612064 0.2412654909 0.1122565018 0.4787185261 0.0468393274 0.2836131454 0.6520908544 0.3524004387 0.6292027398 0.1231488341 0.3305650662 0.3549708688 0.0765378904 0.3587617107 0.7732981012 0.1952461238 0.3749736254 0.3205851134 0.6656525239 0.1736263048 0.0432925009 0.1531931606 0.2463140673 0.2378867080 0.0748244912 0.0373970878 0.2006353911 0.2733187896 0.0857072779 0.1115519449 0.1559238460 0.0692797430 0.1397447851 0.2212467285 0.2754247197 0.1235503150 0.6164953137 0.0429721218 0.0560502073 0.6476299158 0.3228525015 0.2924489706 0.2911458384 0.7641620256 0.7112115297 0.1704099791 0.2183011157 0.2165933295 0.1264253496 0.0330871564 0.1576763260 0.0960784576 0.0737648222 0.6528079341 0.0011632524 0.0504109687 0.3056618827 0.5359636443 0.1001310279 0.0444271950 0.4679641701 0.3641787752 0.1223093284 0.0202553616 0.0726999945 0.3986055896 0.1175329150 0.2664625540 0.6487038014 0.3295587327 0.3537819180 0.0802072053 0.6435487168 0.1138443239 0.4111567158 0.4455169234 0.1370228647 0.0980221381 0.2949346102 0.6013584463 0.3707363924 0.0297675725 0.3353508091 0.0219345550 0.0204898705 0.0340212644 0.5000000000 0.5816451045 0.7396614817 0.6532086638 0.6445200144 0.6919564642 0.9837524344 0.6092705172 0.8940795515 0.9268197343 0.7835350330 0.8520767997 0.7944829405
 0.2981851590 0.3238065421 0.5639988626 0.5027493492 0.0999035440 0.5174239257 0.1638950388 0.3335244568 0.1117950552 0.0231885591 0.2621088913 0.3028007914 0.1952794847 0.0101372411 0.1732087080 0.2328062135 0.4799583410 0.1546082713 0.2082703032 0.0145925150 0.1209361404 0.0251753417 0.5130388109 0.0597153436 0.3531823983 0.0652516787 0.5505189393 0.2044397496 0.0674597662 0.6820360505 0.4793363037 0.6066491459 0.4897768662 0.2213992936 0.2203720494 0.5696236770 0.2934832587 0.0028514291 0.1834443141 0.3115130039 0.1790683338 0.3036910565 0.5412691983 0.1402589859 0.5875087847 0.1876591479 0.4011229790 0.3104381518 0.1499780701 0.0774687654 0.1313919158 0.3683102646 0.2686447741 0.0363775942 0.1101055859 0.3685842732 0.1664196275 0.3454923676 0.5178780910 0.0828033704 0.3440521408 0.3885030064 0.0613548040 0.0593096111 0.5746113536 0.2955616222 0.3004693415 0.3171731471 0.1177388293 0.1260103130 0.0106182471 0.4648083632 0.0369866012 0.0331882127 0.3576129069 0.1048048238 0.0302249460 0.5367589388 0.2383375586 0.3027008197 0.4705463721 0.1608709182 0.1176794716 0.0953877634 0.7175927350 0.1553578300 0.0596247811 0.4183548955 0.5000000000 0.8843663785 0.9615413641 0.5811321674 0.6519584932 0.8057830438 0.6698545446 0.8250776463 0.6234940931 0.9117954680 0.9486727767 0.8257295753
 0.0996538324 0.1331062939 0.4584373321 0.0657040767 0.6811466499 0.1188958794 0.0307396424 0.5887951328 0.0306229444 0.4462627431 0.2493318355 0.2280576032 0.0117809023 0.1804485127 0.2612341048 0.1299271785 0.1078719811 0.3184562944 0.1174997374 0.4500444105 0.0532379138 0.4215728206 0.1274217556 0.0729944921 0.1498467528 0.5783089118 0.3420220253 0.5256233570 0.0010029420 0.0949071570 0.2373874485 0.1167887245 0.2876067009 0.5293626657 0.1956067565 0.5573693039 0.1671868396 0.4441245210 0.1910753415 0.0617694937 0.1754873022 0.2074649730 0.1804751274 0.4974351348 0.2803418682 0.0465968972 0.1354963639 0.3126759876 0.4403142268 0.0510368998 0.2184914847 0.5356847013 0.1104401941 0.2903135812 0.5230190166 0.0788919438 0.7333395186 0.0417649119 0.1073135398 0.3165960769 0.1760537986 0.6169666627 0.1590108531 0.2763395490 0.0728218177 0.0768612415 0.1322839859 0.5923981313 0.2226727501 0.3772855234 0.1436300157 0.4535464694 0.4512571120 0.4264556825 0.0115793795 0.0853863666 0.1919360324 0.3323459650 0.0665299910 0.0929562252 0.0859584870 0.6174924103 0.1302016252 0.4444141386 0.0220357625 0.2547866740 0.2309931527 0.2603385183 0.1156336215 0.5000000000 0.9629536235 0.3708302922 0.7423111705 0.7999709404 0.3786157296 0.2470775356 0.4866467380 0.4419947577 0.9550726489 0.8473135720
 0.3953777970 0.3206503740 0.0076740776 0.1444819217 0.0237566589 0.2955957798 0.4291125262 0.0349021840 0.0182322290 0.0394189738 0.2123527752 0.5909017064 0.0895079665 0.1669370762 0.1678998526 0.1524840869 0.0779213976 0.2723417692 0.3007003126 0.3715301487 0.2532320909 0.2962422846 0.0665033849 0.1307040671 0.1942718999 0.2905130900 0.0568632303 0.0039318505 0.5500159557 0.0385126231 0.1639872169 0.4204726332 0.6225191909 0.1812350529 0.2479026092 0.1279327859 0.0954757811 0.3491773949 0.1594222191 0.0753729506 0.7665770827 0.3071854101 0.1265715259 0.1112151228 0.6021954288 0.1077576340 0.6670505338 0.0241618285 0.0360203421 0.4732911115 0.3798287982 0.2664437159 0.0963649119 0.0994588863 0.4027576386 0.0607417107 0.2961455185 0.3918017180 0.2897520680 0.0184801669 0.1316629736 0.0746945368 0.0000491938 0.2587960901 0.2331112416 0.0809806423 0.2292604324 0.0028843307 0.0043598659 0.0670785941 0.4227114450 0.0108719584 0.4434001603 0.1724243667 0.0550784984 0.1163214096 0.2332360351 0.2647485012 0.2358414789 0.3182993921 0.0653255000 0.0129334361 0.4385651553 0.1009167668 0.2077034974 0.2118394309 0.3179762851 0.3467913362 0.0384586359 0.0370463765 0.5000000000 0.5920983053 0.5831149278 0.9989506851 0.6375592714 0.9826513382 0.7755993584 0.8456936809 0.7744150213 0.8629871207
 0.1097171997 0.1258155668 0.1822664132 0.1967425303 0.0889421585 0.2550951176 0.1923872041 0.8543367041 0.0089741538 0.0280769851 0.1859028192 0.1680505226 0.1020108780 0.3857236977 0.1933441063 0.0521465565 0.1445018369 0.5593217600 0.1266631360 0.1323438187 0.0634884940 0.9103915109 0.1758023301 0.0742463658 0.2815482128 0.5521432894 0.2149106246 0.1959873903 0.0151582524 0.2954792599 0.0965636501 0.2059745528 0.7152406475 0.2094861030 0.0020871555 0.0114545659 0.1654033981 0.4511726743 0.4388114926 0.3067858741 0.1432216255 0.8796269616 0.1254651478 0.0301950272 0.6379344685 0.1880992885 0.0050842521 0.0503390850 0.2576245275 0.2918857648 0.0809108937 0.3657053067 0.1855812355 0.2331457171 0.0579990766 0.0609495941 0.3687844284 0.4125326190 0.1673707636 0.5926814004 0.1537691683 0.3609269943 0.0304069037 0.0742531178 0.0595307604 0.3973633211 0.1452906638 0.3343057414 0.5940950053 0.0325531045 0.0248263536 0.1808319143 0.0539683186 0.1550063005 0.0406223921 0.1618970224 0.3065039858 0.3233557318 0.3373106768 0.4608282405 0.0292784797 0.0232117701 0.1638377976 0.0913384995 0.1798034183 0.0871627485 0.5238318219 0.3554799856 0.4188678326 0.6291697078 0.4079016947 0.5000000000 0.7187544271 0.8771783574 0.9010811711 0.4516991996 0.9904125027 0.9211984050 0.6389976885 0.9276837970
 0.1238560767 0.5989645463 0.3440727376 0.3478700220 0.0027696008 0.4934067777 0.0762336827 0.0783177591 0.3055808789 0.1437592914 0.2603481704 0.1565262814 0.2124791063 0.2659348322 0.0440698392 0.1866601052 0.6327942582 0.1006832155 0.6040314654 0.3806369159 0.6650743944 0.2962410351 0.7392318964 0.2878932883 0.3439916024 0.7029824668 0.0093499842 0.0378268697 0.1703324272 0.1360539791 0.3027146479 0.0331144759 0.1599959138 0.1326199116 0.3417235699 0.0936023374 0.5441976960 0.5132925276 0.0065642067 0.4748063952 0.3568572042 0.0902813164 0.1575587098 0.1808946325 0.0287020791 0.2919703569 0.0596589442 0.3483281201 0.1372866469 0.0122833434 0.2625234627 0.0490896413 0.4969320721 0.7248998053 0.6263670769 0.5291716738 0.6596249180 0.2243613769 0.1775329530 0.2766691925 0.1453153323 0.0474106237 0.1079820323 0.0319654849 0.2914574835 0.2174888834 0.2641515102 0.1589433065 0.2399713460 0.2400428453 0.0054956981 0.1074340218 0.0633641588 0.0289755150 0.4103805478 0.3656684099 0.3239756263 0.0490223142 0.3382903439 0.1711308378 0.3409535075 0.2162655290 0.2438645534 0.0285578700 0.0246342692 0.1871351957 0.5573961700 0.3080435358 0.3480415068 0.2576888295 0.4168850722 0.2812455729 0.5000000000 0.8913016751 0.9637959719 0.9220135483 0.4362797405 0.7505511466 0.6886968687 0.5630513341
 0.0187326609 0.5430787928 0.4547444668 0.1434301165 0.0569085316 0.1314352912 0.0018260093 0.3396906388 0.1592950030 0.4489748497 0.4671248737 0.1694942029 0.0156898787 0.0060970434 0.7359626140 0.0832703040 0.1376124804 0.3137702993 0.1678670539 0.6541238890 0.0638004395 0.6939119775 0.0089587628 0.3704546382 0.4654361929 0.0676340679 0.0201507877 0.0408725077 0.0278215646 0.2341597713 0.6560016403 0.2215169883 0.3419149480 0.2524701743 0.1013507717 0.6065896643 0.3281548177 0.1617959069 0.2273666312 0.2703902468 0.1800008183 0.4017607342 0.3043848329 0.4722479614 0.3620109444 0.2873731990 0.1633289380 0.0727988712 0.1749943989 0.0150063168 0.3194554769 0.2984096138 0.3592266990 0.3064805203 0.2712951131 0.4667259968 0.0596773613 0.0716585449 0.4785383789 0.2495975031 0.1637690933 0.0692205558 0.0287985388 0.5808079199 0.0629293711 0.3317314970 0.2235585089 0.0471903480 0.2893676011 0.2965489606 0.3527025153 0.2506053165 0.2981663508 0.4317471913 0.1459350540 0.0943803445 0.1041620810 0.2364580747 0.0324997603 0.3404109017 0.0380940681 0.2501684211 0.5124267571 0.0240079191 0.2703404251 0.0327865344 0.2111392911 0.0162475656 0.1942169562 0.2000290596 0.0010493149 0.1228216426 0.1086983249 0.5000000000 0.7091702034 0.6991241189 0.6823836651 0.9342203083 0.5337596387 0.8530472090
 0.0767937143 0.0749512946 0.2214986638 0.1380960815 0.0044281340 0.1884444596 0.2064640718 0.2428293240 0.0327694948 0.4272910379 0.0262901446 0.3690302167 0.0840846095 0.5327372447 0.0207900007 0.1773218835 0.1807325509 0.4021206229 0.5613354567 0.3175583442 0.2934849333 0.3422456013 0.0129933277 0.2952316266 0.1657140924 0.1458246251 0.0297076254 0.4341591192 0.3483740930 0.2585935775 0.0615781277 0.3467549086 0.3069937792 0.0694126207 0.3439638014 0.1593032546 0.0342213197 0.1008456240 0.0545810025 0.4335601161 0.1049092168 0.5567328329 0.3042238029 0.2168805976 0.1838552288 0.3361182570 0.7260579773 0.0658366864 0.2999228757 0.0156170451 0.5436861073 0.0781520995 0.5730450191 0.3099807785 0.2045799032 0.1553076274 0.3674299631 0.2891770775 0.6248795656 0.2660804643 0.3448017670 0.6969180960 0.1786071216 0.5529964623 0.1762027787 0.2786506703 0.0879500268 0.2362494896 0.4197273679 0.0445717455 0.0315323255 0.1209383581 0.2945674661 0.1328047647 0.0079487232 0.0775802320 0.2630284257 0.4844985468 0.2050270265 0.1080256075 0.6217718029 0.1030122158 0.1311201141 0.1847040580 0.0008202239 0.2320833368 0.4353521289 0.3907294828 0.3301454554 0.6213842704 0.3624407286 0.0989188289 0.0362040281 0.2908297966 0.5000000000 0.5470826034 0.4902922817 0.7616109188 0.3780060662 0.9159229918
 0.3121113477 0.4108757670 0.2269604910 0.1937247938 0.2747355596 0.0254514974 0.0002771529 0.1141828674 0.4037973415 0.1358169882 0.0562167850 0.2908711433 0.1497444987 0.4447965231 0.0839166884 0.0479007385 0.2851316811 0.0730588612 0.0520053046 0.1511213188 0.2169926310 0.0864041830 0.1759563542 0.0735720543 0.1434997878 0.0482670673 0.1584424678 0.1938334165 0.2321536683 0.1467201972 0.1632853312 0.0073114653 0.4888201048 0.2723281697 0.0701717712 0.0028309262 0.4024751172 0.5869327878 0.5832773874 0.0125383638 0.2929876106 0.0988250248 0.0413281809 0.0941818443 0.0850404009 0.2556892626 0.1401541321 0.0628455813 0.0622604930 0.5577477431 0.3515741810 0.2237540224 0.3142523499 0.0070334187 0.1649006497 0.3020273611 0.2962112472 0.0569447113 0.2069372352 0.0374946633 0.0094134215 0.4713253519 0.0267139493 0.5452162908 0.0233717551 0.3793156359 0.0090255271 0.0852483482 0.1604249414 0.5643897906 0.0129691284 0.4372700673 0.0869420644 0.0432984528 0.0826979674 0.1341459678 0.0357248695 0.3486665957 0.1361216272 0.0743279442 0.2456760632 0.2070146789 0.2401117467 0.1177672677 0.4963602279 0.1425017033 0.1128114519 0.1059204485 0.1749223537 0.7529224644 0.0173486618 0.5483008004 0.0779864517 0.3008758811 0.4529173966 0.5000000000 0.8554267590 0.8715128309 0.4870848159 0.9029511947
 0.0387902232 0.1928480630 0.0889756066 0.1195165423 0.0507115311 0.2803838605 0.5165001743 0.1979605041 0.1425566606 0.3284639177 0.3573496658 0.0886180952 0.0133861098 0.2063049680 0.0191272555 0.0112640210 0.0662114335 0.0094530577 0.3974465085 0.2214157800 0.1487852932 0.2602815246 0.1152778874 0.1513572964 0.4136029439 0.1193416034 0.1455335194 0.1024087263 0.2682317137 0.5422074822 0.4052028191 0.0833014890 0.3446624535 0.3038106822 0.3658607746 0.1668959527 0.1658829190 0.7185981567 0.2303679667 0.0320095628 0.1578410093 0.2664122260 0.0879211769 0.3219116303 0.7795352506 0.0672569151 0.2830610215 0.1078269226 0.1460705429 0.0036975765 0.5384899149 0.4788556271 0.1135454638 0.0474806615 0.1744655868 0.3513247661 0.0349788686 0.3237769576 0.1139673996 0.1794173550 0.3769420116 0.0413215051 0.5503202326 0.0533455341 0.1661983670 0.3124332508 0.1104531552 0.1757460747 0.5996810509 0.2006271864 0.1619981284 0.4516645112 0.3426895886 0.0305746001 0.0808106893 0.0326069886 0.1890086826 0.3991954292 0.7633631444 0.1445813483 0.2221185468 0.4602536242 0.2741847780 0.2602958087 0.8445361484 0.1248902878 0.0319891590 0.0731802657 0.3765059069 0.5133532620 0.2244006416 0.0095874973 0.5637202595 0.3176163349 0.5097077183 0.1445732410 0.5000000000 0.8473235251 0.9970242574 0.7917764989
 0.1526813494 0.5299150776 0.0973241479 0.1881357825 0.0101354613 0.4564493380 0.2184162072 0.0334427276 0.0184950580 0.1162008913 0.1439039161 0.2658028445 0.0715274294 0.0491545339 0.5379975666 0.0979255270 0.1396557223 0.0956715703 0.2795969245 0.2659709784 0.0364138314 0.6749797208 0.1877043909 0.3597949079 0.0059385450 0.2728678981 0.6410458576 0.3629447505 0.0751489939 0.0632929806 0.1092338918 0.0272611134 0.4260909201 0.0251222031 0.0141913301 0.2999697540 0.6375989346 0.2846125937 0.0678600360 0.4010993852 0.1847102710 0.6085671014 0.5781664508 0.1400556079 0.1302273962 0.0748444308 0.3130655380 0.2432842848 0.2627288285 0.1001972558 0.0596441595 0.1536231120 0.2814105513 0.1320350020 0.0160720763 0.0134562569 0.2949869500 0.0114305463 0.0221925878 0.5595130691 0.0766115274 0.0189109063 0.5974212311 0.2245312553 0.0167637872 0.6618812973 0.2281779549 0.1239664623 0.2940364591 0.3004430343 0.0466963898 0.0703197161 0.0211309240 0.3703992565 0.1963132345 0.0446252238 0.4474156480 0.2563478199 0.1196165132 0.3001366444 0.8490312155 0.0043120772 0.0216985390 0.1221300980 0.0530998679 0.1735075819 0.1046674590 0.2164649670 0.0882045320 0.5580052423 0.1543063191 0.0788015950 0.2494488534 0.0657796917 0.2383890812 0.1284871691 0.1526764749 0.5000000000 0.7742089630 0.3019887213
 0.1539163948 0.1435336148 0.0024969110 0.1546488966 0.2390838813 0.1964374180 0.0138893104 0.1505915147 0.0777541881 0.1055601850 0.2738843758 0.3349790117 0.0171637442 0.6181713278 0.5518691210 0.0897949402 0.7682944149 0.5357570715 0.1572769800 0.0351798284 0.0765759558 0.0232474173 0.6252086790 0.5596307562 0.7733627429 0.1421401269 0.1226197007 0.2632123226 0.7790303177 0.0931405214 0.4577662765 0.7206163495 0.5904438123 0.1849589311 0.3717159474 0.0258976164 0.1491846475 0.2087092717 0.7938889847 0.3721993823 0.2070924253 0.1293752848 0.2351165227 0.2821679208 0.1894709795 0.0221664903 0.0926342693 0.3732475662 0.2441125916 0.2473170992 0.1833846324 0.2115606334 0.0168265854 0.4502183149 0.1529979705 0.6005527718 0.2544712318 0.1173838686 0.0323185492 0.4993581955 0.2043347183 0.3751939959 0.1757169337 0.7615532067 0.1234675232 0.0392664639 0.0698306531 0.0212467666 0.0455123160 0.0096557738 0.6375167022 0.4821919818 0.1425928264 0.0395088829 0.5872003036 0.0317604361 0.0275383739 0.2749559523 0.3418145894 0.0079585795 0.1694244336 0.1899026994 0.5532567580 0.0923294167 0.0397219648 0.1807953497 0.0230270554 0.1479232003 0.0513272233 0.0449273511 0.2255849787 0.3610023115 0.3113031313 0.4662403613 0.6219939338 0.5129151841 0.0029757426 0.2257910370 0.5000000000 0.9482952206
 0.1055283245 0.1597218757 0.0204868121 0.0322378819 0.0387709720 0.2298680839 0.0416697747 0.0165458269 0.3269402952 0.1637185312 0.5575271010 0.0119161244 0.1943240320 0.4661560140 0.3070588111 0.8232526383 0.1131233914 0.2464670509 0.3311813103 0.4384551672 0.7692932244 0.2433689324 0.5892963965 0.1390748025 0.2124136435 0.0591894449 0.2057360139 0.3706030786 0.5464335452 0.0353524122 0.1146242790 0.3488806184 0.5651270313 0.2561678830 0.0695219384 0.1009444136 0.0012448301 0.5672995272 0.0504779511 0.0276827353 0.3507559429 0.1809065178 0.1857681572 0.3876786123 0.8709999700 0.2924125610 0.2844908645 0.0357037405 0.2394219254 0.2635513170 0.4177989903 0.2607800080 0.4103725525 0.2787495879 0.5386114482 0.2013592021 0.0340946040 0.0423197268 0.4908738170 0.0389028304 0.4251893706 0.1600048007 0.5147861718 0.0368224540 0.3686396257 0.5428604403 0.3472703700 0.0424498957 0.2157878741 0.2112327661 0.4948034550 0.0275221613 0.6922073312 0.4458087588 0.4504922614 0.0980864035 0.0300372092 0.3793662384 0.2318845260 0.4728659442 0.2822129821 0.3617604189 0.5017903862 0.2399243343 0.1346195203 0.3663139649 0.3200596945 0.2055170595 0.1742704247 0.1526864280 0.1370128793 0.0723162030 0.4369486659 0.1469527910 0.0840770082 0.0970488053 0.2082235011 0.6980112787 0.0517047794 0.5000000000
]
