n: 100

c:
[
 0.5000000000 0.4165966692 0.9641862494 0.7847337109 0.9081963228 0.5618140891 0.9181854795 0.7739901786 0.7298705606 0.6821579732 0.9133436644 0.8962238959 0.7866081243 0.3900138290 0.9673790295 0.9146064713 0.2894156946 0.7445288045 0.4519428898 0.9110346242 0.3369022532 0.9206545813 0.6733942523 0.9603812400 0.5180638505 0.6999722600 0.9755915690 0.7227223047 0.7071406814 0.9589529883 0.7190825276 0.8067206875 0.9637109934 0.4986479695 0.6935900765 0.6319457648 0.8951250143 0.9675308685 0.6209730800 0.8806726201 0.9843886782 0.8834191114 0.5143584457 0.2513331326 0.6378954057 0.9913603894 0.3806631059 0.5310927155 0.8253810495 0.3239364601 0.8136817622 0.9451487153 0.9020643104 0.8316366327 0.2472361144 0.9385746451 0.5923586630 0.9567236541 0.7957120786 0.6229447318 0.9604328731 0.6342561052 0.2990527484 0.5542587200 0.7707249162 0.9704343216 0.1906081687 0.9281993527 0.5290678332 0.9780919306 0.7071790181 0.7587394197 0.9258923209 0.4982977071 0.5067864339 0.9279335835 0.7986601004 0.7729018918 0.7577044937 0.8177661982 0.8989805830 0.9559278603 0.8257308356 0.7786200807 0.7698566465 0.3573620413 0.6776449766 0.8765653398 0.6293383904 0.7993860383 0.5813812272 0.9496445039 0.7935092807 0.5907526327 0.7897589201 0.5589662525 0.5477867052 0.9111666312 0.8821677024 0.9636450435
 0.5834033308 0.5000000000 0.2391861665 0.7310009144 0.6889160312 0.6041325591 0.6236094634 0.5294031197 0.7626755543 0.5427203704 0.3530019979 0.9904250731 0.9981115742 0.5969387287 0.9199157811 0.9009760773 0.9559181228 0.7837275194 0.7683981054 0.2606683134 0.8172897700 0.9090297559 0.8805129471 0.9538509796 0.9293527464 0.8694869225 0.8184287256 0.2721889217 0.6392606453 0.7849480043 0.8689430043 0.7432635074 0.9796148341 0.7760098320 0.6028777502 0.4605020346 0.8599349261 0.7512198684 0.6020266164 0.9739578026 0.6418745500 0.6883581556 0.6959095624 0.5530637328 0.9577396881 0.6516408887 0.8085602719 0.6077094118 0.9503258728 0.6038121944 0.6696157758 0.6667055775 0.7300307615 0.9578012360 0.6823197350 0.8160424901 0.9921078745 0.6613685044 0.4098719814 0.7673069218 0.8685228207 0.9572023762 0.9094091895 0.9106470592 0.9224629395 0.4089802136 0.8186707581 0.6811959312 0.4136166662 0.4465739586 0.9064657437 0.9778327584 0.8319478654 0.5838731205 0.9654329878 0.8385090274 0.6748813935 0.8104045465 0.7049839641 0.8156049402 0.6448379714 0.9424865271 0.7833458587 0.5694784071 0.7449700618 0.9529507560 0.9256142218 0.9757423409 0.8107185387 0.7943178887 0.5443337775 0.6389298084 0.9031449465 0.8128116874 0.8908284456 0.8892266788 0.8072992001 0.8964865339 0.7215758484 0.7067565923
 0.0358137506 0.7608138335 0.5000000000 0.9906158518 0.3260306786 0.8613121258 0.9843479541 0.8731745859 0.8343771582 0.7646520284 0.5927873581 0.9927679245 0.5783551736 0.6033268714 0.9256147417 0.6713695797 0.9501093210 0.7234752728 0.5463868860 0.8750596001 0.6419869664 0.7559403816 0.8601653721 0.8040924337 0.4439144482 0.9039051063 0.9864928274 0.8899095602 0.5272720109 0.8828746734 0.7639826173 0.9937515570 0.3330888431 0.4699749792 0.8853316446 0.9068556071 0.8307559440 0.9117091977 0.9055826571 0.9275201580 0.5550214317 0.6552134870 0.9654161359 0.6799235451 0.7509743925 0.8888250440 0.9066742224 0.5815827167 0.8088500779 0.9239621490 0.5961257739 0.8017010569 0.8643833064 0.6807754889 0.9842543979 0.4646028708 0.8181978114 0.8197191143 0.9649786110 0.8920979013 0.8236593685 0.8912736515 0.6978852135 0.7058672106 0.3377735810 0.2803614908 0.8896195720 0.4154920699 0.4409264166 0.7608699221 0.8242942115 0.5022611803 0.7864291652 0.7932592596 0.9245779465 0.7564896726 0.5759392841 0.7629219451 0.8821932005 0.9953005967 0.8112523855 0.8723808119 0.6635036162 0.8000304330 0.7160302242 0.7279971592 0.8718853186 0.7671773546 0.9314763238 0.9813058339 0.7448195930 0.9184052999 0.8844343511 0.6757228467 0.6333725661 0.7857817590 0.6363710024 0.9316120567 0.5834271372 0.6607575952
 0.2152662891 0.2689990856 0.0093841482 0.5000000000 0.3765485610 0.4708213188 0.8711627900 0.8214751930 0.6165247362 0.7690051579 0.9528409724 0.5660526806 0.6190447016 0.6215030396 0.6802933917 0.8783969784 0.8745659015 0.8276635930 0.9911819570 0.2803876788 0.5400984219 0.4887212359 0.4370516595 0.9993912402 0.6331029969 0.6201507801 0.8690925494 0.9272004721 0.3724673507 0.7483995870 0.6999346921 0.3624571463 0.8078595763 0.9279983088 0.9857908914 0.7683598471 0.5633328758 0.6667165016 0.8389153761 0.9949607942 0.5899327653 0.3350279433 0.9280074280 0.3913850816 0.8137219455 0.8164164981 0.8017409485 0.3499276313 0.8741087559 0.5653221929 0.6641923641 0.2962517921 0.9432711339 0.9802315154 0.4614722417 0.9753102169 0.7329459574 0.9283682365 0.6896687436 0.3270210552 0.9911454858 0.8790369090 0.8564576862 0.9074022400 0.8531434030 0.6616587601 0.9234731408 0.6560169995 0.8380775503 0.6114499134 0.9862335356 0.8363525457 0.5139606558 0.9811770225 0.4821105062 0.9891681596 0.8139768354 0.8968336403 0.3115042278 0.9680418183 0.8508832508 0.9674657680 0.8757110580 0.3091653095 0.7447159821 0.4098947445 0.9344568509 0.2959995873 0.5798078544 0.7907412632 0.9376129746 0.9411010617 0.9992007143 0.8851929127 0.9303516353 0.9371133911 0.6463124420 0.9825164472 0.4755196923 0.9986246744
 0.0918036772 0.3110839688 0.6739693214 0.6234514390 0.5000000000 0.9898496904 0.9900896021 0.3381037743 0.6369035000 0.3863217765 0.9715279424 0.8308978621 0.8976118093 0.8953644883 0.8737335427 0.7058409316 0.6313393419 0.8144660206 0.7259206377 0.7565633928 0.5225649409 0.6354008400 0.5994679009 0.9491002751 0.9118735294 0.8839555559 0.4191391251 0.9220499532 0.9275075723 0.9661321523 0.9012120625 0.9865514524 0.7610670205 0.8929305661 0.6047838069 0.9455631909 0.9592684818 0.9891346138 0.8037014994 0.3881557776 0.8731791249 0.8311000979 0.8779869297 0.9550264804 0.6772510110 0.8508139786 0.8789504952 0.8474551654 0.6579591338 0.8837519398 0.8516096225 0.7276118293 0.9935458306 0.9168403646 0.3596475623 0.6541168577 0.5812066913 0.9432370612 0.7997329997 0.6714341180 0.9747706313 0.5980262909 0.9379659899 0.5673674913 0.9978162085 0.2732585590 0.7578983233 0.4650057533 0.9218178970 0.3027932527 0.6722062539 0.5877145821 0.5722532892 0.9105732834 0.8041079941 0.9548986617 0.8710422649 0.5732593637 0.3993165785 0.6611638730 0.9113939264 0.3628608860 0.6137693779 0.8136750670 0.6145451087 0.9330376783 0.6443337825 0.9423729311 0.9850480640 0.8440484360 0.8138024736 0.3142923241 0.7876813761 0.9546834916 0.5665274522 0.9974863152 0.5015042030 0.3145544672 0.7198718066 0.9370754735
 0.4381859109 0.3958674409 0.1386878742 0.5291786812 0.0101503096 0.5000000000 0.7750231774 0.6718458705 0.8755287509 0.9806695244 0.5019665398 0.4977308337 0.6660341258 0.6673994073 0.9333061703 0.5743216137 0.9201486404 0.6012132486 0.8072459270 0.8170125677 0.5893472218 0.9364059765 0.3218848395 0.7209654603 0.6171439225 0.5908539618 0.6242675389 0.8609813118 0.4296278031 0.9083842650 0.7932279327 0.9092362842 0.9271585596 0.7012004123 0.5910895509 0.3611930596 0.6394213442 0.8456132712 0.9164443678 0.9330331348 0.8658670803 0.9707503295 0.9145791064 0.5796669212 0.5726127193 0.8992164292 0.7724761535 0.5410342402 0.1704773766 0.8538487577 0.7168991134 0.9583680647 0.8754981538 0.5803823262 0.8215035701 0.8549961011 0.7581963300 0.9432920009 0.5055923222 0.8375553461 0.9739621584 0.8823654976 0.9416764266 0.9982445768 0.9456168663 0.9457564928 0.9577686273 0.7962872034 0.4553833258 0.8793931888 0.9589221079 0.9821689881 0.8513684126 0.8483767944 0.3056896435 0.6809991954 0.3981428356 0.9400203494 0.5249819845 0.5567079598 0.7329275006 0.9460782918 0.9821686817 0.6372790642 0.3515410197 0.9070766612 0.8735761846 0.9990400415 0.9981210311 0.8148456995 0.6997947537 0.8261408325 0.8505226568 0.9258242636 0.7431160858 0.7955252463 0.9379681612 0.8720800124 0.9798943522 0.7626871530
 0.0818145205 0.3763905366 0.0156520459 0.1288372100 0.0099103979 0.2249768226 0.5000000000 0.6891781808 0.4561407297 0.8161594548 0.6194505149 0.5359244438 0.6573058169 0.4981357891 0.9555420604 0.8659000148 0.5925153682 0.3040304798 0.9073206628 0.7980120957 0.2070353861 0.6269595352 0.8790737319 0.7646545718 0.9008734338 0.9380924628 0.8273148519 0.6829589749 0.5329099828 0.6594115913 0.9179678043 0.9230848731 0.9923768379 0.7524155034 0.5666533197 0.8261862651 0.9713072788 0.6879724229 0.6287950364 0.6461020080 0.9357086410 0.8684079534 0.7944450247 0.9891057553 0.6906914226 0.9414496563 0.5674692001 0.5687812286 0.4885272604 0.9721914540 0.7888073385 0.7701357336 0.6921876269 0.9933243221 0.8460534354 0.7188331447 0.5153352689 0.8137831376 0.5861835469 0.8942461597 0.5862839016 0.7679166613 0.4219218497 0.9044364151 0.8792940683 0.5924633118 0.9745763490 0.8604758094 0.8076944973 0.5635490342 0.8940691743 0.3915048657 0.3696785471 0.8955135164 0.4629717173 0.8897466518 0.7820279837 0.7617602743 0.6954506286 0.6549718647 0.6467871385 0.7873363715 0.8992557920 0.8219413973 0.9935968600 0.8159926221 0.7805402261 0.2279966617 0.4362918441 0.2908018639 0.7553999421 0.7894469465 0.9885668124 0.8981085771 0.9020679872 0.7538435342 0.8250856269 0.7909294164 0.8380272538 0.5979123672
 0.2260098214 0.4705968803 0.1268254141 0.1785248070 0.6618962257 0.3281541295 0.3108218192 0.5000000000 0.9983688993 0.9472027757 0.6539385210 0.4717966433 0.5285188729 0.5803181764 0.8162565926 0.7343658169 0.9708737028 0.8256107282 0.3082067285 0.6362787851 0.3694108794 0.3487196495 0.8940747482 0.7074830159 0.4220309851 0.3017271514 0.9345466350 0.7449745748 0.9844705654 0.8668310905 0.9451622345 0.9156397763 0.5722015513 0.6201677949 0.7835270346 0.3948704340 0.4419136990 0.3383722265 0.8256293358 0.7259991802 0.6909542739 0.6745800448 0.5203471376 0.4591415843 0.9245572056 0.9666094142 0.8836248621 0.9649298054 0.6793466997 0.8489237580 0.8602482514 0.8529888149 0.8473523943 0.7876526973 0.6562355378 0.7494350410 0.9007375663 0.8653613578 0.7569951784 0.7935845176 0.5745778267 0.8441932099 0.9848379525 0.7466874006 0.9217376777 0.9599892780 0.8628003310 0.5975997992 0.6764625607 0.8388549374 0.3968907670 0.8304843552 0.9099936594 0.9703503781 0.6302546064 0.9498275321 0.5350666244 0.5910742271 0.9582951035 0.9089672055 0.3755695153 0.6825238906 0.3723300316 0.5391956560 0.9859276059 0.5915830355 0.9153299562 0.4792777220 0.7752409298 0.7780119336 0.5104451684 0.8116432606 0.8373198992 0.8582186209 0.9809810684 0.9499576561 0.9802040772 0.9011250524 0.6253548075 0.7901299851
 0.2701294394 0.2373244457 0.1656228418 0.3834752638 0.3630965000 0.1244712491 0.5438592703 0.0016311007 0.5000000000 0.7176542487 0.6642782170 0.7484036633 0.9446306870 0.9991391735 0.6343715027 0.3776996479 0.8473801069 0.6997089056 0.7512316478 0.8304931761 0.9497904145 0.9035677812 0.7248445993 0.9101658371 0.4097707839 0.4278068633 0.6605810742 0.8998251193 0.7639341832 0.6688497679 0.5043272191 0.8527783106 0.7876674627 0.6565960949 0.9746906997 0.6737210464 0.6061794592 0.6758949315 0.6862203866 0.9073461638 0.9919850296 0.9370251514 0.9946869433 0.7494684861 0.4912543247 0.7820584831 0.8763432453 0.5307742483 0.9885357367 0.8548338172 0.9560217469 0.8286442768 0.6311724394 0.9347766052 0.9444471207 0.9887015850 0.4058820009 0.9622633709 0.4927856205 0.0982253417 0.5077942605 0.8443928284 0.7265012413 0.8175578617 0.4125060776 0.9641698077 0.7830836076 0.7692573926 0.8934539850 0.9988929024 0.5474201272 0.8848264303 0.5944344095 0.5224383484 0.3601425462 0.7882621361 0.6191171842 0.4189529146 0.9447513200 0.6472051737 0.4377148161 0.7537965917 0.9923474316 0.8982633696 0.9714850291 0.9376850958 0.9759833482 0.6287087705 0.6263267810 0.8984007899 0.7500155218 0.1684048035 0.7866075634 0.8651913149 0.8614953667 0.3659529114 0.5289559973 0.6052552125 0.7781021618 0.8579856412
 0.3178420268 0.4572796296 0.2353479716 0.2309948421 0.6136782235 0.0193304756 0.1838405452 0.0527972243 0.2823457513 0.5000000000 0.9137789337 0.6614554894 0.6218342795 0.4664664860 0.8267454180 0.6488416378 0.9613867661 0.7620795220 0.8760686950 0.8830205675 0.6965193922 0.8141341948 0.6187978457 0.6154320357 0.9988581180 0.9976977758 0.9104523772 0.7529855405 0.3294048670 0.6619902761 0.9836951311 0.8787150297 0.9894555687 0.8870950439 0.5809903800 0.4222215976 0.9153547770 0.5160715921 0.3647512220 0.8375759103 0.2141959378 0.7888127825 0.6530804345 0.7512544005 0.7868357076 0.9401232578 0.6048345518 0.3335430968 0.6108776555 0.4059393155 0.1641545659 0.5476485103 0.8397158528 0.9658771909 0.8834211511 0.9754301653 0.9234714775 0.8189676341 0.9280171492 0.8280811526 0.9647099945 0.9617348443 0.9073303611 0.8859808130 0.8682739768 0.9751503811 0.8765669078 0.6572489517 0.8358906219 0.8727372283 0.9519473294 0.4467640879 0.4609482738 0.7255452970 0.8834205127 0.7882006468 0.3860681983 0.7496558931 0.8301637861 0.3925858420 0.6965109028 0.9182470105 0.8685732693 0.5533086114 0.4295471521 0.8795676558 0.8126273071 0.9788752422 0.4001900432 0.9787683061 0.9465658844 0.9060773012 0.6692119498 0.6397724853 0.9727871911 0.5241190297 0.6430349667 0.6193197689 0.4161340183 0.7837663350
 0.0866563356 0.6469980021 0.4072126419 0.0471590276 0.0284720576 0.4980334602 0.3805494851 0.3460614790 0.3357217830 0.0862210663 0.5000000000 0.9949847013 0.9908914404 0.7549792359 0.9923051419 0.6620651089 0.7952308728 0.8598534585 0.4214041878 0.9965765237 0.7936591847 0.5374240877 0.6967579253 0.8729719544 0.9802916900 0.7970862447 0.8340691775 0.8875356439 0.3856865548 0.9110777861 0.5318073997 0.9986079826 0.8962590251 0.5253254701 0.7951497793 0.6406099170 0.8874339916 0.5352031481 0.6241848786 0.8703477349 0.9051530540 0.9137128985 0.7209814657 0.7415096249 0.6241453064 0.5205403873 0.4899209694 0.3175413239 0.7754265895 0.8344376161 0.8436186527 0.9247017288 0.8501015449 0.6718991342 0.9615719405 0.8243931818 0.9699825196 0.8393411700 0.9276637648 0.8932513569 0.9606438529 0.8848030139 0.4334105709 0.7594981171 0.9202678395 0.8503228599 0.9047812352 0.4989876554 0.9925632115 0.8438570750 0.6394167295 0.7399573563 0.6721282712 0.5713546433 0.7765045498 0.9849015351 0.7417677806 0.7905531612 0.9691033004 0.4242497256 0.3328289006 0.8108607306 0.7288989825 0.2751911507 0.4730338689 0.6870295431 0.6899117266 0.9516770691 0.9477098053 0.3294500419 0.9358343357 0.7877056501 0.7683311025 0.6288260485 0.5499436888 0.5232232728 0.8744747383 0.8794356492 0.8414860151 0.9768009647
 0.1037761041 0.0095749269 0.0072320755 0.4339473194 0.1691021379 0.5022691663 0.4640755562 0.5282033567 0.2515963367 0.3385445106 0.0050152987 0.5000000000 0.9436671852 0.7374505038 0.9005306005 0.8949505325 0.1636263094 0.7419704921 0.9043919347 0.9694483354 0.5114662378 0.6538321772 0.9811810705 0.5277525907 0.6146925864 0.6266347561 0.3672325968 0.9770766950 0.3526842142 0.5463251759 0.8267611467 0.5147362224 0.9780384880 0.7091166303 0.9721336157 0.6461340680 0.9325568675 0.4867884305 0.9317143991 0.9348447964 0.2878195344 0.9863730107 0.9574034362 0.6405034775 0.8764253939 0.8760642713 0.4886301382 0.8640319274 0.9711998969 0.5161576615 0.7757342274 0.7553072318 0.9229555903 0.7729871611 0.8351326626 0.6648590458 0.5237368322 0.6589265774 0.8103313855 0.7158352346 0.9383586387 0.9998676829 0.8903654954 0.6138033816 0.8532477660 0.8762869754 0.8567113064 0.6816437887 0.7245047185 0.7693519921 0.8227868357 0.7889162251 0.5223487825 0.9839275981 0.6250030782 0.5942133047 0.9326453667 0.8361239841 0.9182075098 0.7487606114 0.3585588366 0.9470376340 0.4147766916 0.7179601305 0.9128961210 0.7651175263 0.4514477304 0.7344425165 0.7127525671 0.5224061567 0.8403714841 0.7862140664 0.3436860120 0.8929624802 0.5825713301 0.8449960448 0.7960660017 0.5574547101 0.3433551943 0.8923342823
 0.2133918757 0.0018884258 0.4216448264 0.3809552984 0.1023881907 0.3339658742 0.3426941831 0.4714811271 0.0553693130 0.3781657205 0.0091085596 0.0563328148 0.5000000000 0.9946200312 0.8254138531 0.5545968210 0.6844041501 0.5909014661 0.3607810357 0.8690815053 0.9548686637 0.9150369755 0.7222466839 0.9872139756 0.5837673654 0.9980085107 0.7435170744 0.3267800803 0.8704289100 0.7135880970 0.8098462927 0.9925264691 0.7489061477 0.7838257661 0.8023710700 0.8746940979 0.5406853543 0.7837461401 0.7070694102 0.9788058145 0.5051358385 0.7660638974 0.4148454852 0.5433582891 0.6293260077 0.4787889642 0.9171377256 0.4626316004 0.7199378411 0.5020028009 0.3893261888 0.8739760999 0.9923841802 0.9562747110 0.8460708989 0.8581954519 0.8780745410 0.6867413442 0.5732504257 0.4970063721 0.8917194297 0.9976575938 0.4564200920 0.5682994868 0.9872769299 0.9488437048 0.9937492619 0.6736259934 0.7635496960 0.4141041001 0.6693021707 0.8813291791 0.5459290303 0.7928824645 0.5346359096 0.8779330601 0.7140904106 0.9791581867 0.4430731934 0.3989845750 0.9437824609 0.9955082336 0.8913180856 0.1080296950 0.9043388199 0.6685242391 0.4647952704 0.8266711306 0.9842663483 0.5003245348 0.6389925611 0.6458024311 0.9991039298 0.9278561786 0.9566698634 0.9759530620 0.6217604845 0.4923793675 0.9838713721 0.8172979220
 0.6099861710 0.4030612713 0.3966731286 0.3784969604 0.1046355117 0.3326005927 0.5018642109 0.4196818236 0.0008608265 0.5335335140 0.2450207641 0.2625494962 0.0053799688 0.5000000000 0.9260163308 0.5054201897 0.7542892012 0.8085014178 0.8003699013 0.8463465036 0.6549029987 0.6926681693 0.9467348647 0.8332255828 0.6853843319 0.7653227936 0.7701256481 0.9507400331 0.6969626202 0.4902575402 0.6435056277 0.8511130881 0.9702361883 0.6936366175 0.6901078410 0.9512042832 0.7070636091 0.9976132572 0.5436201095 0.9839816671 0.9221376737 0.8652541684 0.7962227558 0.9002805328 0.7876040304 0.6318231063 0.1353456800 0.5423546112 0.9901030820 0.9918327414 0.9131534862 0.7487454682 0.6983245769 0.4735732480 0.8858815794 0.4581748106 0.4949943779 0.9031350759 0.8357721281 0.7171639391 0.8162116560 0.9076790644 0.8688063014 0.4880578910 0.5186093971 0.5339869824 0.7200070379 0.8558871932 0.9844328792 0.8933582237 0.7929141017 0.5522131131 0.9734959102 0.9804121570 0.7951551156 0.7434909088 0.8526140935 0.6749531914 0.7877314263 0.9408666007 0.7930956863 0.5811539278 0.6679373684 0.6742307951 0.4194371277 0.9570145997 0.6613961639 0.5440528836 0.7948432606 0.7778527113 0.9504522770 0.7022393542 0.6718891910 0.6435313708 0.5937945432 0.3802154622 0.5757670153 0.5375024418 0.7310090018 0.4848883634
 0.0326209705 0.0800842189 0.0743852583 0.3197066083 0.1262664573 0.0666938297 0.0444579396 0.1837434074 0.3656284973 0.1732545820 0.0076948581 0.0994693995 0.1745861469 0.0739836692 0.5000000000 0.4105125176 0.8985401164 0.8346928121 0.9830528796 0.8286675998 0.9876564965 0.8982278254 0.9888154801 0.9194313188 0.9853384532 0.6406278100 0.7206241884 0.8658833430 0.3591285273 0.6018670743 0.8658624854 0.8385243404 0.9057524384 0.9964290436 0.7882923976 0.9063500896 0.4875194246 0.4513461000 0.5186367991 0.1827712644 0.7435273339 0.9284298899 0.9049236335 0.5525083680 0.9321154285 0.6731127834 0.9749778651 0.7580066280 0.7131437096 0.9063150889 0.2836223541 0.7012861082 0.7946378998 0.7122356521 0.9856789562 0.9100732306 0.6298954399 0.8870176599 0.7851259206 0.5737606775 0.5886201623 0.4541696422 0.6915968936 0.9964296685 0.8338858601 0.4536099663 0.3900207475 0.8404791086 0.7174982420 0.9192092386 0.7797463510 0.8967946318 0.9060973388 0.3803542136 0.8378994988 0.8999519331 0.3962862275 0.5537224827 0.4884102568 0.9600699791 0.6053372527 0.4913565959 0.9386449071 0.9531659212 0.8610565496 0.6795303551 0.7270781888 0.8261656580 0.9286425134 0.9807920855 0.7050627545 0.9337090628 0.3406118396 0.7200168969 0.9538304554 0.9132785807 0.8229312827 0.5990893289 0.9181198619 0.9073812500
 0.0853935287 0.0990239227 0.3286304203 0.1216030216 0.2941590684 0.4256783863 0.1340999852 0.2656341831 0.6223003521 0.3511583622 0.3379348911 0.1050494675 0.4454031790 0.4945798103 0.5894874824 0.5000000000 0.7430724801 0.4873766454 0.9455625798 0.8323510540 0.9050436678 0.7242457704 0.9712308473 0.9655900383 0.6509111289 0.7794977874 0.4319398645 0.8374727759 0.9279545230 0.7100423239 0.6655373359 0.8226111923 0.5340944914 0.5151136896 0.9654115728 0.8518598820 0.9766599930 0.9935374147 0.8533501732 0.9959989847 0.4696673722 0.1659626114 0.9231179011 0.8860726420 0.9660519335 0.9177126941 0.9469167944 0.6493805327 0.9816866890 0.6529693611 0.8411849282 0.6122309018 0.7781934558 0.5873910973 0.5982843249 0.8962157356 0.7491847107 0.5133529912 0.9633400113 0.9345748186 0.8161068111 0.6553469937 0.9538244689 0.9171690980 0.8411932131 0.8147789320 0.2752674391 0.8946422994 0.2856162588 0.8625437971 0.7613375204 0.9917578594 0.4242240343 0.7616030987 0.9386422416 0.9163500634 0.9685584014 0.9516449769 0.6676261871 0.7755548494 0.3967324999 0.9186900097 0.7795825306 0.9452638705 0.9096624167 0.8054144185 0.6954628587 0.8549220812 0.9559733546 0.3629693717 0.9671943452 0.6557420798 0.8435480746 0.9409102780 0.8911861446 0.8216070697 0.3785019109 0.4475067363 0.8141809790 0.9926957043
 0.7105843054 0.0440818772 0.0498906790 0.1254340985 0.3686606581 0.0798513596 0.4074846318 0.0291262972 0.1526198931 0.0386132339 0.2047691272 0.8363736906 0.3155958499 0.2457107988 0.1014598836 0.2569275199 0.5000000000 0.8916900113 0.9568306507 0.7911600331 0.9780696370 0.9825217504 0.8533711434 0.8422300430 0.9206948101 0.4423801381 0.7766157204 0.9391582208 0.8744407827 0.8007566763 0.9518953813 0.9184750826 0.7934151408 0.6748859265 0.9565011894 0.7217607254 0.6931571953 0.9767104392 0.7457273502 0.8270404793 0.7788347811 0.3114139640 0.9162953682 0.6234000962 0.8127794213 0.8919110362 0.7929660901 0.8721413788 0.7811060843 0.8518163110 0.7052726028 0.9410334995 0.6870026735 0.5404074128 0.6889338071 0.9009180496 0.8224135716 0.7421940492 0.2398765365 0.7303325219 0.7002142897 0.6604539189 0.8151571647 0.8283332639 0.2252593116 0.7268203673 0.5146093341 0.9093025677 0.6117593858 0.8979922895 0.9438782185 0.7166313916 0.8741688848 0.9982631385 0.7979115044 0.8786664670 0.7042925016 0.8321638092 0.8776111655 0.5407740290 0.5768323720 0.7760643354 0.6903488817 0.5992949184 0.8807385848 0.7995456010 0.6024504736 0.9379294916 0.7993126366 0.9968978211 0.9502530922 0.9431494408 0.6008338739 0.8272744381 0.8907709830 0.9460535960 0.9239327734 0.8929042670 0.8606647587 0.6181508034
 0.2554711955 0.2162724806 0.2765247272 0.1723364070 0.1855339794 0.3987867514 0.6959695202 0.1743892718 0.3002910944 0.2379204780 0.1401465415 0.2580295079 0.4090985339 0.1914985822 0.1653071879 0.5126233546 0.1083099887 0.5000000000 0.8916102542 0.4061556571 0.8448612307 0.8623986021 0.8168861360 0.8008467735 0.9017129299 0.8684370140 0.8038037625 0.8077778381 0.8655339422 0.7721236962 0.6477537579 0.3233211328 0.9727324621 0.7839662168 0.6012071515 0.7137602580 0.8849156553 0.7901793490 0.3528476839 0.9091245613 0.9818811484 0.5440442826 0.3614597670 0.9522489155 0.9420701410 0.9504334981 0.9727918887 0.7962057394 0.8334005180 0.7799742259 0.8505044851 0.5225703176 0.7619860399 0.9713799132 0.6080927937 0.9935187320 0.6555578352 0.9379621399 0.9096417840 0.3918778390 0.5570676492 0.6266516850 0.3841963280 0.8577488242 0.9113537139 0.4048406783 0.9294571577 0.6691507593 0.8547573590 0.9829003768 0.8238917511 0.5951676302 0.6754091205 0.9545950810 0.3653631629 0.2362604015 0.9862382715 0.6876499953 0.4522160855 0.9096579075 0.3080953426 0.8695241298 0.5842701380 0.8264317893 0.6019088199 0.7319345002 0.8174732485 0.9707351943 0.8915057285 0.8339741892 0.9695035149 0.9974225317 0.6853914909 0.8552001003 0.9391151024 0.5467039101 0.8414798638 0.8471430936 0.9177038796 0.5162941775
 0.5480571102 0.2316018946 0.4536131140 0.0088180430 0.2740793623 0.1927540730 0.0926793372 0.6917932715 0.2487683522 0.1239313050 0.5785958122 0.0956080653 0.6392189643 0.1996300987 0.0169471204 0.0544374202 0.0431693493 0.1083897458 0.5000000000 0.5563661617 0.5492600457 0.7894523388 0.9202471665 0.6294969588 0.5503041902 0.8933712233 0.9571943633 0.8027083483 0.9652755353 0.4972798555 0.9196468786 0.5632464385 0.9026932273 0.8966457509 0.8401582541 0.9480536469 0.4340606515 0.8233608857 0.9299487354 0.4557533412 0.6272635262 0.6903655030 0.8687685455 0.7656794318 0.8534464252 0.4762171557 0.9745164903 0.9196044544 0.8453268328 0.8435822616 0.7964774320 0.8141633926 0.9245965639 0.9880316193 0.8816080244 0.6979629694 0.8086768144 0.6204979439 0.6570580917 0.7317775924 0.3024066459 0.7552789884 0.8849145591 0.5720775448 0.9987397220 0.5276530025 0.7766655369 0.7381922988 0.6334301534 0.9634688750 0.8909028937 0.9764428558 0.9556028613 0.3736292544 0.9256944909 0.7454673052 0.9937800246 0.9790062159 0.3471357224 0.6498942899 0.8760604291 0.6406553639 0.5786036920 0.9727400551 0.9710513184 0.4287904618 0.9495844449 0.9474172578 0.5340320570 0.8546597681 0.9182398151 0.7891637886 0.8613659785 0.5767252861 0.9487935598 0.8370160738 0.9563825833 0.3671425873 0.9053084943 0.6570254383
 0.0889653758 0.7393316866 0.1249403999 0.7196123212 0.2434366072 0.1829874323 0.2019879043 0.3637212149 0.1695068239 0.1169794325 0.0034234763 0.0305516646 0.1309184947 0.1536534964 0.1713324002 0.1676489460 0.2088399669 0.5938443429 0.4436338383 0.5000000000 0.9683607197 0.6736913309 0.3322931472 0.9377601283 0.8063772665 0.8711939930 0.6564896527 0.8383382813 0.8254290631 0.5072676893 0.8354501103 0.7125420875 0.7616357422 0.9774917493 0.9470042156 0.6602225157 0.3893369238 0.9821069096 0.8504402435 0.5714782050 0.7932225396 0.7904699098 0.8248985795 0.9075960424 0.8071896401 0.9198373230 0.9739708921 0.7490732748 0.9425264547 0.3824398181 0.6287057117 0.7064141316 0.5162278819 0.6858672705 0.5677364180 0.2170207171 0.7487368346 0.9159095775 0.7814025368 0.9100536778 0.7723537563 0.6098256646 0.8828865662 0.7687187371 0.6502907278 0.7234164820 0.9837191141 0.9624630327 0.9410521809 0.9574336900 0.9318469257 0.7746557664 0.9210907822 0.6570554436 0.9427774315 0.6779112794 0.5033439592 0.5940887176 0.7913461467 0.7591075525 0.4847890393 0.9425205841 0.6598349501 0.6792108293 0.8931722944 0.8797161381 0.8507125000 0.5472741882 0.9327714705 0.3697150142 0.8452183784 0.7328716465 0.6748491582 0.7909066386 0.6424718452 0.4064693237 0.7827574534 0.9677617908 0.9659115621 0.6736445689
 0.6630977468 0.1827102300 0.3580130336 0.4599015781 0.4774350591 0.4106527782 0.7929646139 0.6305891206 0.0502095855 0.3034806078 0.2063408153 0.4885337622 0.0451313363 0.3450970013 0.0123435035 0.0949563322 0.0219303630 0.1551387693 0.4507399543 0.0316392803 0.5000000000 0.8962216573 0.4192707902 0.8880643748 0.9211122119 0.7073713048 0.7895786303 0.7242082349 0.3956071093 0.5409374966 0.8113536803 0.9793940583 0.9229592732 0.7829797734 0.7180978901 0.8964886597 0.8259904805 0.8716464778 0.5043026507 0.7383682135 0.2138337661 0.5667827007 0.5799372702 0.6648534386 0.9827698570 0.9987958994 0.9600904631 0.7289886840 0.7581024032 0.9108087832 0.4477381905 0.5219180814 0.4654774591 0.4888889381 0.9993388339 0.8273769420 0.5153815828 0.4461722956 0.6029946373 0.6306424117 0.9653454175 0.6105990657 0.8929248557 0.9343390381 0.7029708352 0.9407594319 0.7367168550 0.8667573393 0.5321853826 0.6360142380 0.8730150149 0.7906162099 0.5553030796 0.4088410093 0.8303715952 0.9083593201 0.6794995135 0.5964614799 0.7497875226 0.5452201067 0.6221899975 0.8685694017 0.4819630567 0.8595785369 0.5464150050 0.9630690830 0.9190738904 0.9674042279 0.9596430419 0.9655261106 0.7152250016 0.9759069291 0.8248608500 0.9264929728 0.8117146091 0.7879666901 0.6257689610 0.7719223925 0.7336450311 0.7042184981
 0.0793454187 0.0909702441 0.2440596184 0.5112787641 0.3645991600 0.0635940235 0.3730404648 0.6512803505 0.0964322188 0.1858658052 0.4625759123 0.3461678228 0.0849630245 0.3073318307 0.1017721746 0.2757542296 0.0174782496 0.1376013979 0.2105476612 0.3263086691 0.1037783427 0.5000000000 0.7762116229 0.6478812916 0.9299025482 0.7258719358 0.6562599736 0.5775050762 0.8848782755 0.8612594977 0.6444553794 0.6594193231 0.7869089599 0.8453736448 0.8448446054 0.9685725318 0.6050805298 0.6853738368 0.9332446147 0.6642595001 0.8704897228 0.8076149120 0.9826062155 0.9737671047 0.8669253895 0.6157584614 0.4180455223 0.7483199991 0.6534664316 0.9645535682 0.5038519252 0.9243705026 0.8639747033 0.8596308031 0.9212878274 0.7489008882 0.4464164498 0.7244177912 0.9695062048 0.6575756341 0.9977513757 0.5840680194 0.9651303513 0.7780777686 0.7309901908 0.4683061587 0.9836643732 0.8791539913 0.6934279974 0.6580579678 0.7940804223 0.6610235164 0.5244108843 0.8062591981 0.7346346467 0.4826733519 0.9987466069 0.7037797990 0.8232752749 0.4780905231 0.6098328055 0.8810922754 0.8214442337 0.8341922156 0.6854117073 0.7936824410 0.6301033293 0.9266478515 0.7328335493 0.2766712168 0.7329129616 0.9270513026 0.6439535295 0.7613484212 0.9766560919 0.8180850845 0.6011782028 0.9434363408 0.5970551901 0.7982803690
 0.3266057477 0.1194870529 0.1398346279 0.5629483405 0.4005320991 0.6781151605 0.1209262681 0.1059252518 0.2751554007 0.3812021543 0.3032420747 0.0188189295 0.2777533161 0.0532651353 0.0111845199 0.0287691527 0.1466288566 0.1831138640 0.0797528335 0.6677068528 0.5807292098 0.2237883771 0.5000000000 0.3719636639 0.8689037386 0.9661294417 0.4295417928 0.7800295574 0.3217690405 0.9882662483 0.8873738160 0.7021725668 0.7787299922 0.7770270587 0.7927851918 0.3063192309 0.8722440156 0.9772195436 0.9079842273 0.5243143793 0.6111011873 0.5361474601 0.5917485318 0.7012969117 0.9735979317 0.9340241698 0.9291486047 0.9294312483 0.9840385973 0.8959894595 0.5023584041 0.9646065711 0.4451423426 0.7257347096 0.7841653029 0.9426060520 0.9397622463 0.8060564498 0.8788500094 0.5281095775 0.8164086559 0.4962577690 0.8656821378 0.7037417000 0.9726725212 0.3074028008 0.8841322541 0.9123336896 0.9319552380 0.9565854160 0.9826663633 0.9591315605 0.8415279194 0.4472962666 0.9168609445 0.5082499412 0.8169173775 0.3689902289 0.6973937665 0.9262261466 0.9420284717 0.9929017410 0.9987412032 0.4773146250 0.5518739214 0.7975351422 0.6615102902 0.6891367506 0.7108886266 0.8686924104 0.8188682597 0.7918433856 0.9273986942 0.5839739993 0.8360001873 0.9048889839 0.5742598488 0.5466117054 0.2686737500 0.4753670266
 0.0396187600 0.0461490204 0.1959075663 0.0006087598 0.0508997249 0.2790345397 0.2353454282 0.2925169841 0.0898341629 0.3845679643 0.1270280456 0.4722474093 0.0127860244 0.1667744172 0.0805686812 0.0344099617 0.1577699570 0.1991532265 0.3705030412 0.0622398717 0.1119356252 0.3521187084 0.6280363361 0.5000000000 0.4884202662 0.8593052045 0.8685339895 0.4624026848 0.8811369780 0.4330187048 0.9786420875 0.5900105906 0.7746598353 0.7610915830 0.2902045803 0.7986189926 0.9650780173 0.6082945654 0.6921638787 0.9251758895 0.6405815068 0.9229358125 0.6767245890 0.8734617110 0.9866137710 0.6630820886 0.5986923184 0.5131266865 0.5120807826 0.9896725400 0.9560174154 0.9846552870 0.4347198625 0.9922696452 0.8045524349 0.6824312054 0.4679136367 0.8743372610 0.6397688744 0.5394397887 0.8014138621 0.8089790875 0.9651739168 0.7374472828 0.7312804457 0.9991161893 0.9883519195 0.8439682672 0.1478932323 0.8027536767 0.8128218547 0.5552028344 0.6926323703 0.9202510379 0.5602038096 0.3001812108 0.6050927301 0.7489232747 0.8774423852 0.8081450995 0.6243672359 0.9955690521 0.9452341123 0.5801124653 0.8997426404 0.1776672442 0.2104156155 0.9552040654 0.9740498528 0.5539220165 0.5132259363 0.3946977924 0.9466596723 0.9809816369 0.9468880085 0.7483905310 0.7610968961 0.8467555935 0.7567006119 0.9516929151
 0.4819361495 0.0706472536 0.5560855518 0.3668970031 0.0881264706 0.3828560775 0.0991265662 0.5779690149 0.5902292161 0.0011418820 0.0197083100 0.3853074136 0.4162326346 0.3146156681 0.0146615468 0.3490888711 0.0793051899 0.0982870701 0.4496958098 0.1936227335 0.0788877881 0.0700974518 0.1310962614 0.5115797338 0.5000000000 0.5095349117 0.7628326676 0.7147998658 0.9566517518 0.4680100032 0.9091704114 0.7663960049 0.8010285141 0.5124508562 0.7352232034 0.7499903033 0.6508508941 0.9479983594 0.9895810959 0.7409937607 0.9485681047 0.7653141861 0.9443853302 0.6954004568 0.8303647030 0.6458300683 0.7769693334 0.9785004001 0.9892218440 0.2067141000 0.6703528784 0.6808207095 0.3865210359 0.9326248205 0.9835622924 0.7389176049 0.9656215784 0.6974242708 0.9878983298 0.9408304357 0.8568257749 0.9468349523 0.9203186782 0.2373866081 0.9918608606 0.8169832889 0.8877771259 0.7055972624 0.8195960941 0.7787142687 0.8082841758 0.2606886434 0.9503237470 0.8731207930 0.8566742026 0.7739325396 0.9297219623 0.3798757802 0.9144269874 0.9665690099 0.7113684475 0.8813324625 0.9608537069 0.6388425342 0.6686772470 0.8660558973 0.5932035265 0.8783047483 0.8522093457 0.8175456383 0.9988585848 0.6432741104 0.9895233227 0.7941823897 0.6398380095 0.8213763975 0.8394230161 0.5245022539 0.8935648506 0.9699870624
 0.3000277400 0.1305130775 0.0960948937 0.3798492199 0.1160444441 0.4091460382 0.0619075372 0.6982728486 0.5721931367 0.0023022242 0.2029137553 0.3733652439 0.0019914893 0.2346772064 0.3593721900 0.2205022126 0.5576198619 0.1315629860 0.1066287767 0.1288060070 0.2926286952 0.2741280642 0.0338705583 0.1406947955 0.4904650883 0.5000000000 0.9233666532 0.8652009561 0.9363933741 0.9782746042 0.9688768477 0.7427809040 0.8577902966 0.5642772939 0.6700197242 0.2412470580 0.9583776776 0.5554652454 0.3697505241 0.3916424530 0.9653435491 0.3823720462 0.9951014766 0.8924196337 0.9812980294 0.4390705215 0.8142933698 0.8246179128 0.5697820808 0.9282397798 0.9457989557 0.8374538735 0.7688519048 0.6814140087 0.7318334926 0.5862510717 0.4749828017 0.5322457003 0.2092103069 0.9043553130 0.8707417387 0.8899962688 0.7725603880 0.7654039226 0.7403351088 0.4689117721 0.8675226764 0.7082204943 0.4786486515 0.9579487511 0.9238126952 0.9165574041 0.6370691704 0.8292556454 0.7580957314 0.7879987339 0.8059527473 0.6681956166 0.9600475950 0.8861700354 0.7867525021 0.7230869429 0.7510250173 0.4949760008 0.5149855432 0.8800802010 0.7376924011 0.3914304859 0.9744113069 0.8847063393 0.8342475397 0.9159815938 0.9377626269 0.8387746152 0.8308089655 0.9749505004 0.7375869106 0.7260938045 0.6061665322 0.9676487673
 0.0244084310 0.1815712744 0.0135071726 0.1309074506 0.5808608749 0.3757324611 0.1726851481 0.0654533650 0.3394189258 0.0895476228 0.1659308225 0.6327674032 0.2564829256 0.2298743519 0.2793758116 0.5680601355 0.2233842796 0.1961962375 0.0428056367 0.3435103473 0.2104213697 0.3437400264 0.5704582072 0.1314660105 0.2371673324 0.0766333468 0.5000000000 0.4759118191 0.4808704697 0.9987660936 0.3561431765 0.8498180852 0.6485002424 0.5170728184 0.6760847896 0.3919428982 0.9311933644 0.8320769822 0.7959087628 0.6232738761 0.8773369622 0.8344755338 0.8500187497 0.6066772925 0.8132642948 0.9778776742 0.7640987068 0.5686078986 0.9344307873 0.7681825214 0.7539143577 0.7217008586 0.4432612695 0.9190296007 0.9566040264 0.9474199951 0.6213937393 0.9309975584 0.8782898503 0.8872258368 0.8281407525 0.4980325471 0.8910718002 0.9784270319 0.4895803239 0.9962494089 0.8112161526 0.9295467643 0.9363498550 0.9901616432 0.9731141421 0.7743074930 0.5093609101 0.9982572662 0.9099593835 0.6634034629 0.9475200609 0.9002532299 0.6634047043 0.7343465104 0.9203228541 0.9151626238 0.7846980245 0.9888011303 0.9009099585 0.7933749019 0.8608682247 0.6674324534 0.1938246312 0.3385443074 0.8285910823 0.9416760774 0.6670311954 0.9721965579 0.8966777900 0.8392934278 0.9528399246 0.9078859314 0.9278209347 0.8315931109
 0.2772776953 0.7278110783 0.1100904398 0.0727995279 0.0779500468 0.1390186882 0.3170410251 0.2550254252 0.1001748807 0.2470144595 0.1124643561 0.0229233050 0.6732199197 0.0492599669 0.1341166570 0.1625272241 0.0608417792 0.1922221619 0.1972916517 0.1616617187 0.2757917651 0.4224949238 0.2199704426 0.5375973152 0.2852001342 0.1347990439 0.5240881809 0.5000000000 0.9702725453 0.8120856595 0.8090761492 0.3302086067 0.9512341861 0.9926286201 0.3938364280 0.9936158964 0.8825953788 0.5886154950 0.4985172093 0.8389337566 0.7739416043 0.7726595387 0.7429352891 0.5260026941 0.8938382930 0.8567726728 0.9675782510 0.6841161299 0.9658228809 0.9579042227 0.3150842658 0.8120167449 0.8134023779 0.5106380295 0.4836383456 0.6357323099 0.8900114025 0.9143432015 0.3994726735 0.6885317963 0.9041985572 0.2449338064 0.5225355321 0.9847740510 0.5421467425 0.9751347919 0.5628893829 0.9937301201 0.9345405029 0.8188689195 0.8301868153 0.4855454848 0.8860092045 0.5960840592 0.9032722898 0.7084850937 0.2641143497 0.6105627024 0.9162834187 0.9202353131 0.9040522465 0.5855197526 0.7146201661 0.6077918396 0.5476964963 0.8033364411 0.9322662821 0.8172836361 0.8290187375 0.7817347616 0.5715393848 0.8207794398 0.7858767408 0.8693864561 0.7652434377 0.5042184491 0.8379399981 0.8330191704 0.8021737684 0.6929327167
 0.2928593186 0.3607393547 0.4727279891 0.6275326493 0.0724924277 0.5703721969 0.4670900172 0.0155294346 0.2360658168 0.6705951330 0.6143134452 0.6473157858 0.1295710900 0.3030373798 0.6408714727 0.0720454770 0.1255592173 0.1344660578 0.0347244647 0.1745709369 0.6043928907 0.1151217245 0.6782309595 0.1188630220 0.0433482482 0.0636066259 0.5191295303 0.0297274547 0.5000000000 0.9530969099 0.7903159010 0.9133059898 0.9575171588 0.9411520009 0.7654112061 0.9323429718 0.9392706345 0.6376861075 0.4288186575 0.5269410100 0.2485461906 0.7447202371 0.8276329995 0.7499319380 0.6976366594 0.9416514975 0.1706722614 0.3858570265 0.9646826377 0.6816407919 0.9319196908 0.8679452270 0.9952058272 0.8634315162 0.7760400676 0.9550944920 0.9601007825 0.7870474843 0.9032757243 0.9765897320 0.6385364965 0.6330793914 0.7098149196 0.9359040681 0.4734744133 0.9789113574 0.2724087079 0.4066207919 0.9415373676 0.6326343220 0.8576346933 0.6255836153 0.5738160459 0.7515132087 0.7684984339 0.8665770955 0.9556948548 0.4174910797 0.9962034694 0.6388927273 0.8088982697 0.7386298140 0.9802071155 0.8900680094 0.7567661226 0.8899548825 0.8548782277 0.4112812723 0.8605401607 0.8523901879 0.5147496697 0.9951017960 0.8326906622 0.8889782293 0.8347796440 0.8301628080 0.6128426628 0.8339848361 0.9463284914 0.9237341680
 0.0410470117 0.2150519957 0.1171253266 0.2516004130 0.0338678477 0.0916157350 0.3405884087 0.1331689095 0.3311502321 0.3380097239 0.0889222139 0.4536748241 0.2864119030 0.5097424598 0.3981329257 0.2899576761 0.1992433237 0.2278763038 0.5027201445 0.4927323107 0.4590625034 0.1387405023 0.0117337517 0.5669812952 0.5319899968 0.0217253958 0.0012339064 0.1879143405 0.0469030901 0.5000000000 0.6030521266 0.7632764237 0.7596878090 0.9002095991 0.7266137131 0.8704357270 0.6513141994 0.7258648991 0.2989906449 0.9845624684 0.7660702862 0.8172774369 0.5545376341 0.5129541338 0.5223104401 0.9619819871 0.7815212187 0.8486522777 0.8182573344 0.8315486451 0.1599560253 0.3158115653 0.4208599631 0.6934735936 0.8943681347 0.9192808849 0.6500100254 0.8065809370 0.6827345381 0.5224263332 0.8747911711 0.7295448699 0.7011510534 0.9850686934 0.9820632591 0.8849050790 0.7270774196 0.7548411981 0.9334070840 0.7641736917 0.7717740453 0.6646102510 0.8470578191 0.4738525791 0.3799843263 0.9449600852 0.9866819648 0.2073157531 0.9898787617 0.8549554543 0.3170656658 0.8315414373 0.7066266597 0.9512443136 0.9560001702 0.9435867001 0.8048345976 0.7866747093 0.6239911762 0.6486574659 0.9912229056 0.8871118581 0.8392979207 0.9411162836 0.7689946449 0.8401707578 0.9189441759 0.6451261128 0.8723297660 0.0849217516
 0.2809174724 0.1310569957 0.2360173827 0.3000653079 0.0987879375 0.2067720673 0.0820321957 0.0548377655 0.4956727809 0.0163048689 0.4681926003 0.1732388533 0.1901537073 0.3564943723 0.1341375146 0.3344626641 0.0481046187 0.3522462421 0.0803531214 0.1645498897 0.1886463197 0.3555446206 0.1126261840 0.0213579125 0.0908295886 0.0311231523 0.6438568235 0.1909238508 0.2096840990 0.3969478734 0.5000000000 0.7860673539 0.2639893952 0.7293902923 0.2618187112 0.8601144187 0.5667729429 0.4872691328 0.8702816796 0.4819741553 0.6383457706 0.8550590876 0.7371017799 0.8839954480 0.7881065004 0.3766699644 0.7883150895 0.9370680609 0.9767755546 0.4840228677 0.8910059830 0.5449788594 0.9992541079 0.7031537620 0.8174290827 0.6191899375 0.5914006629 0.7947100913 0.7832888560 0.8700551285 0.6314077395 0.6313516052 0.8132482434 0.8743524915 0.9801885427 0.6926631826 0.7657648540 0.6116648197 0.2714381512 0.6391650530 0.3471203312 0.9906815311 0.7839165196 0.3355115678 0.9638416294 0.7372277001 0.9404977489 0.6028412292 0.9361374551 0.6206425285 0.8987018536 0.9552403078 0.9163872947 0.7846840840 0.7607004193 0.7493303134 0.5686988977 0.7306230395 0.8610053500 0.9282153814 0.6599963574 0.9160838241 0.8095925290 0.9648824112 0.7292786627 0.8823089687 0.8756556236 0.5068530843 0.8371324423 0.7776335631
 0.1932793125 0.2567364926 0.0062484430 0.6375428537 0.0134485476 0.0907637158 0.0769151269 0.0843602237 0.1472216894 0.1212849703 0.0013920174 0.4852637776 0.0074735309 0.1488869119 0.1614756596 0.1773888077 0.0815249174 0.6766788672 0.4367535615 0.2874579125 0.0206059417 0.3405806769 0.2978274332 0.4099894094 0.2336039951 0.2572190960 0.1501819148 0.6697913933 0.0866940102 0.2367235763 0.2139326461 0.5000000000 0.5501043394 0.4471684235 0.8392618364 0.8722590521 0.9165603904 0.9941059536 0.8933655916 0.7204685236 0.8921697055 0.6901368050 0.9369714802 0.8193718714 0.6796146928 0.8817445796 0.5660875908 0.9171504333 0.6177095694 0.8249475252 0.8549245797 0.7351552684 0.8947521062 0.9495162576 0.9009218837 0.7529193111 0.7740654465 0.7624505821 0.6811921242 0.8761591145 0.6437967898 0.4171447183 0.6929333724 0.3749708225 0.9125742781 0.7019295241 0.8989031703 0.9649556852 0.8040277035 0.7950725224 0.8789483790 0.7296914616 0.9953094310 0.8410202673 0.9483731513 0.9938036737 0.8967049757 0.7456307875 0.7679073464 0.6251667108 0.8351989764 0.9892759491 0.7042191866 0.8808184620 0.5901798979 0.8187104488 0.6660776628 0.3427599035 0.8599105806 0.7160739896 0.7256003915 0.9016662409 0.9854553738 0.6046565958 0.7104041863 0.9023604156 0.7896681104 0.5427901089 0.6379514576 0.8128031744
 0.0362890066 0.0203851659 0.6669111569 0.1921404237 0.2389329795 0.0728414404 0.0076231621 0.4277984487 0.2123325373 0.0105444313 0.1037409749 0.0219615120 0.2510938523 0.0297638117 0.0942475616 0.4659055086 0.2065848592 0.0272675379 0.0973067727 0.2383642578 0.0770407268 0.2130910401 0.2212700078 0.2253401647 0.1989714859 0.1422097034 0.3514997576 0.0487658139 0.0424828412 0.2403121910 0.7360106048 0.4498956606 0.5000000000 0.7589070260 0.9672428418 0.9884886448 0.6077025770 0.9365195354 0.2416068630 0.7796561231 0.4868845510 0.9157411889 0.6198724511 0.7872446431 0.9256196691 0.6580797998 0.8445984287 0.8612140504 0.1702324639 0.5634682105 0.7117312012 0.8051492534 0.9194040724 0.7622874779 0.8963137356 0.9396822790 0.9132157666 0.7203546975 0.7442370732 0.8535144539 0.4544991831 0.8761244162 0.5149970931 0.6980433662 0.9744935270 0.3892359550 0.9752995938 0.8676733936 0.6860422179 0.9311046983 0.9067358461 0.7895652420 0.5890933022 0.7445706012 0.9687420873 0.4400049981 0.9233577733 0.9442342527 0.6738637540 0.7049334946 0.9807144356 0.7912754029 0.6282317400 0.9796353737 0.7327239094 0.3823010087 0.7748101052 0.8477802943 0.8926971507 0.8209016409 0.6120406920 0.7382095223 0.5358730219 0.4070547546 0.9877956221 0.9666827621 0.9781070122 0.9780836228 0.6225570594 0.2638499764
 0.5013520305 0.2239901680 0.5300250208 0.0720016912 0.1070694339 0.2987995877 0.2475844966 0.3798322051 0.3434039051 0.1129049561 0.4746745299 0.2908833697 0.2161742339 0.3063633825 0.0035709564 0.4848863104 0.3251140735 0.2160337832 0.1033542491 0.0225082507 0.2170202266 0.1546263552 0.2229729413 0.2389084170 0.4875491438 0.4357227061 0.4829271816 0.0073713799 0.0588479991 0.0997904009 0.2706097077 0.5528315765 0.2410929740 0.5000000000 0.8475599264 0.8430034106 0.9460742835 0.3192949301 0.8542729361 0.4438776599 0.9735617271 0.9661798120 0.7857648205 0.3389374713 0.9105292710 0.9489154398 0.6795225475 0.9778503547 0.7345607053 0.9868199148 0.6728995399 0.7277584832 0.9626300952 0.7375025009 0.9693369755 0.9234470605 0.7809061447 0.7073119241 0.8941593103 0.7974714534 0.9224826972 0.5979142397 0.7576462962 0.5755032122 0.4727318384 0.9627089676 0.6443967519 0.7725908079 0.4858002504 0.9896542044 0.7854058607 0.8613204221 0.6743300612 0.8704424795 0.9048943860 0.9097144426 0.9589673346 0.9951829185 0.9545335957 0.9710281920 0.8332239918 0.9591719961 0.9854106999 0.7969520961 0.9786499948 0.8366106027 0.7406183284 0.8794528776 0.9268433672 0.7974711971 0.9812212404 0.2351009410 0.4994127941 0.8746633505 0.2565016942 0.8049061136 0.4252054132 0.4590002397 0.8262445947 0.2928128657
 0.3064099235 0.3971222498 0.1146683554 0.0142091086 0.3952161931 0.4089104491 0.4333466803 0.2164729654 0.0253093003 0.4190096200 0.2048502207 0.0278663843 0.1976289300 0.3098921590 0.2117076024 0.0345884272 0.0434988106 0.3987928485 0.1598417459 0.0529957844 0.2819021099 0.1551553946 0.2072148082 0.7097954197 0.2647767966 0.3299802758 0.3239152104 0.6061635720 0.2345887939 0.2733862869 0.7381812888 0.1607381636 0.0327571582 0.1524400736 0.5000000000 0.8857719491 0.9432869913 0.9313894522 0.4253405661 0.6596280818 0.9797870793 0.8599551991 0.6099875398 0.8639575858 0.6835977521 0.7958111613 0.8678869248 0.3889515648 0.5758865658 0.8769574595 0.6378744954 0.8501855707 0.7229702919 0.9910975640 0.9060540626 0.2081475076 0.9829483664 0.7885020505 0.8368650249 0.6744533410 0.7878290521 0.3738050716 0.8871028604 0.9024883159 0.5931900375 0.8289157780 0.2514127178 0.9538831299 0.6180182208 0.9507498544 0.9176861342 0.8308450895 0.7650398823 0.7550407123 0.9219924892 0.9981068257 0.5983541230 0.7982872373 0.9786365664 0.9903093146 0.8075568622 0.5842173991 0.5814358594 0.7903801972 0.8854328084 0.6469460287 0.4717921869 0.9078094894 0.5942631453 0.9989051248 0.9987358477 0.4914010651 0.4580825774 0.9694969497 0.9589342101 0.8897634291 0.9486232245 0.6751440796 0.7314519753 0.4697693927
 0.3680542352 0.5394979654 0.0931443929 0.2316401529 0.0544368091 0.6388069404 0.1738137349 0.6051295660 0.3262789536 0.5777784024 0.3593900830 0.3538659320 0.1253059021 0.0487957168 0.0936499104 0.1481401180 0.2782392746 0.2862397420 0.0519463531 0.3397774843 0.1035113403 0.0314274682 0.6936807691 0.2013810074 0.2500096967 0.7587529420 0.6080571018 0.0063841036 0.0676570282 0.1295642730 0.1398855813 0.1277409479 0.0115113552 0.1569965894 0.1142280509 0.5000000000 0.9261873717 0.7681622694 0.9211140927 0.3368303284 0.7860850423 0.9518979316 0.9267986059 0.9526335761 0.8146990430 0.3835038059 0.6708311597 0.4451187875 0.7530159469 0.5584785916 0.6072857713 0.9671859761 0.7300451845 0.2573760099 0.7761702377 0.4770729291 0.9285358175 0.3083392482 0.9088877442 0.5708780363 0.8804768009 0.5730444129 0.2354584734 0.9970767500 0.8576629606 0.9476744775 0.4461336968 0.9862105159 0.9616069875 0.8206724178 0.9897352996 0.8101566044 0.8490767398 0.9291571973 0.6913222726 0.7481794910 0.7569685407 0.4938696668 0.9559490724 0.4653748791 0.8163734698 0.8840431771 0.5289523532 0.9568864652 0.8743356323 0.9285347153 0.9769357822 0.5438065186 0.8658973606 0.7455876538 0.9079770245 0.7485607159 0.6699604212 0.8529172214 0.7440308571 0.9300535832 0.9237015422 0.9173931413 0.5874679544 0.6545828737
 0.1048749857 0.1400650739 0.1692440560 0.4366671242 0.0407315182 0.3605786558 0.0286927212 0.5580863010 0.3938205408 0.0846452230 0.1125660084 0.0674431325 0.4593146457 0.2929363909 0.5124805754 0.0233400070 0.3068428047 0.1150843447 0.5659393485 0.6106630762 0.1740095195 0.3949194702 0.1277559844 0.0349219827 0.3491491059 0.0416223224 0.0688066356 0.1174046212 0.0607293655 0.3486858006 0.4332270571 0.0834396096 0.3922974230 0.0539257165 0.0567130087 0.0738126283 0.5000000000 0.7882787847 0.3651852339 0.9399315758 0.9478438490 0.7066400876 0.7771394084 0.7046817488 0.6397058446 0.7688494224 0.7847053081 0.9097797945 0.9097618065 0.5457625335 0.3718561589 0.9834940035 0.9655891935 0.7940482772 0.9762934881 0.9804879413 0.9710323915 0.7378596359 0.8067101773 0.8257982840 0.5621188158 0.7137407847 0.7708017207 0.9152893121 0.6453152570 0.6968260862 0.9300567476 0.7260035319 0.9933126941 0.7669924963 0.4239474439 0.9654124166 0.8907889210 0.7769876640 0.4032087278 0.8551313809 0.9843056127 0.8785515121 0.7137298636 0.9599259578 0.3632133313 0.8804768384 0.8763958418 0.9881065259 0.5486503852 0.5239392410 0.4254535788 0.6290196091 0.6761862704 0.9539183139 0.2929468544 0.9891610841 0.8896347579 0.8186364621 0.3817470846 0.6209151671 0.3584042027 0.7219688384 0.7958388476 0.6164405871
 0.0324691315 0.2487801316 0.0882908023 0.3332834984 0.0108653862 0.1543867288 0.3120275771 0.6616277735 0.3241050685 0.4839284079 0.4647968519 0.5132115695 0.2162538599 0.0023867428 0.5486539000 0.0064625853 0.0232895608 0.2098206510 0.1766391143 0.0178930904 0.1283535222 0.3146261632 0.0227804564 0.3917054346 0.0520016406 0.4445347546 0.1679230178 0.4113845050 0.3623138925 0.2741351009 0.5127308672 0.0058940464 0.0634804646 0.6807050699 0.0686105478 0.2318377306 0.2117212153 0.5000000000 0.9570907389 0.7718878093 0.8794334712 0.7449892851 0.9453950552 0.6418610834 0.9792048633 0.8709249353 0.8844697210 0.8968141647 0.7619160338 0.5726426073 0.8229992694 0.9450088640 0.9405593974 0.9326882324 0.7924868309 0.9857914380 0.3722989025 0.7651204112 0.9804390652 0.8735170386 0.5961804862 0.8818515701 0.1335794052 0.9565705451 0.8713711610 0.6356170638 0.6557324066 0.6331362339 0.8231337403 0.7510087844 0.9306428310 0.9997333062 0.8631208655 0.9779559005 0.2621702690 0.9786506531 0.8059210969 0.9492516113 0.8750547242 0.7810477787 0.4307055978 0.9928523422 0.4880218880 0.5250302200 0.7212558777 0.9913941836 0.7949955596 0.6054096907 0.8723221500 0.8106876709 0.5044907500 0.8908112388 0.8010469406 0.9904726357 0.9795639606 0.4637896454 0.8767978383 0.6497177603 0.7060323700 0.2672140373
 0.3790269200 0.3979733836 0.0944173429 0.1610846239 0.1962985006 0.0835556322 0.3712049636 0.1743706642 0.3137796134 0.6352487780 0.3758151214 0.0682856009 0.2929305898 0.4563798905 0.4813632009 0.1466498268 0.2542726498 0.6471523161 0.0700512646 0.1495597565 0.4956973493 0.0667553853 0.0920157727 0.3078361213 0.0104189041 0.6302494759 0.2040912372 0.5014827907 0.5711813425 0.7010093551 0.1297183204 0.1066344084 0.7583931370 0.1457270639 0.5746594339 0.0788859073 0.6348147661 0.0429092611 0.5000000000 0.6365606861 0.9980838459 0.7459757933 0.5082122274 0.8993050083 0.4269912191 0.3461275859 0.8698160087 0.7243490836 0.5189579144 0.5210712286 0.7161461035 0.3398418694 0.6971429252 0.7719311838 0.9960351873 0.9348709494 0.7710590611 0.6923096039 0.6591014679 0.7371724726 0.6991054487 0.8824834495 0.4471959741 0.8781252301 0.8405824745 0.6443234901 0.5428384856 0.9221256931 0.8397118843 0.7085899929 0.3116310214 0.8398197373 0.5330492481 0.8431446785 0.7932715699 0.9381646071 0.5274924012 0.8121135104 0.6403399034 0.7302767132 0.8008240818 0.9441424849 0.8414427764 0.9746236431 0.7908935796 0.4125949662 0.5135724375 0.5686992788 0.4634744065 0.5072049822 0.9344682435 0.9927906428 0.7822313382 0.6439906983 0.9250531515 0.5045070421 0.8579986894 0.6941112329 0.7789230977 0.3092393546
 0.1193273799 0.0260421974 0.0724798420 0.0050392058 0.6118442224 0.0669668652 0.3538979920 0.2740008198 0.0926538362 0.1624240897 0.1296522651 0.0651552036 0.0211941855 0.0160183329 0.8172287356 0.0040010153 0.1729595207 0.0908754387 0.5442466588 0.4285217950 0.2616317865 0.3357404999 0.4756856207 0.0748241105 0.2590062393 0.6083575470 0.3767261239 0.1610662434 0.4730589900 0.0154375316 0.5180258447 0.2795314764 0.2203438769 0.5561223401 0.3403719182 0.6631696716 0.0600684242 0.2281121907 0.3634393139 0.5000000000 0.9734764775 0.8629339338 0.6128033662 0.7340278546 0.3173961460 0.2205927642 0.7923562899 0.6795834005 0.7335852165 0.3938110169 0.6040755023 0.9079059743 0.9776784081 0.9651127847 0.9806211939 0.8590309246 0.5628435063 0.6368902966 0.9775571211 0.3390076813 0.9720150622 0.8244139540 0.9506597412 0.3715511528 0.5008009427 0.9857422840 0.6768663152 0.5343843564 0.9764947116 0.7316565106 0.6454836277 0.8348409805 0.8010926676 0.9763807705 0.9562309156 0.8530541418 0.4188062925 0.5309272808 0.5976738765 0.9820967185 0.8343773219 0.8065747081 0.8272640523 0.8666305609 0.9020261441 0.8392601604 0.7307069991 0.3679203082 0.8401507719 0.5972253494 0.5005531245 0.4168125354 0.8112319657 0.9081100069 0.9126695023 0.2365887990 0.9883931793 0.9305373848 0.7789954207 0.9798642505
 0.0156113218 0.3581254500 0.4449785683 0.4100672347 0.1268208751 0.1341329197 0.0642913590 0.3090457261 0.0080149704 0.7858040622 0.0948469460 0.7121804656 0.4948641615 0.0778623263 0.2564726661 0.5303326278 0.2211652189 0.0181188516 0.3727364738 0.2067774604 0.7861662339 0.1295102772 0.3888988127 0.3594184932 0.0514318953 0.0346564509 0.1226630378 0.2260583957 0.7514538094 0.2339297138 0.3616542294 0.1078302945 0.5131154490 0.0264382729 0.0202129207 0.2139149577 0.0521561510 0.1205665288 0.0019161541 0.0265235225 0.5000000000 0.9391352235 0.5012617331 0.7733608175 0.5603060962 0.4908389188 0.7127770308 0.8375933540 0.3094689335 0.7577045363 0.5575418017 0.9264665180 0.4793404286 0.9848299708 0.5785396917 0.5983777113 0.9213563165 0.7492208092 0.9568088823 0.5618770315 0.6529641975 0.4262945915 0.9714507624 0.5707617294 0.5433961588 0.8670879184 0.6345505402 0.8387351210 0.1867520047 0.7787898336 0.4840677968 0.9038066559 0.4328958867 0.8901890174 0.2919298158 0.7048643606 0.6901267033 0.8708912829 0.8550965973 0.5969149139 0.5661358351 0.9730922422 0.8989069018 0.7611527856 0.8668933323 0.8714694054 0.7791480223 0.6505648529 0.9930549018 0.6016446207 0.4761511861 0.7474107849 0.7574479203 0.8284991996 0.8664544137 0.6314482261 0.5629819426 0.6358975740 0.9074459569 0.6782880577
 0.1165808886 0.3116418444 0.3447865130 0.6649720567 0.1688999021 0.0292496705 0.1315920466 0.3254199552 0.0629748486 0.2111872175 0.0862871015 0.0136269893 0.2339361026 0.1347458316 0.0715701101 0.8340373886 0.6885860360 0.4559557174 0.3096344970 0.2095300902 0.4332172993 0.1923850880 0.4638525399 0.0770641875 0.2346858139 0.6176279538 0.1655244662 0.2273404613 0.2552797629 0.1827225631 0.1449409124 0.3098631950 0.0842588111 0.0338201880 0.1400448009 0.0481020684 0.2933599124 0.2550107149 0.2540242067 0.1370660662 0.0608647765 0.5000000000 0.7859245260 0.8767569482 0.9382005209 0.9969576070 0.9669333323 0.2789723408 0.2454547275 0.5410080697 0.9703107696 0.8071800276 0.9313382174 0.4918148605 0.7037174947 0.9524366329 0.9137647882 0.8696840057 0.7648187102 0.2356975053 0.8462619552 0.7561213174 0.8188058382 0.9647539682 0.4967636534 0.4661959666 0.9598313092 0.5753311124 0.3644911425 0.9329294585 0.7557196704 0.5543927404 0.6828093091 0.8058895589 0.6815272662 0.6445941943 0.6513195177 0.4531567864 0.6174378607 0.4033674833 0.1517481354 0.7518142042 0.9298817848 0.7890886476 0.6366411223 0.5836673928 0.1161989372 0.7750216081 0.8806818988 0.8557467994 0.9475452534 0.8776992342 0.8221654504 0.9974883261 0.8456580338 0.7868105723 0.6232259488 0.8355346226 0.9122558914 0.2339214691
 0.4856415543 0.3040904376 0.0345838641 0.0719925720 0.1220130703 0.0854208936 0.2055549753 0.4796528624 0.0053130567 0.3469195655 0.2790185343 0.0425965638 0.5851545148 0.2037772442 0.0950763665 0.0768820989 0.0837046318 0.6385402330 0.1312314545 0.1751014205 0.4200627298 0.0173937845 0.4082514682 0.3232754110 0.0556146698 0.0048985234 0.1499812503 0.2570647109 0.1723670005 0.4454623659 0.2628982201 0.0630285198 0.3801275489 0.2142351795 0.3900124602 0.0732013941 0.2228605916 0.0546049448 0.4917877726 0.3871966338 0.4987382669 0.2140754740 0.5000000000 0.7731561653 0.3477952221 0.6310972838 0.8128923618 0.6077756080 0.9910308491 0.8063115146 0.8261526930 0.9268735003 0.8545115747 0.9293492276 0.3148964436 0.4602423528 0.7059415923 0.8972749283 0.9681266735 0.9413420074 0.9161672068 0.9629928912 0.8623342954 0.8989780087 0.9449187853 0.9659857247 0.3436679968 0.8128163577 0.8209434937 0.7416800695 0.8857180278 0.4392979515 0.9680839996 0.9239019731 0.9552897005 0.6236627564 0.4825086448 0.9797065349 0.9655486309 0.9177346933 0.2529315673 0.7516341300 0.9179521365 0.7705529828 0.8730931011 0.7638215847 0.9165556191 0.6548172120 0.8512175222 0.8760706144 0.9717389705 0.9433862744 0.9593580668 0.9168125540 0.6603525521 0.8226477380 0.9053267822 0.8204057830 0.8060385383 0.3281410684
 0.7486668674 0.4469362672 0.3200764549 0.6086149184 0.0449735196 0.4203330788 0.0108942447 0.5408584157 0.2505315139 0.2487455995 0.2584903751 0.3594965225 0.4566417109 0.0997194672 0.4474916320 0.1139273580 0.3765999038 0.0477510845 0.2343205682 0.0924039576 0.3351465614 0.0262328953 0.2987030883 0.1265382890 0.3045995432 0.1075803663 0.3933227075 0.4739973059 0.2500680620 0.4870458662 0.1160045520 0.1806281286 0.2127553569 0.6610625287 0.1360424142 0.0473664239 0.2953182512 0.3581389166 0.1006949917 0.2659721454 0.2266391825 0.1232430518 0.2268438347 0.5000000000 0.9085144384 0.6022715252 0.8249373417 0.7201014253 0.8122881011 0.6079219230 0.9005368414 0.8524169460 0.9047630970 0.8397440270 0.5615397226 0.8807556274 0.4430124110 0.9131666625 0.2864774147 0.8396024443 0.8151879476 0.7115850313 0.7206175829 0.6083066694 0.5142588049 0.6723424930 0.8404255752 0.9742401032 0.7855952522 0.6696655416 0.4625119267 0.4319771754 0.6090681018 0.5278640117 0.6831201406 0.9762692924 0.9356258240 0.6212758243 0.6011039803 0.6978614307 0.9508876812 0.9366577182 0.7449673728 0.7270721419 0.8867080056 0.6280795717 0.9762150281 0.9829991952 0.6422421707 0.8819805158 0.9579466912 0.8538828957 0.4761534052 0.9129194549 0.9748296896 0.9471087419 0.9855218498 0.4846619598 0.6136530947 0.6257546204
 0.3621045943 0.0422603119 0.2490256075 0.1862780545 0.3227489890 0.4273872807 0.3093085774 0.0754427944 0.5087456753 0.2131642924 0.3758546936 0.1235746061 0.3706739923 0.2123959696 0.0678845715 0.0339480665 0.1872205787 0.0579298590 0.1465535748 0.1928103599 0.0172301430 0.1330746105 0.0264020683 0.0133862290 0.1696352970 0.0187019706 0.1867357052 0.1061617070 0.3023633406 0.4776895599 0.2118934996 0.3203853072 0.0743803309 0.0894707290 0.3164022479 0.1853009570 0.3602941554 0.0207951367 0.5730087809 0.6826038540 0.4396939038 0.0617994791 0.6522047779 0.0914855616 0.5000000000 0.9240086906 0.6484420212 0.5140546987 0.9750334698 0.5463811135 0.3692912175 0.5694503746 0.5594675852 0.1139223048 0.8225347912 0.2912532163 0.9898297038 0.4107637697 0.8516195522 0.4129082537 0.9670490792 0.4801131254 0.6219878123 0.7613920699 0.2564821180 0.5910668149 0.4586590009 0.7689783828 0.9922087203 0.6269418659 0.9256231884 0.6349362900 0.5470986120 0.9719351961 0.2771904974 0.9045091617 0.5983830827 0.5571474683 0.9902670149 0.8173705772 0.7650025012 0.7272198593 0.9739360518 0.8434356193 0.5561238328 0.1597390867 0.7202477514 0.8384290069 0.8210642174 0.9457910407 0.6983996635 0.9942107185 0.7884907170 0.9874291530 0.9692969071 0.9986863790 0.8789277000 0.6406104139 0.9105761174 0.8334408239
 0.0086396106 0.3483591113 0.1111749560 0.1835835019 0.1491860214 0.1007835708 0.0585503437 0.0333905858 0.2179415169 0.0598767422 0.4794596127 0.1239357287 0.5212110358 0.3681768937 0.3268872166 0.0822873059 0.1080889638 0.0495665019 0.5237828443 0.0801626770 0.0012041006 0.3842415386 0.0659758302 0.3369179114 0.3541699317 0.5609294785 0.0221223258 0.1432273272 0.0583485025 0.0380180129 0.6233300356 0.1182554204 0.3419202002 0.0510845602 0.2041888387 0.6164961941 0.2311505776 0.1290750647 0.6538724141 0.7794072358 0.5091610812 0.0030423930 0.3689027162 0.3977284748 0.0759913094 0.5000000000 0.6695633976 0.8149925826 0.7380293779 0.7862010325 0.8227046486 0.9898332752 0.9798883679 0.8536584261 0.7116137493 0.7270761154 0.7795991024 0.7228777712 0.3534444026 0.6287984697 0.8382696963 0.7468230364 0.4408643858 0.7014820627 0.4055238549 0.4941074292 0.9288235752 0.3862528386 0.8228302024 0.7558406507 0.9161895295 0.9535094212 0.9818904307 0.7923794579 0.7245000336 0.4555168781 0.9686384209 0.8429914867 0.9167111659 0.7532753795 0.9768645897 0.5444055385 0.3693106435 0.8946879822 0.8341116836 0.7668984435 0.6913304926 0.7580579508 0.8197332308 0.7911276405 0.3772162478 0.9985227172 0.3378395816 0.9220413377 0.7692660260 0.9666563566 0.9867687229 0.9686385140 0.9919216738 0.7354429191
 0.6193368941 0.1914397281 0.0933257776 0.1982590515 0.1210495048 0.2275238465 0.4325307999 0.1163751379 0.1236567547 0.3951654482 0.5100790306 0.5113698618 0.0828622744 0.8646543200 0.0250221349 0.0530832056 0.2070339099 0.0272081113 0.0254835097 0.0260291079 0.0399095369 0.5819544777 0.0708513953 0.4013076816 0.2230306666 0.1857066302 0.2359012932 0.0324217490 0.8293277386 0.2184787813 0.2116849105 0.4339124092 0.1554015713 0.3204774525 0.1321130752 0.3291688403 0.2152946919 0.1155302790 0.1301839913 0.2076437101 0.2872229692 0.0330666677 0.1871076382 0.1750626583 0.3515579788 0.3304366024 0.5000000000 0.9160165990 0.5645661358 0.7084276460 0.6595058614 0.7624940606 0.9334757442 0.8780708884 0.3283124822 0.7203051603 0.9338638870 0.9617277618 0.4915974999 0.9703449666 0.4552029002 0.9974590658 0.4043434019 0.8810822457 0.9691959926 0.9312158299 0.8837980349 0.8126479857 0.7796449861 0.3154920253 0.8885939504 0.8463849334 0.6482452040 0.7203155822 0.9099006429 0.8092103877 0.9804809510 0.9901864360 0.7611402335 0.8837797218 0.5021771861 0.7011967328 0.9478509771 0.3906011319 0.6826277655 0.9362235926 0.6153672651 0.3739448234 0.5754370089 0.8357511341 0.7932620473 0.6998523885 0.9968346993 0.5607221129 0.8661487046 0.4415647525 0.8587141707 0.9492191609 0.4796779533 0.7631382063
 0.4689072845 0.3922905882 0.4184172833 0.6500723687 0.1525448346 0.4589657598 0.4312187714 0.0350701946 0.4692257517 0.6664569032 0.6824586761 0.1359680726 0.5373683996 0.4576453888 0.2419933720 0.3506194673 0.1278586212 0.2037942606 0.0803955456 0.2509267252 0.2710113160 0.2516800009 0.0705687517 0.4868733135 0.0214995999 0.1753820872 0.4313921014 0.3158838701 0.6141429735 0.1513477223 0.0629319391 0.0828495667 0.1387859496 0.0221496453 0.6110484352 0.5548812125 0.0902202055 0.1031858353 0.2756509164 0.3204165995 0.1624066460 0.7210276592 0.3922243920 0.2798985747 0.4859453013 0.1850074174 0.0839834010 0.5000000000 0.8662377592 0.6418417028 0.9778490816 0.4173229964 0.7024303468 0.7757731932 0.8340277068 0.9894633055 0.5235047933 0.8036528269 0.3559242835 0.3698446078 0.8499552084 0.6607171659 0.5858970610 0.5832915656 0.3934526585 0.9715896957 0.5181686769 0.7117617598 0.5452097834 0.4472969352 0.6162597225 0.9603303999 0.9960952907 0.9521835463 0.9740152735 0.8175048834 0.9345306057 0.8812349748 0.9109332777 0.7135240296 0.9785721625 0.4909522655 0.9124979016 0.9737372786 0.5803659918 0.9242837559 0.7496662253 0.9201937121 0.3944781517 0.8600490526 0.9258653636 0.9507117130 0.6979622231 0.5111088813 0.8318525311 0.9757332199 0.8707003361 0.7173226663 0.7705794562 0.7596398523
 0.1746189505 0.0496741272 0.1911499221 0.1258912441 0.3420408662 0.8295226234 0.5114727396 0.3206533003 0.0114642633 0.3891223445 0.2245734105 0.0288001031 0.2800621589 0.0098969180 0.2868562904 0.0183133110 0.2188939157 0.1665994820 0.1546731672 0.0574735453 0.2418975968 0.3465335684 0.0159614027 0.4879192174 0.0107781560 0.4302179192 0.0655692127 0.0341771191 0.0353173623 0.1817426656 0.0232244454 0.3822904306 0.8297675361 0.2654392947 0.4241134342 0.2469840531 0.0902381935 0.2380839662 0.4810420856 0.2664147835 0.6905310665 0.7545452725 0.0089691509 0.1877118989 0.0249665302 0.2619706221 0.4354338642 0.1337622408 0.5000000000 0.8594447700 0.7522243071 0.8501510996 0.7770245997 0.1775944642 0.9408396778 0.8590079083 0.9504369545 0.7785918380 0.9386404549 0.5530131320 0.4985074369 0.5659861056 0.7065578449 0.5531345343 0.9004715644 0.8465001602 0.4681576750 0.5566144904 0.9058402306 0.9092813323 0.8723904944 0.9178900752 0.9542416821 0.3897494981 0.5608618416 0.8110683917 0.9279544311 0.3289735122 0.8628311060 0.9876459708 0.8470778738 0.3409419502 0.5552816319 0.6554389183 0.3493255060 0.9565406169 0.3272625869 0.9012857807 0.6781887973 0.6745630631 0.8172858577 0.9982319399 0.8273836172 0.7887582403 0.5636077019 0.9216922591 0.5688184447 0.7734738699 0.5337427024 0.8641145441
 0.6760635399 0.3961878056 0.0760378510 0.4346778071 0.1162480602 0.1461512423 0.0278085460 0.1510762420 0.1451661828 0.5940606845 0.1655623839 0.4838423385 0.4979971991 0.0081672586 0.0936849111 0.3470306389 0.1481836890 0.2200257741 0.1564177384 0.6175601819 0.0891912168 0.0354464318 0.1040105405 0.0103274600 0.7932859000 0.0717602202 0.2318174786 0.0420957773 0.3183592081 0.1684513549 0.5159771323 0.1750524748 0.4365317895 0.0131800852 0.1230425405 0.4415214084 0.4542374665 0.4273573927 0.4789287714 0.6061889831 0.2422954637 0.4589919303 0.1936884854 0.3920780770 0.4536188865 0.2137989675 0.2915723540 0.3581582972 0.1405552300 0.5000000000 0.8817053959 0.9138174468 0.9752613326 0.8587732353 0.9004804504 0.7309765546 0.5861075843 0.5656182563 0.7817307228 0.9118939868 0.1680086331 0.7591958967 0.9956786817 0.9200959865 0.8241140430 0.9617259657 0.8771876565 0.8783314997 0.8066167445 0.6709649471 0.6907645293 0.8779846663 0.8084041974 0.9581248245 0.8888827932 0.4188035793 0.3902046060 0.4669337759 0.2516591728 0.9117923344 0.7886514563 0.9134990694 0.8602656580 0.9487571086 0.6619788851 0.6348206341 0.8582270819 0.9383786593 0.8396452380 0.2772009474 0.4442821484 0.8240824002 0.4506015964 0.8703598910 0.8144737022 0.9147265857 0.9016029685 0.9943348345 0.9818983166 0.6759839874
 0.1863182378 0.3303842242 0.4038742261 0.3358076359 0.1483903775 0.2831008866 0.2111926615 0.1397517486 0.0439782531 0.8358454341 0.1563813473 0.2242657726 0.6106738112 0.0868465138 0.7163776459 0.1588150718 0.2947273972 0.1494955149 0.2035225680 0.3712942883 0.5522618095 0.4961480748 0.4976415959 0.0439825846 0.3296471216 0.0542010443 0.2460856423 0.6849157342 0.0680803092 0.8400439747 0.1089940170 0.1450754203 0.2882687988 0.3271004601 0.3621255046 0.3927142287 0.6281438411 0.1770007306 0.2838538965 0.3959244977 0.4424581983 0.0296892304 0.1738473070 0.0994631586 0.6307087825 0.1772953514 0.3404941386 0.0221509184 0.2477756929 0.1182946041 0.5000000000 0.8934451553 0.7052452503 0.7236470149 0.3041394830 0.7824298476 0.8020279473 0.6493607956 0.4954124122 0.5899393677 0.9621713795 0.2092212658 0.6444988859 0.6623821726 0.8173945295 0.9388984701 0.5742784525 0.8947266724 0.9155057729 0.7768596059 0.8377676858 0.9254251100 0.8536750109 0.8350649085 0.7509879827 0.9353082655 0.4485442984 0.9333462619 0.9614022064 0.8305272391 0.5942124248 0.6332454620 0.7310400230 0.7268183662 0.7763138366 0.6740894836 0.8193028350 0.9380198436 0.5693754757 0.9759590577 0.6424298517 0.6445946516 0.2975166189 0.9190037692 0.8880839088 0.6524210877 0.7404305228 0.7740690341 0.6281884195 0.5414930892
 0.0548512847 0.3332944225 0.1982989431 0.7037482079 0.2723881707 0.0416319353 0.2298642664 0.1470111851 0.1713557232 0.4523514897 0.0752982712 0.2446927682 0.1260239001 0.2512545318 0.2987138918 0.3877690982 0.0589665005 0.4774296824 0.1858366074 0.2935858684 0.4780819186 0.0756294974 0.0353934289 0.0153447130 0.3191792905 0.1625461265 0.2782991414 0.1879832551 0.1320547730 0.6841884347 0.4550211406 0.2648447316 0.1948507466 0.2722415168 0.1498144293 0.0328140239 0.0165059965 0.0549911360 0.6601581306 0.0920940257 0.0735334820 0.1928199724 0.0731264997 0.1475830540 0.4305496254 0.0101667248 0.2375059394 0.5826770036 0.1498489004 0.0861825532 0.1065548447 0.5000000000 0.6669426047 0.7855528336 0.9706645382 0.9388477577 0.4708230553 0.9992038877 0.3617741366 0.3780889709 0.8337762098 0.8470928752 0.7961979092 0.7855609561 0.7368055254 0.8940346050 0.7232846696 0.3458017542 0.8535670791 0.5863812634 0.4705722637 0.6334462697 0.9696102951 0.5440325481 0.6994935427 0.8737603998 0.9194225835 0.6357194156 0.9213105860 0.4530721315 0.5721473179 0.9031933675 0.9510189417 0.6747955530 0.2419415629 0.8002965726 0.7972986790 0.9489162826 0.2759944826 0.4191110554 0.8780754035 0.2563059394 0.7414981228 0.7751595938 0.4238731583 0.7961530320 0.4236813638 0.5329617277 0.9092482995 0.6970566888
 0.0979356896 0.2699692385 0.1356166936 0.0567288661 0.0064541694 0.1245018462 0.3078123731 0.1526476057 0.3688275606 0.1602841472 0.1498984551 0.0770444097 0.0076158198 0.3016754231 0.2053621002 0.2218065442 0.3129973265 0.2380139601 0.0754034361 0.4837721181 0.5345225409 0.1360252967 0.5548576574 0.5652801375 0.6134789641 0.2311480952 0.5567387305 0.1865976221 0.0047941728 0.5791400369 0.0007458921 0.1052478938 0.0805959276 0.0373699048 0.2770297081 0.2699548155 0.0344108065 0.0594406026 0.3028570748 0.0223215919 0.5206595714 0.0686617826 0.1454884253 0.0952369030 0.4405324148 0.0201116321 0.0665242558 0.2975696532 0.2229754003 0.0247386674 0.2947547497 0.3330573953 0.5000000000 0.6523411332 0.8721561797 0.8126967378 0.8040405499 0.8861395460 0.8199415644 0.8979509299 0.9802567751 0.7164513631 0.5001172708 0.8142884513 0.9149607987 0.5227181548 0.4654424749 0.8816585502 0.9394485466 0.9401485968 0.9464382097 0.6910102723 0.9951869703 0.8154964536 0.9094452838 0.9816466128 0.8457471332 0.9519231577 0.6265661157 0.9602878488 0.8718842235 0.7384985905 0.8640278045 0.8332414138 0.9039396274 0.9827847034 0.9620724726 0.3859195595 0.4750040639 0.1442203842 0.7809010701 0.6280890677 0.9382177467 0.3918509397 0.6959985896 0.9932810032 0.7841748623 0.9603545796 0.9980254905 0.3847730156
 0.1683633673 0.0421987640 0.3192245111 0.0197684846 0.0831596354 0.4196176738 0.0066756779 0.2123473027 0.0652233948 0.0341228091 0.3281008658 0.2270128389 0.0437252890 0.5264267520 0.2877643479 0.4126089027 0.4595925872 0.0286200868 0.0119683807 0.3141327295 0.5111110619 0.1403691969 0.2742652904 0.0077303548 0.0673751795 0.3185859913 0.0809703993 0.4893619705 0.1365684838 0.3065264064 0.2968462380 0.0504837424 0.2377125221 0.2624974991 0.0089024360 0.7426239901 0.2059517228 0.0673117676 0.2280688162 0.0348872153 0.0151700292 0.5081851395 0.0706507724 0.1602559730 0.8860776952 0.1463415739 0.1219291116 0.2242268068 0.8224055358 0.1412267647 0.2763529851 0.2144471664 0.3476588668 0.5000000000 0.7935218833 0.9842075607 0.5878510088 0.8483074147 0.8275987374 0.8009284375 0.6406542060 0.4933390735 0.2899000849 0.8045726512 0.8054095963 0.9732160565 0.6320594000 0.6698081509 0.5080650585 0.8256737249 0.7856372658 0.5139511375 0.9238006268 0.8258077262 0.9127510806 0.0991115151 0.7696404531 0.7542566021 0.5401728291 0.8169368369 0.8272409692 0.8862895066 0.7483149004 0.9771826816 0.4903275809 0.6273428097 0.9450037853 0.6734841346 0.3702233536 0.7872085028 0.9704556762 0.8521565477 0.9686693081 0.8377454006 0.9777761784 0.4528345429 0.9703900913 0.6499118042 0.9878868499 0.6452554352
 0.7527638856 0.3176802650 0.0157456021 0.5385277583 0.6403524377 0.1784964299 0.1539465646 0.3437644622 0.0555528793 0.1165788489 0.0384280595 0.1648673374 0.1539291011 0.1141184206 0.0143210438 0.4017156751 0.3110661929 0.3919072063 0.1183919756 0.4322635820 0.0006611661 0.0787121726 0.2158346971 0.1954475651 0.0164377076 0.2681665074 0.0433959736 0.5163616544 0.2239599324 0.1056318653 0.1825709173 0.0990781163 0.1036862644 0.0306630245 0.0939459374 0.2238297623 0.0237065119 0.2075131691 0.0039648127 0.0193788061 0.4214603083 0.2962825053 0.6851035564 0.4384602774 0.1774652088 0.2883862507 0.6716875178 0.1659722932 0.0591603222 0.0995195496 0.6958605170 0.0293354618 0.1278438203 0.2064781167 0.5000000000 0.8860626197 0.2989017124 0.7723763288 0.5966922383 0.9323103928 0.7627595046 0.9501035310 0.4766959948 0.4833563842 0.6667750818 0.8902334509 0.9991366236 0.1004354293 0.3930873289 0.5568263691 0.7485145851 0.9755181896 0.3199256194 0.7106655750 0.8920293746 0.9590673105 0.6910993149 0.8973942269 0.5428045738 0.7305619051 0.8839865115 0.9020044485 0.8393613378 0.7027697674 0.8455742689 0.6335030504 0.9812424867 0.7477410190 0.9234130347 0.9248594181 0.7361909568 0.9328133467 0.7451402049 0.9668127365 0.7437466305 0.9548187683 0.7516905491 0.6861305484 0.2920035381 0.7334690341
 0.0614253549 0.1839575099 0.5353971292 0.0246897831 0.3458831423 0.1450038989 0.2811668553 0.2505649590 0.0112984150 0.0245698347 0.1756068182 0.3351409542 0.1418045481 0.5418251894 0.0899267694 0.1037842644 0.0990819504 0.0064812680 0.3020370306 0.7829792829 0.1726230580 0.2510991118 0.0573939480 0.3175687946 0.2610823951 0.4137489283 0.0525800049 0.3642676901 0.0449055080 0.0807191151 0.3808100625 0.2470806889 0.0603177210 0.0765529395 0.7918524924 0.5229270709 0.0195120587 0.0142085620 0.0651290506 0.1409690754 0.4016222887 0.0475633671 0.5397576472 0.1192443726 0.7087467837 0.2729238846 0.2796948397 0.0105366945 0.1409920917 0.2690234454 0.2175701524 0.0611522423 0.1873032622 0.0157924393 0.1139373803 0.5000000000 0.9490248517 0.9736141956 0.8151320615 0.9353937597 0.9079607469 0.3737303062 0.8871292364 0.6792023379 0.9270425601 0.9588412797 0.7033395177 0.7327309160 0.8754124837 0.9746837026 0.6979151672 0.7918033544 0.8500108414 0.9742476513 0.7360148164 0.4804668253 0.8779583743 0.6646295463 0.8319818897 0.7394756726 0.9123617191 0.5443902557 0.2314606819 0.8519989742 0.5834168197 0.3526739425 0.7889055442 0.3991098073 0.8814125314 0.5470864139 0.7780179041 0.9077800960 0.5446938256 0.6811311911 0.6622368548 0.4879106296 0.6724265846 0.6995357109 0.7257724242 0.3230323622
 0.4076413370 0.0078921255 0.1818021886 0.2670540426 0.4187933087 0.2418036700 0.4846647311 0.0992624337 0.5941179991 0.0765285225 0.0300174804 0.4762631678 0.1219254590 0.5050056221 0.3701045601 0.2508152893 0.1775864284 0.3444421648 0.1913231856 0.2512631654 0.4846184172 0.5535835502 0.0602377537 0.5320863633 0.0343784216 0.5250171983 0.3786062607 0.1099885975 0.0398992175 0.3499899746 0.4085993371 0.2259345535 0.0867842334 0.2190938553 0.0170516336 0.0714641825 0.0289676085 0.6277010975 0.2289409389 0.4371564937 0.0786436835 0.0862352118 0.2940584077 0.5569875890 0.0101702962 0.2204008976 0.0661361130 0.4764952067 0.0495630455 0.4138924157 0.1979720527 0.5291769447 0.1959594501 0.4121489912 0.7010982876 0.0509751483 0.5000000000 0.5665822635 0.5192450614 0.7504697611 0.3782212456 0.7028012448 0.9611354554 0.8789592784 0.4794617230 0.6249113836 0.6777649800 0.9214441404 0.6949170994 0.7421573178 0.6423443490 0.8262057622 0.9357518527 0.6629730423 0.8852555801 0.7785479523 0.7687484079 0.7505133213 0.4261470425 0.9618835480 0.8728528776 0.7900148341 0.9671122960 0.9848725703 0.9141746931 0.8514793767 0.9330122242 0.9664572965 0.9975977815 0.7550194115 0.5088802446 0.7969054119 0.9950158600 0.6959525309 0.9192651722 0.8023437862 0.9321014540 0.7277814674 0.9897934720 0.8805302610
 0.0432763459 0.3386314956 0.1802808857 0.0716317635 0.0567629388 0.0567079991 0.1862168624 0.1346386422 0.0377366291 0.1810323659 0.1606588300 0.3410734226 0.3132586558 0.0968649241 0.1129823401 0.4866470088 0.2578059508 0.0620378601 0.3795020561 0.0840904225 0.5538277044 0.2755822088 0.1939435502 0.1256627390 0.3025757292 0.4677542997 0.0690024416 0.0856567985 0.2129525157 0.1934190630 0.2052899087 0.2375494179 0.2796453025 0.2926880759 0.2114979495 0.6916607518 0.2621403641 0.2348795888 0.3076903961 0.3631097034 0.2507791908 0.1303159943 0.1027250717 0.0868333375 0.5892362303 0.2771222288 0.0382722382 0.1963471731 0.2214081620 0.4343817437 0.3506392044 0.0007961123 0.1138604540 0.1516925853 0.2276236712 0.0263858044 0.4334177365 0.5000000000 0.8315870791 0.8365888226 0.8214566605 0.8476599374 0.9564371182 0.4913353450 0.9246938056 0.5401176330 0.8270925977 0.6879040682 0.9793443329 0.5817713592 0.9498748119 0.9347675143 0.9304429491 0.9822609260 0.7992038891 0.8883120607 0.9248236754 0.8323898691 0.9138174259 0.7078213178 0.9542645009 0.7244411082 0.8503604850 0.8470424754 0.9986451386 0.8952424914 0.7429860677 0.4967297253 0.6379142841 0.2678714533 0.9545173680 0.8740718750 0.9886142913 0.5132507975 0.6664114499 0.3204770495 0.5817659033 0.6720373030 0.6831831637 0.9204858982
 0.2042879214 0.5901280186 0.0350213890 0.3103312564 0.2002670003 0.4944076778 0.4138164531 0.2430048216 0.5072143795 0.0719828508 0.0723362352 0.1896686145 0.4267495743 0.1642278719 0.2148740794 0.0366599887 0.7601234635 0.0903582160 0.3429419083 0.2185974632 0.3970053627 0.0304937952 0.1211499906 0.3602311256 0.0121016702 0.7907896931 0.1217101497 0.6005273265 0.0967242757 0.3172654619 0.2167111440 0.3188078758 0.2557629268 0.1058406897 0.1631349751 0.0911122558 0.1932898227 0.0195609348 0.3408985321 0.0224428789 0.0431911177 0.2351812898 0.0318733265 0.7135225853 0.1483804478 0.6465555974 0.5084025001 0.6440757165 0.0613595451 0.2182692772 0.5045875878 0.6382258634 0.1800584356 0.1724012626 0.4033077617 0.1848679385 0.4807549386 0.1684129209 0.5000000000 0.9826568588 0.8935943085 0.6588577478 0.7957082907 0.9607045016 0.4937648355 0.6516424531 0.9937938927 0.7836244142 0.9113045698 0.6676097699 0.7983618055 0.5809927252 0.8582343266 0.7967909935 0.7839612831 0.8372883132 0.9354764838 0.9289169746 0.6026725364 0.9145669254 0.8824795491 0.9918910323 0.7158802720 0.7698743430 0.9232101722 0.6590708210 0.9368741548 0.9949539172 0.5021972987 0.8853651160 0.7661447697 0.7602536867 0.7982389602 0.6869755655 0.9213059955 0.6225712795 0.9259157357 0.6475925956 0.9503596567 0.9886638468
 0.3770552682 0.2326930782 0.1079020987 0.6729789448 0.3285658820 0.1624446539 0.1057538403 0.2064154824 0.9017746583 0.1719188474 0.1067486431 0.2841647654 0.5029936279 0.2828360609 0.4262393225 0.0654251814 0.2696674781 0.6081221610 0.2682224076 0.0899463222 0.3693575883 0.3424243659 0.4718904225 0.4605602113 0.0591695643 0.0956446870 0.1127741632 0.3114682037 0.0234102680 0.4775736668 0.1299448715 0.1238408855 0.1464855461 0.2025285466 0.3255466590 0.4291219637 0.1742017160 0.1264829614 0.2628275274 0.6609923187 0.4381229685 0.7643024947 0.0586579926 0.1603975557 0.5870917463 0.3712015303 0.0296550334 0.6301553922 0.4469868680 0.0881060132 0.4100606323 0.6219110291 0.1020490701 0.1990715625 0.0676896072 0.0646062403 0.2495302389 0.1634111774 0.0173431412 0.5000000000 0.2348264961 0.8926149354 0.8844795216 0.8907439356 0.7690584806 0.7926158218 0.4481447445 0.9716964796 0.3183204896 0.6994302056 0.4298842665 0.5683909702 0.8853302529 0.9845013942 0.3409555318 0.7030176484 0.9980781005 0.7760267042 0.9163020979 0.5153353244 0.3112779735 0.5567450066 0.9710533854 0.8731314127 0.8891554111 0.8307970467 0.6995726849 0.7600670640 0.8705033962 0.7736693144 0.7404319303 0.9377421103 0.8938144193 0.8794043622 0.7437690983 0.9843611047 0.5792598704 0.6034205409 0.6284947594 0.9207249470
 0.0395671269 0.1314771793 0.1763406315 0.0088545142 0.0252293687 0.0260378416 0.4137160984 0.4254221733 0.4922057395 0.0352900055 0.0393561471 0.0616413613 0.1082805703 0.1837883440 0.4113798377 0.1838931889 0.2997857103 0.4429323508 0.6975933541 0.2276462437 0.0346545825 0.0022486243 0.1835913441 0.1985861379 0.1431742251 0.1292582613 0.1718592475 0.0958014428 0.3614635035 0.1252088289 0.3685922605 0.3562032102 0.5455008169 0.0775173028 0.2121709479 0.1195231991 0.4378811842 0.4038195138 0.3008945513 0.0279849378 0.3470358025 0.1537380448 0.0838327932 0.1848120524 0.0329509208 0.1617303037 0.5447970998 0.1500447916 0.5014925631 0.8319913669 0.0378286205 0.1662237902 0.0197432249 0.3593457940 0.2372404954 0.0920392531 0.6217787544 0.1785433395 0.1064056915 0.7651735039 0.5000000000 0.8631605482 0.4738776598 0.8180559755 0.8196540041 0.8481562730 0.8802471366 0.4620155876 0.9364755016 0.8294098584 0.9541812626 0.4203588876 0.6802565381 0.5282309566 0.9310203404 0.6999281584 0.6010121646 0.8445574544 0.8203433617 0.5572048024 0.4156558343 0.9783429610 0.9567999900 0.9669160440 0.5287888580 0.5910109710 0.7943916254 0.9918080996 0.6389814603 0.8343532303 0.7932909249 0.6593434774 0.9829691776 0.8081504422 0.6651454418 0.3786529590 0.6068837816 0.6098119681 0.5735746412 0.8154393466
 0.3657438948 0.0427976238 0.1087263485 0.1209630910 0.4019737091 0.1176345024 0.2320833387 0.1558067901 0.1556071716 0.0382651557 0.1151969861 0.0001323171 0.0023424062 0.0923209356 0.5458303578 0.3446530063 0.3395460811 0.3733483150 0.2447210116 0.3901743354 0.3894009343 0.4159319806 0.5037422310 0.1910209125 0.0531650477 0.1100037312 0.5019674529 0.7550661936 0.3669206086 0.2704551301 0.3686483948 0.5828552817 0.1238755838 0.4020857603 0.6261949284 0.4269555871 0.2862592153 0.1181484299 0.1175165505 0.1755860460 0.5737054085 0.2438786826 0.0370071088 0.2884149687 0.5198868746 0.2531769636 0.0025409342 0.3392828341 0.4340138944 0.2408041033 0.7907787342 0.1529071248 0.2835486369 0.5066609265 0.0498964690 0.6262696938 0.2971987552 0.1523400626 0.3411422522 0.1073850646 0.1368394518 0.5000000000 0.9262175092 0.7120541576 0.5648508505 0.8169777467 0.6602394079 0.9149285294 0.6999078594 0.8276938647 0.9485495736 0.5400456132 0.9065381092 0.8845614255 0.5422627199 0.9133512795 0.8755640251 0.8310881469 0.6223171905 0.8409071159 0.9140800478 0.5777733843 0.2985072955 0.8481817184 0.2955047701 0.8892689044 0.9147463860 0.6180303433 0.7025339315 0.8456785527 0.7733875830 0.9192030198 0.9739442765 0.9063062006 0.8924973773 0.7932858445 0.2995499065 0.7495216014 0.2882157034 0.2639078789
 0.7009472516 0.0905908105 0.3021147865 0.1435423138 0.0620340101 0.0583235734 0.5780781503 0.0151620475 0.2734987587 0.0926696389 0.5665894291 0.1096345046 0.5435799080 0.1311936986 0.3084031064 0.0461755311 0.1848428353 0.6158036720 0.1150854409 0.1171134338 0.1070751443 0.0348696487 0.1343178622 0.0348260832 0.0796813218 0.2274396120 0.1089281998 0.4774644679 0.2901850804 0.2988489466 0.1867517566 0.3070666276 0.4850029069 0.2423537038 0.1128971396 0.7645415266 0.2291982793 0.8664205948 0.5528040259 0.0493402588 0.0285492376 0.1811941618 0.1376657046 0.2793824171 0.3780121877 0.5591356142 0.5956565981 0.4141029390 0.2934421551 0.0043213183 0.3555011141 0.2038020908 0.4998827292 0.7100999151 0.5233040052 0.1128707636 0.0388645446 0.0435628818 0.2042917093 0.1155204784 0.5261223402 0.0737824908 0.5000000000 0.6468953582 0.7905607572 0.4002304524 0.4481189541 0.8320192865 0.9890169912 0.7124578404 0.9566019456 0.7874054315 0.1077348288 0.6035697967 0.7417945164 0.7165141230 0.3122002909 0.5762544807 0.7389466591 0.8873769268 0.6131260917 0.8354160949 0.9637931864 0.7618978613 0.9103585698 0.8048736812 0.3880118276 0.9647980954 0.8728492063 0.8464475363 0.7120510508 0.6758672768 0.7181197293 0.7986384969 0.5987716662 0.3655354911 0.7754468649 0.5885929928 0.9241826677 0.7691761743
 0.4457412800 0.0893529408 0.2941327894 0.0925977600 0.4326325087 0.0017554232 0.0955635849 0.2533125994 0.1824421383 0.1140191870 0.2405018829 0.3861966184 0.4317005132 0.5119421090 0.0035703315 0.0828309020 0.1716667361 0.1422511758 0.4279224552 0.2312812629 0.0656609619 0.2219222314 0.2962583000 0.2625527172 0.7626133919 0.2345960774 0.0215729681 0.0152259490 0.0640959319 0.0149313066 0.1256475085 0.6250291775 0.3019566338 0.4244967878 0.0975116841 0.0029232500 0.0847106879 0.0434294549 0.1218747699 0.6284488472 0.4292382706 0.0352460318 0.1010219913 0.3916933306 0.2386079301 0.2985179373 0.1189177543 0.4167084344 0.4468654657 0.0799040135 0.3376178274 0.2144390439 0.1857115487 0.1954273488 0.5166436158 0.3207976621 0.1210407216 0.5086646550 0.0392954984 0.1092560644 0.1819440245 0.2879458424 0.3531046418 0.5000000000 0.9790025492 0.4929932350 0.6336966431 0.6730867719 0.6981191146 0.6330085278 0.4462265247 0.8227912187 0.7177215385 0.5534948220 0.8906296455 0.7698224567 0.7131353020 0.5703151375 0.8432642880 0.7548892450 0.4314671057 0.9431234308 0.7432729524 0.8428973595 0.7970467943 0.9495055967 0.9918245005 0.8363398568 0.8012299446 0.7872510835 0.6023989807 0.5699366476 0.7619879876 0.3162508401 0.9737302542 0.6829862323 0.6620087141 0.8122947848 0.8268693500 0.6852481658
 0.2292750838 0.0775370605 0.6622264190 0.1468565970 0.0021837915 0.0543831337 0.1207059317 0.0782623223 0.5874939224 0.1317260232 0.0797321605 0.1467522340 0.0127230701 0.4813906029 0.1661141399 0.1588067869 0.7747406884 0.0886462861 0.0012602780 0.3497092722 0.2970291648 0.2690098092 0.0273274788 0.2687195543 0.0081391394 0.2596648912 0.5104196761 0.4578532575 0.5265255867 0.0179367409 0.0198114573 0.0874257219 0.0255064730 0.5272681616 0.4068099625 0.1423370394 0.3546847430 0.1286288390 0.1594175255 0.4991990573 0.4566038412 0.5032363466 0.0550812147 0.4857411951 0.7435178820 0.5944761451 0.0308040074 0.6065473415 0.0995284356 0.1758859570 0.1826054705 0.2631944746 0.0850392013 0.1945904037 0.3332249182 0.0729574399 0.5205382770 0.0753061944 0.5062351645 0.2309415194 0.1803459959 0.4351491495 0.2094392428 0.0209974508 0.5000000000 0.8904969016 0.7734341802 0.8752084923 0.7296419017 0.6969587321 0.8469502883 0.7819938098 0.7608131365 0.6247315139 0.7671247183 0.4982183166 0.8590773359 0.7867854417 0.4841112366 0.8393625581 0.5616990930 0.9511710967 0.6205442133 0.9537407045 0.6050786884 0.9619049407 0.9898550473 0.5498883039 0.6583554215 0.4758242054 0.0531797261 0.9913389168 0.8768365848 0.9953959133 0.9328829671 0.9481658114 0.9665246987 0.7633900909 0.4374194898 0.5344340061
 0.0295656784 0.5910197864 0.7196385092 0.3383412399 0.7267414410 0.0542435072 0.4075366882 0.0400107220 0.0358301923 0.0248496189 0.1496771401 0.1237130246 0.0511562952 0.4660130176 0.5463900337 0.1852210680 0.2731796327 0.5951593217 0.4723469975 0.2765835180 0.0592405681 0.5316938413 0.6925971992 0.0008838107 0.1830167111 0.5310882279 0.0037505911 0.0248652081 0.0210886426 0.1150949210 0.3073368174 0.2980704759 0.6107640450 0.0372910324 0.1710842220 0.0523255225 0.3031739138 0.3643829362 0.3556765099 0.0142577160 0.1329120816 0.5338040334 0.0340142753 0.3276575070 0.4089331851 0.5058925708 0.0687841701 0.0284103043 0.1534998398 0.0382740343 0.0611015299 0.1059653950 0.4772818452 0.0267839435 0.1097665491 0.0411587203 0.3750886164 0.4598823670 0.3483575469 0.2073841782 0.1518437270 0.1830222533 0.5997695476 0.5070067650 0.1095030984 0.5000000000 0.8176442881 0.7980174435 0.8928375584 0.4808553547 0.9237654743 0.8429671961 0.7396062769 0.9231250278 0.7465565113 0.9607810693 0.8219521839 0.6854927850 0.7215488914 0.3618429531 0.9603036170 0.6949184919 0.8099190722 0.5517215953 0.6950790248 0.9969130430 0.2233311790 0.8397588374 0.9012441671 0.9305299955 0.5930055182 0.5561735383 0.7135841011 0.2715024990 0.9060821485 0.8927818721 0.6245372923 0.9439994466 0.9259572166 0.8573925570
 0.8093918313 0.1813292419 0.1103804280 0.0765268592 0.2421016767 0.0422313727 0.0254236510 0.1371996690 0.2169163924 0.1234330922 0.0952187648 0.1432886936 0.0062507381 0.2799929621 0.6099792525 0.7247325609 0.4853906659 0.0705428423 0.2233344631 0.0162808859 0.2632831450 0.0163356268 0.1158677459 0.0116480805 0.1122228741 0.1324773236 0.1887838474 0.4371106171 0.7275912921 0.2729225804 0.2342351460 0.1010968297 0.0247004062 0.3556032481 0.7485872822 0.5538663032 0.0699432524 0.3442675934 0.4571615144 0.3231336848 0.3654494598 0.0401686908 0.6563320032 0.1595744248 0.5413409991 0.0711764248 0.1162019651 0.4818313231 0.5318423250 0.1228123435 0.4257215475 0.2767153304 0.5345575251 0.3679406000 0.0008633764 0.2966604823 0.3222350200 0.1729074023 0.0062061073 0.5518552555 0.1197528634 0.3397605921 0.5518810459 0.3663033569 0.2265658198 0.1823557119 0.5000000000 0.6234663818 0.7971608834 0.9515149212 0.9802343787 0.7713026703 0.9854422937 0.6786916627 0.7273088961 0.8015047158 0.8411310837 0.3098046007 0.7506177425 0.4316209871 0.4363445130 0.2202206678 0.4503989140 0.9458172214 0.9933940192 0.6623219589 0.8128778197 0.4495942055 0.7417433204 0.8833865809 0.8164621108 0.9578840101 0.6384288553 0.7227142687 0.8736395863 0.9489781355 0.7953415420 0.5276366530 0.9707434228 0.6382624563
 0.0718006473 0.3188040688 0.5845079301 0.3439830005 0.5349942467 0.2037127966 0.1395241906 0.4024002008 0.2307426074 0.3427510483 0.5010123446 0.3183562113 0.3263740066 0.1441128068 0.1595208914 0.1053577006 0.0906974323 0.3308492407 0.2618077012 0.0375369673 0.1332426607 0.1208460087 0.0876663104 0.1560317328 0.2944027376 0.2917795057 0.0704532357 0.0062698799 0.5933792081 0.2451588019 0.3883351803 0.0350443148 0.1323266064 0.2274091921 0.0461168701 0.0137894841 0.2739964681 0.3668637661 0.0778743069 0.4656156436 0.1612648790 0.4246688876 0.1871836423 0.0257598968 0.2310216172 0.6137471614 0.1873520143 0.2882382402 0.4433855096 0.1216685003 0.1052733276 0.6541982458 0.1183414498 0.3301918491 0.8995645707 0.2672690840 0.0785558596 0.3120959318 0.2163755858 0.0283035204 0.5379844124 0.0850714706 0.1679807135 0.3269132281 0.1247915077 0.2019825565 0.3765336182 0.5000000000 0.9101491274 0.9918997650 0.8447164717 0.2451606403 0.8515312383 0.5513705776 0.9992786299 0.8237285339 0.5236487021 0.9570775314 0.9421178145 0.5243962648 0.6767665853 0.9952139728 0.4171645430 0.3108059084 0.7813656278 0.5415830405 0.5843249608 0.7802229490 0.9956152120 0.9555877601 0.9954051911 0.8128310597 0.6986185373 0.9584283789 0.7246659791 0.8657027431 0.5485026654 0.7984699890 0.8559200797 0.8993862671
 0.4709321668 0.5863833338 0.5590735834 0.1619224497 0.0781821030 0.5446166742 0.1923055027 0.3235374393 0.1065460150 0.1641093781 0.0074367885 0.2754952815 0.2364503040 0.0155671208 0.2825017580 0.7143837412 0.3882406142 0.1452426410 0.3665698466 0.0589478191 0.4678146174 0.3065720026 0.0680447620 0.8521067677 0.1804039059 0.5213513485 0.0636501450 0.0654594971 0.0584626324 0.0665929160 0.7285618488 0.1959722965 0.3139577821 0.5141997496 0.3819817792 0.0383930125 0.0066873059 0.1768662597 0.1602881157 0.0235052884 0.8132479953 0.6355088575 0.1790565063 0.2144047478 0.0077912797 0.1771697976 0.2203550139 0.4547902166 0.0941597694 0.1933832555 0.0844942271 0.1464329209 0.0605514534 0.4919349415 0.6069126711 0.1245875163 0.3050829006 0.0206556671 0.0886954302 0.6816795104 0.0635244984 0.3000921406 0.0109830088 0.3018808854 0.2703580983 0.1071624416 0.2028391166 0.0898508726 0.5000000000 0.7589870023 0.5420025665 0.9591114697 0.6492056185 0.6480753251 0.6774672747 0.7519371287 0.8377072774 0.8578142764 0.4092417104 0.9717911801 0.5138315149 0.5766607947 0.8133663777 0.5444868345 0.8521402482 0.9227365678 0.7634892050 0.4051407582 0.8464923221 0.3559296575 0.6468914636 0.3914326299 0.6312010061 0.3927950167 0.6484490508 0.6428346096 0.8671986123 0.8873294398 0.8141985793 0.6927646632
 0.0219080694 0.5534260414 0.2391300779 0.3885500866 0.6972067473 0.1206068112 0.4364509658 0.1611450626 0.0011070976 0.1272627717 0.1561429250 0.2306480079 0.5858958999 0.1066417763 0.0807907614 0.1374562029 0.1020077105 0.0170996232 0.0365311250 0.0425663100 0.3639857620 0.3419420322 0.0434145840 0.1972463233 0.2212857313 0.0420512489 0.0098383568 0.1811310805 0.3673656780 0.2358263083 0.3608349470 0.2049274776 0.0688953017 0.0103457956 0.0492501456 0.1793275822 0.2330075037 0.2489912156 0.2914100071 0.2683434894 0.2212101664 0.0670705415 0.2583199305 0.3303344584 0.3730581341 0.2441593493 0.6845079747 0.5527030648 0.0907186677 0.3290350529 0.2231403941 0.4136187366 0.0598514032 0.1743262751 0.4431736309 0.0253162974 0.2578426822 0.4182286408 0.3323902301 0.3005697944 0.1705901416 0.1723061353 0.2875421596 0.3669914722 0.3030412679 0.5191446453 0.0484850788 0.0081002350 0.2410129977 0.5000000000 0.9784362326 0.7827069875 0.5171091138 0.3395000006 0.8808749531 0.9585372177 0.4540164147 0.4068268663 0.8730457012 0.1674339175 0.9992743675 0.9741293274 0.5191123224 0.9906477227 0.8255739167 0.9172402022 0.9485499180 0.3540712642 0.6063773509 0.8106574751 0.5682010024 0.9577457272 0.7418131053 0.8966184956 0.8583572735 0.9477367011 0.7451382205 0.8929221902 0.3632821834 0.9331643929
 0.2928209819 0.0935342563 0.1757057885 0.0137664644 0.3277937461 0.0410778921 0.1059308257 0.6031092330 0.4525798728 0.0480526706 0.3605832705 0.1772131643 0.3306978293 0.2070858983 0.2202536490 0.2386624796 0.0561217815 0.1761082489 0.1090971063 0.0681530743 0.1269849851 0.2059195777 0.0173336367 0.1871781453 0.1917158242 0.0761873048 0.0268858579 0.1698131847 0.1423653067 0.2282259547 0.6528796688 0.1210516210 0.0932641539 0.2145941393 0.0823138658 0.0102647004 0.5760525561 0.0693571690 0.6883689786 0.3545163723 0.5159322032 0.2442803296 0.1142819722 0.5374880733 0.0743768116 0.0838104705 0.1114060496 0.3837402775 0.1276095056 0.3092354707 0.1622323142 0.5294277363 0.0535617903 0.2143627342 0.2514854149 0.3020848328 0.3576556510 0.0501251881 0.2016381945 0.5701157335 0.0458187374 0.0514504264 0.0433980544 0.5537734753 0.1530497117 0.0762345257 0.0197656213 0.1552835283 0.4579974335 0.0215637674 0.5000000000 0.5453512197 0.9516974119 0.9540863076 0.8917679124 0.7248539230 0.6078119879 0.8545941936 0.4959426883 0.6171510897 0.8052790039 0.7396488238 0.7618681682 0.8663626886 0.4233552996 0.9262367103 0.8432767043 0.6301009233 0.8278295765 0.5545473081 0.9636806628 0.4625541040 0.6884861332 0.9226282199 0.7774580988 0.9901719786 0.9722676954 0.7538070979 0.7830084608 0.5065385611
 0.2412605803 0.0221672416 0.4977388197 0.1636474543 0.4122854179 0.0178310119 0.6084951343 0.1695156448 0.1151735697 0.5532359121 0.2600426437 0.2110837749 0.1186708209 0.4477868869 0.1032053682 0.0082421406 0.2833686084 0.4048323698 0.0235571442 0.2253442336 0.2093837901 0.3389764836 0.0408684395 0.4447971656 0.7393113566 0.0834425959 0.2256925070 0.5144545152 0.3744163847 0.3353897490 0.0093184689 0.2703085384 0.2104347580 0.1386795779 0.1691549105 0.1898433956 0.0345875834 0.0002666938 0.1601802627 0.1651590195 0.0961933441 0.4456072596 0.5607020485 0.5680228246 0.3650637100 0.0464905788 0.1536150666 0.0396696001 0.0821099248 0.1220153337 0.0745748900 0.3665537303 0.3089897277 0.4860488625 0.0244818104 0.2081966456 0.1737942378 0.0652324857 0.4190072748 0.4316090298 0.5796411124 0.4599543868 0.2125945685 0.1772087813 0.2180061902 0.1570328039 0.2286973297 0.7548393597 0.0408885303 0.2172930125 0.4546487803 0.5000000000 0.4410169089 0.7770862445 0.9223820788 0.7127237490 0.7882078415 0.7911070712 0.5082992875 0.4656014825 0.9975468376 0.9517568365 0.8060763856 0.6243433212 0.7539526243 0.9552007745 0.6753605242 0.5007662923 0.9767644075 0.8641409514 0.7625234517 0.7622425338 0.3769955306 0.8806832798 0.7077459488 0.8882253118 0.5582529956 0.7443364300 0.6781930054 0.6822466004
 0.0741076791 0.1680521346 0.2135708348 0.4860393442 0.4277467108 0.1486315874 0.6303214529 0.0900063406 0.4055655905 0.5390517262 0.3278717288 0.4776512175 0.4540709697 0.0265040898 0.0939026612 0.5757759657 0.1258311152 0.3245908795 0.0443971387 0.0789092178 0.4446969204 0.4755891157 0.1584720806 0.3073676297 0.0496762530 0.3629308296 0.4906390899 0.1139907955 0.4261839541 0.1529421809 0.2160834804 0.0046905690 0.4109066978 0.3256699388 0.2349601177 0.1509232602 0.1092110790 0.1368791345 0.4669507519 0.1989073324 0.5671041133 0.3171906909 0.0319160004 0.3909318982 0.4529013880 0.0181095693 0.3517547960 0.0039047093 0.0457583179 0.1915958026 0.1463249891 0.0303897049 0.0048130297 0.0761993732 0.6800743806 0.1499891586 0.0642481473 0.0695570509 0.1417656734 0.1146697471 0.3197434619 0.0934618908 0.8922651712 0.2822784615 0.2391868635 0.2603937231 0.0145577063 0.1484687617 0.3507943815 0.4828908862 0.0483025881 0.5589830911 0.5000000000 0.7039684769 0.7954086429 0.5125835402 0.7301092510 0.7364233217 0.8353944229 0.8345995193 0.6647394671 0.9295269047 0.9847528628 0.8176359658 0.9858021009 0.5626052794 0.8704726776 0.8112410400 0.9765528858 0.9468382511 0.6708159204 0.6307656865 0.7925812274 0.3231623036 0.6891178202 0.3770947022 0.9539441002 0.8013980999 0.7649966240 0.6611876335
 0.5017022929 0.4161268795 0.2067407404 0.0188229775 0.0894267166 0.1516232056 0.1044864836 0.0296496219 0.4775616516 0.2744547030 0.4286453567 0.0160724019 0.2071175355 0.0195878430 0.6196457864 0.2383969013 0.0017368615 0.0454049190 0.6263707456 0.3429445564 0.5911589907 0.1937408019 0.5527037334 0.0797489621 0.1268792070 0.1707443546 0.0017427338 0.4039159408 0.2484867913 0.5261474209 0.6644884322 0.1589797327 0.2554293988 0.1295575205 0.2449592877 0.0708428027 0.2230123360 0.0220440995 0.1568553215 0.0236192295 0.1098109826 0.1941104411 0.0760980269 0.4721359883 0.0280648039 0.2076205421 0.2796844178 0.0478164537 0.6102505019 0.0418751755 0.1649350915 0.4559674519 0.1845035464 0.1741922738 0.2893344250 0.0257523487 0.3370269577 0.0177390740 0.2032090065 0.0154986058 0.4717690434 0.1154385745 0.3964302033 0.4465051780 0.3752684861 0.0768749722 0.3213083373 0.4486294224 0.3519246749 0.6604999994 0.0459136924 0.2229137555 0.2960315231 0.5000000000 0.8595311696 0.9734404488 0.9566259247 0.8341591362 0.4677625171 0.5958230095 0.3845221936 0.9849797877 0.8652735356 0.2045987567 0.6432079689 0.7413613268 0.7951164818 0.9033116236 0.8962608415 0.6900724560 0.9192162819 0.9912009677 0.8418476667 0.6424700364 0.9108357340 0.9322650815 0.9915561061 0.8940271893 0.8535393147 0.8799757830
 0.4932135661 0.0345670122 0.0754220535 0.5178894938 0.1958920059 0.6943103565 0.5370282827 0.3697453936 0.6398574538 0.1165794873 0.2234954502 0.3749969218 0.4653640904 0.2048448844 0.1621005012 0.0613577584 0.2020884956 0.6346368371 0.0743055091 0.0572225685 0.1696284048 0.2653653533 0.0831390555 0.4397961904 0.1433257974 0.2419042686 0.0900406165 0.0967277102 0.2315015661 0.6200156737 0.0361583706 0.0516268487 0.0312579127 0.0951056140 0.0780075108 0.3086777274 0.5967912722 0.7378297310 0.2067284301 0.0437690844 0.7080701842 0.3184727338 0.0447102995 0.3168798594 0.7228095026 0.2754999664 0.0900993571 0.0259847265 0.4391381584 0.1111172068 0.2490120173 0.3005064573 0.0905547162 0.0872489194 0.1079706254 0.2639851836 0.1147444199 0.2007961109 0.2160387169 0.6590444682 0.0689796596 0.4577372801 0.2582054836 0.1093703545 0.2328752817 0.2534434887 0.2726911039 0.0007213701 0.3225327253 0.1191250469 0.1082320876 0.0776179212 0.2045913571 0.1404688304 0.5000000000 0.7577686143 0.8623547510 0.8120599436 0.7779443893 0.8245993591 0.6797605671 0.8497725313 0.7317691593 0.8171122624 0.5161454920 0.7502955637 0.8503527756 0.7031068483 0.4957957214 0.8128340043 0.4836197747 0.8236104409 0.9588096233 0.2691710682 0.5615483018 0.9583536883 0.2171125319 0.6566734213 0.8551868154 0.8617832520
 0.0720664165 0.1614909726 0.2435103274 0.0108318404 0.0451013383 0.3190008046 0.1102533482 0.0501724679 0.2117378639 0.2117993532 0.0150984649 0.4057866953 0.1220669399 0.2565090912 0.1000480669 0.0836499366 0.1213335330 0.7637395985 0.2545326948 0.3220887206 0.0916406799 0.5173266481 0.4917500588 0.6998187892 0.2260674604 0.2120012661 0.3365965371 0.2915149063 0.1334229045 0.0550399148 0.2627722999 0.0061963263 0.5599950019 0.0902855574 0.0018931743 0.2518205090 0.1448686191 0.0213493469 0.0618353929 0.1469458582 0.2951356394 0.3554058057 0.3763372436 0.0237307076 0.0954908383 0.5444831219 0.1907896123 0.1824951166 0.1889316083 0.5811964207 0.0646917345 0.1262396002 0.0183533872 0.9008884849 0.0409326895 0.5195331747 0.2214520477 0.1116879393 0.1627116868 0.2969823516 0.3000718416 0.0866487205 0.2834858770 0.2301775433 0.5017816834 0.0392189307 0.1984952842 0.1762714661 0.2480628713 0.0414627823 0.2751460770 0.2872762510 0.4874164598 0.0265595512 0.2422313857 0.5000000000 0.6205712616 0.8632837499 0.3477992915 0.9682514076 0.9940065486 0.9230677525 0.6150451672 0.5786261024 0.9057566916 0.5344879281 0.3613418252 0.9006792166 0.6901176224 0.8181409194 0.8078771778 0.6841136129 0.3367783376 0.7332982380 0.7011378730 0.6855004763 0.9659010296 0.7544405304 0.7175850761 0.9422437228
 0.2013398996 0.3251186065 0.4240607159 0.1860231646 0.1289577351 0.6018571644 0.2179720163 0.4649333756 0.3808828158 0.6139318017 0.2582322194 0.0673546333 0.2859095894 0.1473859065 0.6037137725 0.0314415986 0.2957074984 0.0137617285 0.0062199754 0.4966560408 0.3205004865 0.0012533931 0.1830826225 0.3949072699 0.0702780377 0.1940472527 0.0524799391 0.7358856503 0.0443051452 0.0133180352 0.0595022511 0.1032950243 0.0766422267 0.0410326654 0.4016458770 0.2430314593 0.0156943873 0.1940789031 0.4725075988 0.5811937075 0.3098732967 0.3486804823 0.5174913552 0.0643741760 0.4016169173 0.0313615791 0.0195190490 0.0654693943 0.0720455689 0.6097953940 0.5514557016 0.0805774165 0.1542528668 0.2303595469 0.3089006851 0.1220416257 0.2312515921 0.0751763246 0.0645235162 0.0019218995 0.3989878354 0.1244359749 0.6877997091 0.2868646980 0.1409226641 0.1780478161 0.1588689163 0.4763512979 0.1622927226 0.5459835853 0.3921880121 0.2117921585 0.2698907490 0.0433740753 0.1376452490 0.3794287384 0.5000000000 0.9437407994 0.8256554423 0.4572398689 0.3905442104 0.7908875691 0.8643678436 0.9066105997 0.7262792656 0.9652038693 0.9980007611 0.6465220873 0.5438401659 0.2399356570 0.9964213116 0.7526349897 0.4681599187 0.9006046135 0.6696700059 0.9689631964 0.9537077781 0.8784089835 0.8914291999 0.9294215420
 0.2270981082 0.1895954535 0.2370780549 0.1031663597 0.4267406363 0.0599796506 0.2382397257 0.4089257729 0.5810470854 0.2503441069 0.2094468388 0.1638760159 0.0208418133 0.3250468086 0.4462775173 0.0483550231 0.1678361908 0.3123500047 0.0209937841 0.4059112824 0.4035385201 0.2962202010 0.6310097711 0.2510767253 0.6201242198 0.3318043834 0.0997467701 0.3894372976 0.5825089203 0.7926842469 0.3971587708 0.2543692125 0.0557657473 0.0048170815 0.2017127627 0.5061303332 0.1214484879 0.0507483887 0.1878864896 0.4690727192 0.1291087171 0.5468432136 0.0202934651 0.3787241757 0.4428525317 0.1570085133 0.0098135640 0.1187650252 0.6710264878 0.5330662241 0.0666537381 0.3642805844 0.0480768423 0.2457433979 0.1026057731 0.3353704537 0.2494866787 0.1676101309 0.0710830254 0.2239732958 0.1554425456 0.1689118531 0.4237455193 0.4296848625 0.2132145583 0.3145072150 0.6901953993 0.0429224686 0.1421857236 0.5931731337 0.1454058064 0.2088929288 0.2635766783 0.1658408638 0.1879400564 0.1367162501 0.0562592006 0.5000000000 0.9800228933 0.7645450740 0.8748714528 0.5857850244 0.9030760920 0.7486622911 0.8522842465 0.8848456781 0.9240702751 0.7134092132 0.5694697038 0.8023325162 0.5699669149 0.7069239595 0.9832240215 0.8708845586 0.1771042775 0.9003384125 0.9859386560 0.9342793982 0.7090530271 0.9423676907
 0.2422955063 0.2950160359 0.1178067995 0.6884957722 0.6006834215 0.4750180155 0.3045493714 0.0417048965 0.0552486800 0.1698362139 0.0308966996 0.0817924902 0.5569268066 0.2122685737 0.5115897432 0.3323738129 0.1223888345 0.5477839145 0.6528642776 0.2086538533 0.2502124774 0.1767247251 0.3026062335 0.1225576148 0.0855730126 0.0399524050 0.3365952957 0.0837165813 0.0037965306 0.0101212383 0.0638625449 0.2320926536 0.3261362460 0.0454664043 0.0213634336 0.0440509276 0.2862701364 0.1249452758 0.3596600966 0.4023261235 0.1449034027 0.3825621393 0.0344513691 0.3988960197 0.0097329851 0.0832888341 0.2388597665 0.0890667223 0.1371688940 0.7483408272 0.0385977936 0.0786894140 0.3734338843 0.4598271709 0.4571954262 0.1680181103 0.5738529575 0.0861825741 0.3973274636 0.0836979021 0.1796566383 0.3776828095 0.2610533409 0.1567357120 0.5158887634 0.2784511086 0.2493822575 0.0578821855 0.5907582896 0.1269542988 0.5040573117 0.4917007125 0.1646055771 0.5322374829 0.2220556107 0.6522007085 0.1743445577 0.0199771067 0.5000000000 0.9007115937 0.2318514149 0.9559080279 0.8712864155 0.7733188111 0.7853475934 0.9248016792 0.6632231770 0.7964415146 0.8744536729 0.9976196773 0.6495885259 0.4212881002 0.9708066028 0.9392899474 0.7620451194 0.5847491445 0.9275583667 0.7781526053 0.4959473298 0.8301358036
 0.1822338018 0.1843950598 0.0046994033 0.0319581817 0.3388361270 0.4432920402 0.3450281353 0.0910327945 0.3527948263 0.6074141580 0.5757502744 0.2512393886 0.6010154250 0.0591333993 0.0399300209 0.2244451506 0.4592259710 0.0903420925 0.3501057101 0.2408924475 0.4547798933 0.5219094769 0.0737738534 0.1918549005 0.0334309901 0.1138299646 0.2656534896 0.0797646869 0.3611072727 0.1450445457 0.3793574715 0.3748332892 0.2950665054 0.0289718080 0.0096906854 0.5346251209 0.0400740422 0.2189522213 0.2697232868 0.0179032815 0.4030850861 0.5966325167 0.0822653067 0.3021385693 0.1826294228 0.2467246205 0.1162202782 0.2864759704 0.0123540292 0.0882076656 0.1694727609 0.5469278685 0.0397121512 0.1830631631 0.2694380949 0.2605243274 0.0381164520 0.2921786822 0.0854330746 0.4846646756 0.4427951976 0.1590928841 0.1126230732 0.2451107550 0.1606374419 0.6381570469 0.5683790129 0.4756037352 0.0282088199 0.8325660825 0.3828489103 0.5343985175 0.1654004807 0.4041769905 0.1754006409 0.0317485924 0.5427601311 0.2354549260 0.0992884063 0.5000000000 0.2431323043 0.6910610688 0.6253130617 0.7977527369 0.8553626872 0.9426812536 0.7588686770 0.9816850763 0.6304750784 0.6324105626 0.3535542109 0.6226320447 0.9566952929 0.9469323551 0.4415607582 0.9948480209 0.7837956857 0.5892227544 0.9395244302 0.9159158559
 0.1010194170 0.3551620286 0.1887476145 0.1491167492 0.0886060736 0.2670724994 0.3532128615 0.6244304847 0.5622851839 0.3034890972 0.6671710994 0.6414411634 0.0562175391 0.2069043137 0.3946627473 0.6032675001 0.4231676280 0.6919046574 0.1239395709 0.5152109607 0.3778100025 0.3901671945 0.0579715283 0.3756327641 0.2886315525 0.2132474979 0.0796771459 0.0959477535 0.1911017303 0.6829343342 0.1012981464 0.1648010236 0.0192855644 0.1667760082 0.1924431378 0.1836265302 0.6367866687 0.5692944022 0.1991759182 0.1656226781 0.4338641649 0.8482518646 0.7470684327 0.0491123188 0.2349974988 0.0231354103 0.4978228139 0.0214278375 0.1529221262 0.2113485437 0.4057875752 0.4278526821 0.1281157765 0.1727590308 0.1160134885 0.0876382809 0.1271471224 0.0457354991 0.1175204509 0.6887220265 0.5843441657 0.0859199522 0.3868739083 0.5685328943 0.4383009070 0.0396963830 0.5636554870 0.3232334147 0.4861684851 0.0007256325 0.1947209961 0.0024531624 0.3352605329 0.6154778064 0.3202394329 0.0059934514 0.6094557896 0.1251285472 0.7681485851 0.7568676957 0.5000000000 0.8351631327 0.7533656622 0.6386374949 0.6211298614 0.9653443501 0.3246585775 0.8959787816 0.5327797697 0.2504079596 0.3640401499 0.6839084384 0.9683176643 0.9126780387 0.9447160682 0.7674171175 0.3750564373 0.8228612461 0.8649729311 0.5352125523
 0.0440721397 0.0575134729 0.1276191881 0.0325342320 0.6371391140 0.0539217082 0.2126636285 0.3174761094 0.2462034083 0.0817529895 0.1891392694 0.0529623660 0.0044917664 0.4188460722 0.5086434041 0.0813099903 0.2239356646 0.1304758702 0.3593446361 0.0574794159 0.1314305983 0.1189077246 0.0070982590 0.0044309479 0.1186675375 0.2769130571 0.0848373762 0.4144802474 0.2613701860 0.1684585627 0.0447596922 0.0107240509 0.2087245971 0.0408280039 0.4157826009 0.1159568229 0.1195231616 0.0071476578 0.0558575151 0.1934252919 0.0269077578 0.2481857958 0.2483658700 0.0633422818 0.2727801407 0.4555944615 0.2988032672 0.5090477345 0.6590580498 0.0865009306 0.3667545380 0.0968066325 0.2615014095 0.1137104934 0.0979955515 0.4556097443 0.2099851659 0.2755588918 0.0081089677 0.4432549934 0.0216570390 0.4222266157 0.1645839051 0.0568765692 0.0488289033 0.3050815081 0.7797793322 0.0047860272 0.4233392053 0.0258706726 0.2603511762 0.0482431635 0.0704730953 0.0150202123 0.1502274687 0.0769322475 0.2091124309 0.4142149756 0.0440919721 0.3089389312 0.1648368673 0.5000000000 0.4195797616 0.9315507898 0.8518508225 0.6309646792 0.7543925535 0.9956340855 0.2809173797 0.8155621978 0.5679894111 0.7398262226 0.9204692818 0.9874061418 0.9174864866 0.6614288582 0.8049868819 0.3753330428 0.7917019474 0.6496934118
 0.1742691644 0.2166541413 0.3364963838 0.1242889420 0.3862306221 0.0178313183 0.1007442080 0.6276699684 0.0076525684 0.1314267307 0.2711010175 0.5852233084 0.1086819144 0.3320626316 0.0613550929 0.2204174694 0.3096511183 0.4157298620 0.4213963080 0.3401650499 0.5180369433 0.1785557663 0.0012587968 0.0547658877 0.0391462931 0.2489749827 0.2153019755 0.2853798339 0.0197928845 0.2933733403 0.0836127053 0.2957808134 0.3717682600 0.0145893001 0.4185641406 0.4710476468 0.1236041582 0.5119781120 0.1585572236 0.1727359477 0.1010930982 0.0701182152 0.0820478635 0.2550326272 0.0260639482 0.6306893565 0.0521490229 0.0875020984 0.4447183681 0.1397343420 0.2689599770 0.0489810583 0.1359721955 0.2516850996 0.1606386622 0.7685393181 0.0328877040 0.1496395150 0.2841197280 0.0289466146 0.0432000100 0.7014927045 0.0362068136 0.2567270476 0.3794557867 0.1900809278 0.5496010860 0.5828354570 0.1866336223 0.4808876776 0.2381318318 0.1939236144 0.0152471372 0.1347264644 0.2682308407 0.3849548328 0.1356321564 0.0969239080 0.1287135845 0.3746869383 0.2466343378 0.5804202384 0.5000000000 0.5141646217 0.9784110254 0.3308122495 0.6222975350 0.5906592384 0.9094591834 0.4278284964 0.2969343928 0.9059069606 0.7026440838 0.8115929746 0.4791768932 0.9693998754 0.8420193374 0.9013142414 0.1630451805 0.8435652945
 0.2213799193 0.4305215929 0.1999695670 0.6908346905 0.1863249330 0.3627209358 0.1780586027 0.4608043440 0.1017366304 0.4466913886 0.7248088493 0.2820398695 0.8919703050 0.3257692049 0.0468340788 0.0547361295 0.4007050816 0.1735682107 0.0272599449 0.3207891707 0.1404214631 0.1658077844 0.5226853750 0.4198875347 0.3611574658 0.5050239992 0.0111988697 0.3922081604 0.1099319906 0.0487556864 0.2153159160 0.1191815380 0.0203646263 0.2030479039 0.2096198028 0.0431135348 0.0118934741 0.4749697800 0.0253763569 0.1333694391 0.2388472144 0.2109113524 0.2294470172 0.2729278581 0.1565643807 0.1053120178 0.6093988681 0.0262627214 0.3445610817 0.0512428914 0.2731816338 0.3252044470 0.1667585862 0.0228173184 0.2972302326 0.1480010258 0.0151274297 0.1529575246 0.2301256570 0.1268685873 0.0330839560 0.1518182816 0.2381021387 0.1571026405 0.0462592955 0.4482784047 0.0541827786 0.6891940916 0.4555131655 0.0093522773 0.1336373114 0.3756566788 0.1823640342 0.7954012433 0.1828877376 0.4213738976 0.0933894003 0.2513377089 0.2266811889 0.2022472631 0.3613625051 0.0684492102 0.4858353783 0.5000000000 0.6620468362 0.8257229039 0.6822937188 0.8695402462 0.9024553603 0.4445129559 0.8762033615 0.6021659059 0.8019965644 0.4267597406 0.9725526071 0.5363547481 0.8376038810 0.9311032445 0.8889702626 0.6913365815
 0.2301433535 0.2550299382 0.2839697758 0.2552840179 0.3854548913 0.6484589803 0.0064031400 0.0140723941 0.0285149709 0.5704528479 0.5269661311 0.0871038790 0.0956611801 0.5805628723 0.1389434504 0.0903375833 0.1192614152 0.3980911801 0.0289486816 0.1068277056 0.4535849950 0.3145882927 0.4481260786 0.1002573596 0.3313227530 0.4850144568 0.0990900415 0.4523035037 0.2432338774 0.0439998298 0.2392995807 0.4098201021 0.2672760906 0.0213500052 0.1145671916 0.1256643677 0.4513496148 0.2787441223 0.2091064204 0.0979738559 0.1331066677 0.3633588777 0.1269068989 0.1132919944 0.4438761672 0.1658883164 0.3173722345 0.4196340082 0.6506744940 0.3380211149 0.2236861634 0.7580584371 0.0960603726 0.5096724191 0.1544257311 0.4165831803 0.0858253069 0.0013548614 0.0767898278 0.1108445889 0.4712111420 0.7044952299 0.0896414302 0.2029532057 0.3949213116 0.3049209752 0.0066059808 0.2186343722 0.1478597518 0.1744260833 0.5766447004 0.2460473757 0.0141978991 0.3567920311 0.4838545080 0.0942433084 0.2737207344 0.1477157535 0.2146524066 0.1446373128 0.3788701386 0.1481491775 0.0215889746 0.3379531638 0.5000000000 0.6945882570 0.7424398576 0.8475928092 0.8310974963 0.7389875326 0.8762062650 0.8073107234 0.9948164529 0.8509141165 0.5270809832 0.6788209917 0.6357273642 0.9012094272 0.6747402345 0.8528734595
 0.6426379587 0.0470492440 0.2720028408 0.5901052555 0.0669623217 0.0929233388 0.1840073779 0.4084169645 0.0623149042 0.1204323442 0.3129704569 0.2348824737 0.3314757609 0.0429854003 0.3204696449 0.1945855815 0.2004543990 0.2680654998 0.5712095382 0.1202838619 0.0369309170 0.2063175590 0.2024648578 0.8223327558 0.1339441027 0.1199197990 0.2066250981 0.1966635589 0.1100451175 0.0564132999 0.2506696866 0.1812895512 0.6176989913 0.1633893973 0.3530539713 0.0714652847 0.4760607590 0.0086058164 0.5874050338 0.1607398396 0.1285305946 0.4163326072 0.2361784153 0.3719204283 0.8402609133 0.2331015565 0.0637764074 0.0757162441 0.0434593831 0.3651793659 0.3259105164 0.1997034274 0.0172152966 0.3726571903 0.3664969496 0.6473260575 0.1485206233 0.1047575086 0.3409291790 0.1692029533 0.4089890290 0.1107310956 0.1951263188 0.0504944033 0.0380950593 0.0030869570 0.3376780411 0.4584169595 0.0772634322 0.0827597978 0.0737632897 0.0447992255 0.4373947206 0.2586386732 0.2497044363 0.4655120719 0.0347961307 0.1151543219 0.0751983208 0.0573187464 0.0346556499 0.3690353208 0.6691877505 0.1742770961 0.3054117430 0.5000000000 0.7309712038 0.5448209303 0.7352879982 0.3459288806 0.9321623489 0.9528104197 0.9508992149 0.6518017843 0.8688864051 0.8535467349 0.9799277329 0.8465530115 0.9761215074 0.9908290548
 0.3223550234 0.0743857782 0.1281146814 0.0655431491 0.3556662175 0.1264238154 0.2194597739 0.0846700438 0.0240166518 0.1873726929 0.3100882734 0.5485522696 0.5352047296 0.3386038361 0.2729218112 0.3045371413 0.3975495264 0.1825267515 0.0504155551 0.1492875000 0.0809261096 0.3698966707 0.3384897098 0.7895843845 0.4067964735 0.2623075989 0.1391317753 0.0677337179 0.1451217723 0.1951654024 0.4313011023 0.3339223372 0.2251898948 0.2593816716 0.5282078131 0.0230642178 0.5745464212 0.2050044404 0.4864275625 0.2692930009 0.2208519777 0.8838010628 0.0834443809 0.0237849719 0.2797522486 0.3086695074 0.3846327349 0.2503337747 0.6727374131 0.1417729181 0.1806971650 0.2027013210 0.0379275274 0.0549962147 0.0187575133 0.2110944558 0.0669877758 0.2570139323 0.0631258452 0.3004273151 0.2056083746 0.0852536140 0.6119881724 0.0081754995 0.0101449527 0.7766688210 0.1871221803 0.4156750392 0.2365107950 0.0514500820 0.1567232957 0.3246394758 0.1295273224 0.2048835182 0.1496472244 0.6386581748 0.0019992389 0.0759297249 0.3367768230 0.2411313230 0.6753414225 0.2456074465 0.3777024650 0.3177062812 0.2575601424 0.2690287962 0.5000000000 0.8287725051 0.9915495486 0.7785252492 0.7746354913 0.6488013097 0.6372856001 0.4535503282 0.9341288152 0.8558600391 0.9385598198 0.7093196960 0.9562019529 0.1922925431
 0.1234346602 0.0242576591 0.2328226454 0.7040004127 0.0576270689 0.0009599585 0.7720033383 0.5207222780 0.3712912295 0.0211247578 0.0483229309 0.2655574835 0.1733288694 0.4559471164 0.1738343420 0.1450779188 0.0620705084 0.0292648057 0.0525827422 0.4527258118 0.0325957721 0.0733521485 0.3108632494 0.0447959346 0.1216952517 0.6085695141 0.3325675466 0.1827163639 0.5887187277 0.2133252907 0.2693769605 0.6572400965 0.1522197057 0.1205471224 0.0921905106 0.4561934814 0.3709803909 0.3945903093 0.4313007212 0.6320796918 0.3494351471 0.2249783919 0.3451827880 0.0170008048 0.1615709931 0.2419420492 0.6260551766 0.0798062879 0.0987142193 0.0616213407 0.0619801564 0.0510837174 0.6140804405 0.3265158654 0.2522589810 0.6008901927 0.0335427035 0.5032702747 0.0050460828 0.2399329360 0.0081919004 0.3819696567 0.0352019046 0.1636601432 0.4501116961 0.1602411626 0.5504057945 0.2197770510 0.5948592418 0.6459287358 0.3698990767 0.4992337077 0.1887589600 0.0966883764 0.2968931517 0.0993207834 0.3534779127 0.2865907868 0.2035584854 0.0183149237 0.1040212184 0.0043659145 0.4093407616 0.1304597538 0.1524071908 0.4551790697 0.1712274949 0.5000000000 0.9161410935 0.9612041171 0.7944631751 0.5068802882 0.6065065862 0.6665768964 0.6202773464 0.3217863861 0.8410007010 0.9952706781 0.6801093009 0.9078855763
 0.3706616096 0.1892814613 0.0685236762 0.4201921456 0.0149519360 0.0018789689 0.5637081559 0.2247590702 0.3736732190 0.5998099568 0.0522901947 0.2872474329 0.0157336517 0.2051567394 0.0713574866 0.0440266454 0.2006873634 0.1084942715 0.4659679430 0.0672285295 0.0403569581 0.2671664507 0.2891113734 0.0259501472 0.1477906543 0.0255886931 0.8061753688 0.1709812625 0.1394598393 0.3760088238 0.1389946500 0.1400894194 0.1073028493 0.0731566328 0.4057368547 0.1341026394 0.3238137296 0.1276778500 0.5365255935 0.1598492281 0.0069450982 0.1193181012 0.1487824778 0.3577578293 0.1789357826 0.1802667692 0.4245629911 0.6055218483 0.3218112027 0.1603547620 0.4306245243 0.7240055174 0.5249959361 0.6297766464 0.0765869653 0.1185874686 0.0024022185 0.3620857159 0.4978027013 0.1294966038 0.3610185397 0.2974660685 0.1271507937 0.1987700554 0.3416445785 0.0987558329 0.2582566796 0.0043847880 0.1535076779 0.3936226491 0.1721704235 0.0232355925 0.0234471142 0.1037391585 0.5042042786 0.3098823776 0.4561598341 0.4305302962 0.1255463271 0.3695249216 0.4672202303 0.7190826203 0.0905408166 0.0975446397 0.1689025037 0.2647120018 0.0084504514 0.0838589065 0.5000000000 0.8739708209 0.9104622788 0.8261932411 0.4253974220 0.5525871443 0.4751662259 0.5113171617 0.8819106171 0.5282079830 0.6736079211 0.8558986062
 0.2006139617 0.2056821113 0.0186941661 0.2092587368 0.1559515640 0.1851543005 0.7091981361 0.2219880664 0.1015992101 0.0212316939 0.6705499581 0.4775938433 0.4996754652 0.2221472887 0.0192079145 0.6370306283 0.0031021789 0.1660258108 0.1453402319 0.6302849858 0.0344738894 0.7233287832 0.1313075896 0.4460779835 0.1824543617 0.1152936607 0.6614556926 0.2182652384 0.1476098121 0.3513425341 0.0717846186 0.2839260104 0.1790983591 0.2025288029 0.0010948752 0.2544123462 0.0460816861 0.1893123291 0.4927950178 0.4027746506 0.3983553793 0.1442532006 0.1239293856 0.1180194842 0.0542089593 0.2088723595 0.1642488659 0.1399509474 0.3254369369 0.7227990526 0.0240409423 0.5808889446 0.8557796158 0.2127914972 0.0751405819 0.4529135861 0.2449805885 0.7321285467 0.1146348840 0.2263306856 0.1656467697 0.1543214473 0.1535524637 0.2127489165 0.5241757946 0.0694700045 0.1166134191 0.0444122399 0.6440703425 0.1893425249 0.4454526919 0.1358590486 0.0531617489 0.3099275440 0.1871659957 0.1818590806 0.7600643430 0.1976674838 0.0023803227 0.3675894374 0.7495920404 0.1844378022 0.5721715036 0.5554870441 0.2610124674 0.6540711194 0.2214747508 0.0387958829 0.1260291791 0.5000000000 0.9462071037 0.3816472891 0.6975633743 0.9684534201 0.8512624600 0.6610181463 0.9624387894 0.9452777987 0.5360171874 0.8756847847
 0.4186187728 0.4556662225 0.2551804070 0.0623870254 0.1861975264 0.3002052463 0.2446000579 0.4895548316 0.2499844782 0.0534341156 0.0641656643 0.1596285159 0.3610074389 0.0495477230 0.2949372455 0.0328056548 0.0497469078 0.0304964851 0.0817601849 0.1547816216 0.2847749984 0.2670870384 0.1811317403 0.4867740637 0.0011414152 0.1657524603 0.1714089177 0.4284606152 0.4852503303 0.0087770944 0.3400036426 0.2743996085 0.3879593080 0.0187787596 0.0012641523 0.0920229755 0.7070531456 0.4955092500 0.0655317565 0.4994468755 0.5238488139 0.0524547466 0.0282610295 0.0420533088 0.3016003365 0.6227837522 0.2067379527 0.0741346364 0.1827141423 0.5557178516 0.3575701483 0.1219245965 0.2190989299 0.0295443238 0.2638090432 0.2219820959 0.4911197554 0.0454826320 0.2338552303 0.2595680697 0.2067090751 0.2266124170 0.2879489492 0.3976010193 0.9468202739 0.4069944818 0.1835378892 0.0045948089 0.3531085364 0.4317989976 0.0363193372 0.2374765483 0.3291840796 0.0807837181 0.5163802253 0.1921228222 0.0035786884 0.4300330851 0.3504114741 0.6464457891 0.6359598501 0.4320105889 0.7030656072 0.1237966385 0.1237937350 0.0678376511 0.2253645087 0.2055368249 0.0895377212 0.0537928963 0.5000000000 0.9353092798 0.8824742041 0.7088420698 0.6886683248 0.5170300948 0.9630908107 0.8796309084 0.9560093175 0.7313655594
 0.0503554961 0.3610701916 0.0815947001 0.0588989383 0.6857076759 0.1738591675 0.2105530535 0.1883567394 0.8315951965 0.0939226988 0.2122943499 0.2137859336 0.3541975689 0.2977606458 0.0662909372 0.3442579202 0.0568505592 0.0025774683 0.2108362114 0.2671283535 0.0240930709 0.0729486974 0.2081566144 0.6053022076 0.3567258896 0.0840184062 0.0583239226 0.1792205602 0.0048982040 0.1128881419 0.0839161759 0.0983337591 0.2617904777 0.7648990590 0.5085989349 0.2514392841 0.0108389159 0.1091887612 0.0072093572 0.5831874646 0.2525892151 0.1223007658 0.0566137256 0.1461171043 0.0057892815 0.0014772828 0.3001476115 0.0492882870 0.0017680601 0.1759175998 0.3554053484 0.7436940606 0.3719109323 0.1478434523 0.0671866533 0.0922199040 0.2030945881 0.1259281250 0.2397463133 0.0622578897 0.3406565226 0.0807969802 0.3241327232 0.4300633524 0.0086610832 0.4438264617 0.0421159899 0.1871689403 0.6085673701 0.0422542728 0.5374458960 0.2377574662 0.3692343135 0.0087990323 0.1763895591 0.3158863871 0.2473650103 0.2930760405 0.5787118998 0.3773679553 0.3160915616 0.2601737774 0.0940930394 0.3978340941 0.1926892766 0.0471895803 0.3511986903 0.4931197118 0.1738067589 0.6183527109 0.0646907202 0.5000000000 0.8726092162 0.9687695536 0.9956043094 0.3822597204 0.5720602325 0.3336281693 0.8138604647 0.8193618570
 0.2064907193 0.0968550535 0.1155656489 0.0007992857 0.2123186239 0.1494773432 0.0114331876 0.1626801008 0.2133924366 0.3307880502 0.2316688975 0.6563139880 0.0008960702 0.3281108090 0.6593881604 0.1564519254 0.3991661261 0.3146085091 0.1386340215 0.3251508418 0.1751391500 0.3560464705 0.0726013058 0.0533403277 0.0104766773 0.0622373731 0.3329688046 0.2141232592 0.1673093378 0.1607020793 0.1904074710 0.0145446262 0.4641269781 0.5005872059 0.5419174226 0.3300395788 0.1103652421 0.1989530594 0.2177686618 0.1887680343 0.2425520797 0.1778345496 0.0406419332 0.5238465948 0.2115092830 0.6621604184 0.0031653007 0.3020377769 0.1726163828 0.5493984036 0.7024833811 0.2585018772 0.0617822533 0.0313306919 0.2548597951 0.4553061744 0.0049841400 0.0113857087 0.2017610398 0.1061855807 0.0170308224 0.0260557235 0.2818802707 0.2380120124 0.1231634152 0.2864158989 0.3615711447 0.3013814627 0.3687989939 0.2581868947 0.3115138668 0.6230044694 0.2074187726 0.1581523333 0.0411903767 0.6632216624 0.5318400813 0.0167759785 0.0291933972 0.0433047071 0.0316823357 0.0795307182 0.2973559162 0.1980034356 0.0051835471 0.0491007851 0.3627143999 0.3934934138 0.5746025780 0.3024366257 0.1175257959 0.1273907838 0.5000000000 0.7891329054 0.8475651551 0.6136756120 0.8851546157 0.9202705812 0.8016572393 0.8030951708
 0.4092473673 0.1871883126 0.3242771533 0.1148070873 0.0453165084 0.0741757364 0.1018914229 0.1417813791 0.1348086851 0.3602275147 0.3711739515 0.1070375198 0.0721438214 0.3564686292 0.2799831031 0.0590897220 0.1727255619 0.1447998997 0.4232747139 0.2090933614 0.0735070272 0.2386515788 0.4160260007 0.0190183631 0.2058176103 0.1612253848 0.0278034421 0.1306135439 0.1110217707 0.0588837164 0.0351175888 0.3953434042 0.5929452454 0.1253366495 0.0305030503 0.1470827786 0.1813635379 0.0095273643 0.3560093017 0.0918899931 0.1715008004 0.0025116739 0.0831874460 0.0870805451 0.0125708470 0.0779586623 0.4392778871 0.4888911187 0.2112417597 0.1296401090 0.0809962308 0.2248404062 0.6081490603 0.1622545994 0.0331872635 0.3188688089 0.3040474691 0.4867492025 0.3130244345 0.1205956378 0.1918495578 0.0936937994 0.2013615031 0.6837491599 0.0046040867 0.7284975010 0.2772857313 0.0415716211 0.6072049833 0.1033815044 0.0773717801 0.1193167202 0.6768376964 0.3575299636 0.7308289318 0.2667017620 0.0993953865 0.1291154414 0.0607100526 0.0530676449 0.0873219613 0.0125938582 0.1884070254 0.5732402594 0.1490858835 0.3481982157 0.5464496718 0.3334231036 0.4474128557 0.0315465799 0.2911579302 0.0312304464 0.2108670946 0.5000000000 0.9588943798 0.7488582566 0.5656449119 0.3679364102 0.7577351819 0.8776051150
 0.2102410799 0.1091715544 0.3666274339 0.0696483647 0.4334725478 0.2568839142 0.0979320128 0.0190189316 0.1385046333 0.0272128089 0.4500563112 0.4174286699 0.0433301366 0.4062054568 0.0461695446 0.1088138554 0.1092290170 0.0608848976 0.0512064402 0.3575281548 0.1882853909 0.0233439081 0.1639998127 0.0531119915 0.3601619905 0.1691910345 0.1033222100 0.2347565623 0.1652203560 0.2310053551 0.2707213373 0.2895958137 0.0122043779 0.7434983058 0.0410657899 0.2559691429 0.6182529154 0.0204360394 0.0749468485 0.0873304977 0.1335455863 0.1543419662 0.3396474479 0.0251703104 0.0307030929 0.2307339740 0.1338512954 0.1681474689 0.4363922981 0.1855262978 0.1119160912 0.5761268417 0.3040014104 0.0222238216 0.2562533695 0.3377631452 0.0807348278 0.3335885501 0.0786940045 0.2562309017 0.3348545582 0.1075026227 0.4012283338 0.0262697458 0.0671170329 0.0939178515 0.1263604137 0.2753340209 0.3515509492 0.1416427265 0.2225419012 0.2922540512 0.3108821798 0.0891642660 0.4384516982 0.2988621270 0.3303299941 0.8228957225 0.2379548806 0.5584392418 0.0552839318 0.0825135134 0.5208231068 0.0274473929 0.4729190168 0.1311135949 0.0658711848 0.3797226536 0.5248337741 0.1487375400 0.3113316752 0.0043956906 0.1524348449 0.0411056202 0.5000000000 0.7956208737 0.9305584202 0.2047401606 0.6167617716 0.9328172024
 0.4410337475 0.1107733212 0.2142182410 0.0628866089 0.0025136848 0.2044747537 0.2461564658 0.0500423439 0.6340470886 0.4758809703 0.4767767272 0.1550039552 0.0240469380 0.6197845378 0.0867214193 0.1783929303 0.0539464040 0.4532960899 0.1629839262 0.5935306763 0.2120333099 0.1819149155 0.0951110161 0.2516094690 0.1786236025 0.0250494996 0.1607065722 0.4957815509 0.1698371920 0.1598292422 0.1176910313 0.0976395844 0.0333172379 0.1950938864 0.1102365709 0.0699464168 0.3790848329 0.5362103546 0.4954929579 0.7634112010 0.3685517739 0.2131894277 0.1773522620 0.0528912581 0.0013136210 0.0333436434 0.5584352475 0.0242667801 0.0783077409 0.0852734143 0.3475789123 0.2038469680 0.0067189968 0.5471654571 0.0451812317 0.5120893704 0.1976562138 0.6795229505 0.3774287205 0.0156388953 0.6213470410 0.2067141555 0.6344645089 0.3170137677 0.0518341886 0.1072181279 0.0510218645 0.1342972569 0.3571653904 0.0522632989 0.0098280214 0.1117746882 0.6229052978 0.0677349185 0.0416463117 0.3144995237 0.0310368036 0.0996615875 0.4152508555 0.0051519791 0.2325828825 0.3385711418 0.0306001246 0.4636452519 0.3211790083 0.1464532651 0.1441399609 0.6782136139 0.4886828383 0.3389818537 0.4829699052 0.6177402796 0.3863243880 0.2511417434 0.2043791263 0.5000000000 0.9574582903 0.9622397766 0.9874682585 0.8016365154
 0.4522132948 0.1927007999 0.3636289976 0.3536875580 0.4984957970 0.0620318388 0.1749143731 0.0197959228 0.4710440027 0.3569650333 0.1255252617 0.2039339983 0.3782395155 0.4242329847 0.1770687173 0.6214980891 0.0760672266 0.1585201362 0.0436174167 0.2172425466 0.3742310390 0.3988217972 0.4257401512 0.2389031039 0.1605769839 0.2624130894 0.0471600754 0.1620600019 0.3871573372 0.0810558241 0.1243443764 0.2103318896 0.0218929878 0.5747945868 0.0513767755 0.0762984578 0.6415957973 0.1232021617 0.1420013106 0.0116068207 0.4370180574 0.3767740512 0.0946732178 0.0144781502 0.1210723000 0.0132312771 0.1412858293 0.1292996639 0.4311815553 0.0983970315 0.2595694772 0.5763186362 0.2158251377 0.0296099087 0.2483094509 0.3275734154 0.0678985460 0.4182340967 0.0740842643 0.4207401296 0.3931162184 0.7004500935 0.2245531351 0.3379912859 0.0334753013 0.3754627077 0.2046584580 0.4514973346 0.1328013877 0.2548617795 0.0277323046 0.4417470044 0.0460558998 0.0084438939 0.7828874681 0.0340989704 0.0462922219 0.0140613440 0.0724416333 0.2162043143 0.6249435627 0.1950131181 0.1579806626 0.1623961190 0.3642726358 0.0200722671 0.0614401802 0.1589992990 0.1180893829 0.0375612106 0.0369091893 0.4279397675 0.1148453843 0.4343550881 0.0694415798 0.0425417097 0.5000000000 0.5510646157 0.6299868897 0.8708632040
 0.0888333688 0.1035134661 0.0683879433 0.0174835528 0.6854455328 0.1279199876 0.2090705836 0.0988749476 0.3947447875 0.3806802311 0.1205643508 0.4425452899 0.5076206325 0.4624975582 0.4009106711 0.5524932637 0.1070957330 0.1528569064 0.6328574127 0.0322382092 0.2280776075 0.0565636592 0.4533882946 0.1532444065 0.4754977461 0.2739061955 0.0921140686 0.1669808296 0.1660151639 0.3548738872 0.4931469157 0.4572098911 0.0219163772 0.5409997603 0.3248559204 0.0826068587 0.2780311616 0.3502822397 0.3058887671 0.0694626152 0.3641024260 0.1644653774 0.1795942170 0.5153380402 0.3593895861 0.0313614860 0.0507808391 0.2826773337 0.2265261301 0.0056651655 0.2259309659 0.4670382723 0.0396454204 0.3500881958 0.3138694516 0.3004642891 0.2722185326 0.3279626970 0.3524074044 0.3965794591 0.3901880319 0.2504783986 0.4114070072 0.1877052152 0.2366099091 0.0560005534 0.4723633470 0.2015300110 0.1126705602 0.1070778098 0.2461929021 0.2556635700 0.1986019001 0.1059728107 0.3433265787 0.2455594696 0.1215910165 0.0657206018 0.2218473947 0.4107772456 0.1771387539 0.6246669572 0.0986857586 0.0688967555 0.0987905728 0.1534469885 0.2906803040 0.0047293219 0.4717920170 0.0547222013 0.1203690916 0.6663718307 0.0797294188 0.6320635898 0.7952598394 0.0377602234 0.4489353843 0.5000000000 0.7024003248 0.9197965049
 0.1178322976 0.2784241516 0.4165728628 0.5244803077 0.2801281934 0.0201056478 0.1619727462 0.3746451925 0.2218978382 0.5838659817 0.1585139849 0.6566448057 0.0161286279 0.2689909982 0.0818801381 0.1858190210 0.1393352413 0.0822961204 0.0946915057 0.0340884379 0.2663549689 0.4029448099 0.7313262500 0.2432993881 0.1064351494 0.3938334678 0.0721790653 0.1978262316 0.0536715086 0.1276702340 0.1628675577 0.3620485424 0.3774429406 0.1737554053 0.2685480247 0.4125320456 0.2041611524 0.2939676300 0.2210769023 0.2210045793 0.0925540431 0.0877441086 0.1939614617 0.3863469053 0.0894238826 0.0080783262 0.5203220467 0.2294205438 0.4662572976 0.0181016834 0.3718115805 0.0907517005 0.0019745095 0.0121131501 0.7079964619 0.2742275758 0.0102065280 0.3168168363 0.0496403433 0.3715052406 0.4264253588 0.7117842966 0.0758173323 0.1731306500 0.5625805102 0.0740427834 0.0292565772 0.1440799203 0.1858014207 0.6367178166 0.2169915392 0.3218069946 0.2350033760 0.1464606853 0.1448131846 0.2824149239 0.1085708001 0.2909469729 0.5040526702 0.0604755698 0.1350270689 0.2082980526 0.8369548195 0.1110297374 0.3252597655 0.0238784926 0.0437980471 0.3198906991 0.3263920789 0.4639828126 0.0439906825 0.1861395353 0.1983427607 0.2422648181 0.3832382284 0.0125317415 0.3700131103 0.2975996752 0.5000000000 0.8234387433
 0.0363549565 0.2932434077 0.3392424048 0.0013753256 0.0629245265 0.2373128470 0.4020876328 0.2098700149 0.1420143588 0.2162336650 0.0231990353 0.1076657177 0.1827020780 0.5151116366 0.0926187500 0.0073042957 0.3818491966 0.4837058225 0.3429745617 0.3263554311 0.2957815019 0.2017196310 0.5246329734 0.0483070849 0.0300129376 0.0323512327 0.1684068891 0.3070672833 0.0762658320 0.9150782484 0.2223664369 0.1871968256 0.7361500236 0.7071871343 0.5302306073 0.3454171263 0.3835594129 0.7327859627 0.6907606454 0.0201357495 0.3217119423 0.7660785309 0.6718589316 0.3742453796 0.1665591761 0.2645570809 0.2368617937 0.2403601477 0.1358854559 0.3240160126 0.4585069108 0.3029433112 0.6152269844 0.3547445648 0.2665309659 0.6769676378 0.1194697390 0.0795141018 0.0113361532 0.0792750530 0.1845606534 0.7360921211 0.2308238257 0.3147518342 0.4655659939 0.1426074430 0.3617375437 0.1006137329 0.3072353368 0.0668356071 0.4934614389 0.3177533996 0.3388123665 0.1200242170 0.1382167480 0.0577562772 0.0705784580 0.0576323093 0.1698641964 0.0840841441 0.4647874477 0.3503065882 0.1564347055 0.3086634185 0.1471265405 0.0091709452 0.8077074569 0.0921144237 0.1441013938 0.1243152153 0.2686344406 0.1806381430 0.1969048292 0.1223948850 0.0671827976 0.1983634846 0.1291367960 0.0802034951 0.1765612567 0.5000000000
]
