n: 100

c:
[
 0.5000000000 0.8942712827 0.9330386948 0.8292244661 0.8553477992 0.5780900175 0.9054729512 0.7649246307 0.6233839890 0.9895504955 0.9009898696 0.4197310432 0.6328105680 0.6725040436 0.8553177250 0.7209578914 0.8441865773 0.8022950613 0.8372589674 0.6943940629 0.8237419637 0.3153418339 0.2829247879 0.9497027076 0.9028105385 0.6272680771 0.3077049633 0.7812222701 0.8293044428 0.7574701555 0.4945829391 0.6218699821 0.8915027743 0.9668077606 0.6854111615 0.7101900412 0.9021100830 0.8495627782 0.9527651823 0.7971968126 0.7300344453 0.4914698552 0.9075181837 0.8944310536 0.9693992877 0.8916396873 0.9515224539 0.4194552889 0.6763994313 0.6732968347 0.7628894621 0.5756102656 0.9215980965 0.9880160281 0.9256162322 0.9395323164 0.7393453711 0.8095883175 0.3967994815 0.6667810710 0.5944049877 0.7023162662 0.9407084974 0.6971131477 0.5328370856 0.9258077650 0.9525519162 0.2598641820 0.9356848973 0.9783686468 0.2675410143 0.6725152308 0.7578130930 0.8208215687 0.5258119939 0.9779593375 0.8890725402 0.7769719296 0.7275677343 0.8711685244 0.8772315534 0.7630998158 0.2357311640 0.5191917058 0.9981160252 0.4901143747 0.9135028922 0.9932059933 0.6721202905 0.7672560705 0.6798695289 0.9334525710 0.5972873800 0.9268500006 0.8005119814 0.7793884810 0.7506788336 0.9712005151 0.7192118124 0.9344633449
 0.1057287173 0.5000000000 0.8614009534 0.6869619591 0.7837692103 0.8029462219 0.9523008150 0.9440761354 0.9059417906 0.8924365789 0.8956105853 0.6505330618 0.7114701156 0.7138952190 0.9085685073 0.8597809358 0.5985821380 0.8289531529 0.3757674280 0.8618600672 0.7806389795 0.9872511961 0.4325942862 0.7576395739 0.7408539858 0.4279629529 0.8982321214 0.6802933853 0.8905225887 0.2751856610 0.1591887846 0.8042285635 0.8218244727 0.8226635733 0.3946907752 0.4330224292 0.9101522052 0.5336992563 0.8284119121 0.8358354152 0.6504784280 0.6720583660 0.1244217029 0.7619550716 0.4832106282 0.8761352583 0.8666285080 0.6365847150 0.5753718445 0.9368918081 0.7713619666 0.9494112316 0.8874939465 0.6543132006 0.8377035714 0.9803402985 0.7062617026 0.7779886813 0.7553769747 0.5732069117 0.6541765253 0.9423567660 0.8418463211 0.5769696004 0.3880627873 0.9016972359 0.8771189969 0.8948939466 0.9064135235 0.9784844349 0.9704870405 0.9867170375 0.8949698817 0.5793682197 0.4776969823 0.5541320059 0.7534431483 0.9261073945 0.6195170919 0.7913706447 0.6859472379 0.9060737997 0.7121885929 0.9862346187 0.9936002205 0.5361915267 0.6909363055 0.9674639741 0.2358598289 0.6225291410 0.9262512239 0.7590188949 0.9716913109 0.5902391253 0.8394662019 0.8396563281 0.9081371525 0.9472662090 0.3909780925 0.6231577650
 0.0669613052 0.1385990466 0.5000000000 0.5263947488 0.5700115927 0.9977705039 0.9921855225 0.8202575290 0.8248338919 0.8739397455 0.7013041842 0.7168633761 0.9788994775 0.8286025940 0.7885523049 0.9792617808 0.5132167501 0.9959062371 0.7559251861 0.7849833720 0.7862816135 0.9746483619 0.2373650735 0.7666415778 0.8952260628 0.9411810590 0.5583376320 0.9628916184 0.8181744560 0.8234140374 0.8937998560 0.8694207420 0.8541684238 0.7193348893 0.8079932452 0.6974143250 0.7535544591 0.6766222739 0.5866356742 0.5547947386 0.9265794620 0.7269083412 0.3447631724 0.8974293737 0.7266023865 0.9586314522 0.7799763329 0.7100966104 0.9188028923 0.9872954296 0.9269304419 0.9085049180 0.7326451249 0.9179001867 0.5629189296 0.5653536661 0.9063163966 0.8224586105 0.7812354528 0.9416971307 0.5806384710 0.9592905727 0.7781818650 0.6522940811 0.3592511810 0.8648613981 0.6563887561 0.6320999544 0.9689336450 0.7817908668 0.8170331958 0.5698293828 0.8205808761 0.7509734101 0.9594804630 0.9607774705 0.8825695607 0.9174180520 0.7938028079 0.7381749010 0.9171988508 0.5939928866 0.7797078898 0.5862962748 0.8290773669 0.4978115050 0.5596451883 0.8310858974 0.7349236642 0.4324978445 0.3122809366 0.8652323430 0.4920635839 0.8830467116 0.7856699874 0.9529379188 0.6243903387 0.3784392034 0.6228210886 0.6812962943
 0.1707755339 0.3130380409 0.4736052512 0.5000000000 0.6061833610 0.8238299380 0.9742350226 0.7170633537 0.9085843233 0.7967844641 0.5919879477 0.3888712622 0.9330036440 0.4477533574 0.4640722454 0.5487585952 0.9774992235 0.6889150017 0.8999115611 0.9309143791 0.9589948646 0.3723850187 0.8303419257 0.9150447405 0.8276836795 0.9201112113 0.9878872777 0.8593942118 0.5335357099 0.8422081900 0.4974462466 0.9999048058 0.8520552594 0.7944079827 0.6442827644 0.6856794624 0.8994726124 0.7538694300 0.7965818003 0.5253665987 0.8409855481 0.9494636345 0.6876341606 0.7672542078 0.3762167641 0.3898227573 0.7910421602 0.7406244647 0.7035964576 0.8765208255 0.4894561257 0.9528663044 0.9951374503 0.4635471078 0.6862694109 0.9903723475 0.6657566859 0.6332635375 0.8654008195 0.6151718510 0.9399425773 0.5965004136 0.9682090566 0.9072535691 0.9963389613 0.7794577194 0.9500407005 0.8087187776 0.5543602081 0.8833161214 0.9009986032 0.9972184490 0.7672828492 0.9523507480 0.9722335980 0.6451523717 0.3970805844 0.7999305595 0.4237987626 0.4564393297 0.5701365280 0.7180080483 0.9453771282 0.7583040864 0.4764067647 0.9529254226 0.7059172415 0.9807065620 0.4993764934 0.4782423180 0.4297952786 0.9638195268 0.4032585771 0.3486625595 0.7428760645 0.7217936609 0.9358569573 0.7688039170 0.8979353953 0.9969123923
 0.1446522008 0.2162307897 0.4299884073 0.3938166390 0.5000000000 0.7183162102 0.7571506465 0.5798368767 0.9434905798 0.6749097620 0.7134810490 0.7329189507 0.4645146285 0.9386452742 0.4750994838 0.9905605756 0.8678898589 0.8883210481 0.6338848032 0.6797477935 0.9896547793 0.6564413971 0.9322024854 0.7699129821 0.9380820448 0.7725580671 0.3623483075 0.1952403096 0.7914039093 0.9812374828 0.6377614035 0.7297102555 0.8277674627 0.9391867704 0.7016986511 0.9861101875 0.9658442283 0.8901776410 0.9136053499 0.5856642800 0.3670745128 0.6420213147 0.6039397698 0.9277797058 0.9269069007 0.9738755658 0.9487548065 0.8928515825 0.5466012189 0.9345270167 0.6989729297 0.6248229787 0.7463736893 0.9201765409 0.4522633193 0.7993175536 0.8205600929 0.9146493660 0.9447187485 0.7648748298 0.6228207765 0.8295874136 0.8609923271 0.8984105391 0.8296644714 0.6812536583 0.8749772381 0.8200503067 0.4308506515 0.8687689126 0.8709420631 0.8314233360 0.2864256990 0.8154516424 0.9621941505 0.9707289871 0.8942065294 0.5144599850 0.6848019653 0.8626511237 0.9831966514 0.9157731395 0.8856032752 0.9848584181 0.9740906626 0.9137289505 0.9937284716 0.7289740310 0.9216918329 0.5210936668 0.7980194133 0.9033356914 0.8975995773 0.9033335627 0.7658820662 0.9273456749 0.3149247419 0.5538907555 0.8150358665 0.5812693080
 0.4219099825 0.1970537781 0.0022294961 0.1761700620 0.2816837898 0.5000000000 0.8351940752 0.9108799896 0.5678553145 0.4279876360 0.4116708973 0.9869097831 0.8944884722 0.9855629195 0.8554944887 0.7207477056 0.1580410076 0.9309888270 0.1844035165 0.9797557323 0.7370676091 0.4409956711 0.4867456323 0.9514304173 0.7915994223 0.8651426710 0.8685228846 0.3331639575 0.9890398547 0.2384152279 0.7670417800 0.8589423440 0.7356835982 0.9797618082 0.8341346162 0.9339613926 0.4252640901 0.9487689999 0.1707439625 0.7734553622 0.9883095671 0.8071252350 0.3218824674 0.3438615148 0.8923963211 0.7835781227 0.7798933430 0.7284018301 0.8368049077 0.9575310077 0.9493181069 0.9755751595 0.6004525154 0.6283592656 0.9606353485 0.7955050075 0.9649597711 0.9501367357 0.9707653039 0.9980307203 0.6099337520 0.8675508615 0.9144115415 0.9215342498 0.8837244313 0.9526553124 0.2983825578 0.4409046558 0.9263398717 0.6726237468 0.9758563943 0.6788940035 0.9330541848 0.5883893704 0.8906317968 0.9985273029 0.7537480480 0.7669894080 0.7005066133 0.8931323768 0.9178591661 0.7498182099 0.3993723318 0.9975353809 0.6078405829 0.8379485071 0.3932702850 0.9570530386 0.8085684957 0.8626530381 0.8210826523 0.8920226928 0.8867477973 0.7371529990 0.7888313919 0.8049728746 0.7428709259 0.8114478795 0.8848061156 0.9105035283
 0.0945270488 0.0476991850 0.0078144775 0.0257649774 0.2428493535 0.1648059248 0.5000000000 0.9612833165 0.9851831434 0.4922713966 0.9692713050 0.4484401197 0.6036242650 0.6334355513 0.9356071733 0.7778648592 0.8377395526 0.7395242951 0.5049013350 0.9960830528 0.9676394725 0.9451570139 0.8019247596 0.3196890382 0.7921400196 0.9448308623 0.4997276291 0.5511999946 0.7900424025 0.7681674988 0.9611737305 0.6627552854 0.6833282177 0.5632183735 0.3729031569 0.7408414395 0.7484344135 0.5604796249 0.6545815595 0.9633144596 0.9192189548 0.5057686210 0.8854248311 0.7926095080 0.8159134849 0.7185197802 0.8230904536 0.9949090053 0.9499233436 0.1795069138 0.7108649544 0.7700322819 0.7457333389 0.3715081936 0.9778234302 0.7831916418 0.7113092098 0.7444875827 0.7666332964 0.7591171147 0.8085670833 0.9072870934 0.5453073978 0.8634103674 0.5750359388 0.7522460136 0.9705713971 0.9941078953 0.9344287212 0.8653173471 0.8843095834 0.9971245915 0.3030241867 0.9146792276 0.7249837820 0.7727507059 0.6929517886 0.6858812507 0.9838215930 0.7954414061 0.4083803598 0.2053757088 0.7944629659 0.4547077734 0.8675026160 0.8264084559 0.5844488019 0.6850246157 0.6669914888 0.6803859482 0.9310912950 0.9670839164 0.8199058728 0.6657376816 0.4563975587 0.8423660332 0.7131371293 0.3403935022 0.9825599120 0.8334230637
 0.2350753693 0.0559238646 0.1797424710 0.2829366463 0.4201631233 0.0891200104 0.0387166835 0.5000000000 0.9800734753 0.4484283754 0.8842590945 0.7635204132 0.4275138979 0.5309976474 0.8485199677 0.9328467537 0.9781775445 0.8065335777 0.6671246315 0.8226401200 0.4286495054 0.8027943672 0.9485643158 0.4284160497 0.9429551361 0.9364633062 0.6657200760 0.9948092142 0.9147275040 0.3127608668 0.5564070049 0.8262117273 0.4642023281 0.7668768719 0.8281717428 0.6173641395 0.9833806283 0.7268362954 0.8203602591 0.7613697425 0.8223391124 0.6657841498 0.8256044543 0.5630048523 0.9778211186 0.9560220957 0.7842701756 0.6440872296 0.9775454320 0.8194668560 0.9417818486 0.4875309048 0.7720538182 0.7470482414 0.9732398497 0.4424432703 0.8608791706 0.8258842243 0.8164300968 0.8881681610 0.5358801327 0.7154457499 0.9167477945 0.8863144521 0.8851762112 0.9034438510 0.6363873211 0.9709548787 0.9284720808 0.8222974575 0.9320309266 0.8859978498 0.8245040174 0.5201143617 0.9777812206 0.9467702102 0.6480842938 0.3665110042 0.9162516102 0.6527599190 0.9362881214 0.2666254382 0.4373530519 0.8524316728 0.7693806991 0.3882182318 0.9073329898 0.8387535055 0.7594936564 0.9006167865 0.8611653686 0.9945433666 0.9202279220 0.9290931889 0.9882629920 0.9168592406 0.8403493564 0.9745293850 0.7307505353 0.7404592609
 0.3766160110 0.0940582094 0.1751661081 0.0914156767 0.0565094202 0.4321446855 0.0148168566 0.0199265247 0.5000000000 0.6935509354 0.6663938217 0.9568090841 0.6672125970 0.4008769459 0.6137445796 0.5224734016 0.9949225584 0.7142996712 0.9584548093 0.6134656023 0.5611707459 0.9891924814 0.6516455411 0.5146077475 0.6792870896 0.6301879192 0.3863550450 0.5847020540 0.7009801954 0.9453997608 0.8096745248 0.9525060855 0.9480693159 0.7168635566 0.6724496956 0.3642485780 0.7290728088 0.8140580796 0.1867976994 0.6354045702 0.7732222923 0.6018578881 0.6391873674 0.8104254569 0.9904605410 0.5832791131 0.6569093228 0.9101310338 0.7358406752 0.8929016146 0.8562956935 0.7666866555 0.8326754559 0.6903986410 0.6168022172 0.8949436439 0.8924341508 0.7561448036 0.8545917769 0.8134740047 0.8485899372 0.3506328183 0.9550728996 0.5713154313 0.4410217957 0.8062488898 0.8287984088 0.7838945897 0.6761161109 0.9136220257 0.6584261247 0.9354851517 0.7686238705 0.7628240438 0.6329876382 0.8285638339 0.5802382934 0.8094520818 0.2848751536 0.3815739318 0.3383941605 0.7539397184 0.9367569700 0.8153216027 0.4117314574 0.5492068267 0.8691068475 0.6119459882 0.7869324466 0.8934487509 0.9161425828 0.9510801218 0.8500926024 0.2891331464 0.5110340165 0.9500682315 0.8249546856 0.2141049434 0.9139215036 0.3164646882
 0.0104495045 0.1075634211 0.1260602545 0.2032155359 0.3250902380 0.5720123640 0.5077286034 0.5515716246 0.3064490646 0.5000000000 0.4868922161 0.6547031446 0.8342000900 0.9634201360 0.7981930470 0.5273582612 0.6722810321 0.9891376489 0.3377020510 0.9277820467 0.2037408605 0.8545129399 0.6835935016 0.9255752383 0.4826162196 0.4645025620 0.7765341360 0.8324103161 0.9304295264 0.9270640795 0.6542732409 0.8306191078 0.4464841222 0.9168282225 0.5217721544 0.5087370207 0.5036276053 0.4060332059 0.7755836943 0.6688922649 0.9802331049 0.7752988985 0.8312323162 0.9843873302 0.2020277104 0.9501290119 0.9896809231 0.4886779661 0.5855844769 0.8966281995 0.8739215514 0.8020617888 0.3603894269 0.5613963145 0.5761501361 0.7247955256 0.8965755666 0.7444450750 0.9840168831 0.7719774638 0.4726183561 0.9091425611 0.8260647347 0.8487159437 0.9792604610 0.8748602257 0.6813803945 0.7372011519 0.9365997617 0.6235372258 0.5749258664 0.8386751516 0.9747308530 0.5777005276 0.8877424416 0.4580985152 0.7263064631 0.9181048696 0.4087167177 0.7652493691 0.9849088988 0.5177027833 0.8380017705 0.8039621164 0.9045938830 0.3105845862 0.9369805681 0.6426293720 0.5782279197 0.9192985724 0.9543579657 0.9617620555 0.9637381969 0.6349197550 0.5787310319 0.5167576484 0.6854150033 0.8302922810 0.7354423244 0.9376092098
 0.0990101304 0.1043894147 0.2986958158 0.4080120523 0.2865189510 0.5883291027 0.0307286950 0.1157409055 0.3336061783 0.5131077839 0.5000000000 0.4872388664 0.8956453514 0.8407044607 0.6556252347 0.8083774196 0.8877406554 0.7409786980 0.9165197831 0.7727326229 0.9031068839 0.6845911191 0.5725179089 0.4426232516 0.7178781099 0.5428968124 0.3026540347 0.7327606547 0.7605940823 0.6846478710 0.9438901456 0.6244293210 0.8135896583 0.4877188851 0.4808651326 0.9014565459 0.4802653977 0.7470368779 0.9318709340 0.8708534076 0.8188353179 0.2925069480 0.7801265760 0.4488959820 0.6587676406 0.3555189671 0.9776648224 0.5993366137 0.9707875348 0.9363056790 0.8688170776 0.7167774762 0.9640123818 0.7545001854 0.8358036860 0.8341804091 0.8537970145 0.2959916675 0.8658456914 0.7553955307 0.9281999774 0.9848988696 0.8503303844 0.4013755919 0.6578358197 0.5054743153 0.9299219380 0.4455615117 0.8198047997 0.9579172993 0.7877327002 0.7540468047 0.9657089911 0.3951267101 0.5381610066 0.7640168599 0.7889107137 0.7820586899 0.9587966624 0.9840347132 0.3357282443 0.7227276894 0.9656541884 0.7980927571 0.6831827394 0.6287132693 0.5195794574 0.9206996726 0.8727655611 0.8417103050 0.3578401911 0.3205703903 0.9771529990 0.7095054596 0.8175120027 0.8394538220 0.5878050692 0.6911992706 0.9820922403 0.8471286512
 0.5802689568 0.3494669382 0.2831366239 0.6111287378 0.2670810493 0.0130902169 0.5515598803 0.2364795868 0.0431909159 0.3452968554 0.5127611336 0.5000000000 0.8197241684 0.7584002991 0.8607990946 0.3031889555 0.8982931869 0.5722242398 0.8608487278 0.9129701490 0.7811515404 0.7754299253 0.5516788561 0.9527158154 0.9138306660 0.5765082691 0.8179388093 0.8776392915 0.9206293270 0.8997213258 0.8734746460 0.6148621779 0.9690195258 0.8014778705 0.8151579239 0.8089889383 0.6536034518 0.9651555580 0.7459878541 0.6193756798 0.8898136298 0.6508736926 0.4471651309 0.9930270736 0.4581864844 0.9994221772 0.9845391129 0.9156447089 0.5436035172 0.9989005234 0.7733298469 0.8064524510 0.5844904135 0.8438513585 0.6899841881 0.9588717649 0.8166631990 0.4091186687 0.8637045492 0.5909788073 0.8692632799 0.8510807814 0.6477699290 0.8474002571 0.9521277307 0.7907125674 0.6992620342 0.7937200403 0.8961281628 0.8560964612 0.8472749357 0.9213758543 0.9636119125 0.7179532417 0.9705893467 0.9284351402 0.8140961955 0.3560222060 0.3702865231 0.6229702005 0.2758810023 0.9020782126 0.6465566698 0.9431873211 0.8093561252 0.9769595432 0.1652475195 0.6175375727 0.9776641342 0.9755480784 0.6984017905 0.8314782200 0.7933287183 0.9342879028 0.7457730080 0.7238809905 0.8690783039 0.7286999788 0.9579515971 0.6583330557
 0.3671894320 0.2885298844 0.0211005225 0.0669963560 0.5354853715 0.1055115278 0.3963757350 0.5724861021 0.3327874030 0.1657999100 0.1043546486 0.1802758316 0.5000000000 0.1826354384 0.4456142834 0.8570263687 0.5249017516 0.8791576813 0.6303573291 0.6055050203 0.4744423910 0.6664223070 0.3401597125 0.7391139214 0.8636770391 0.8981979102 0.9422875336 0.3751664361 0.7458293155 0.8486705391 0.9616915091 0.6472784841 0.3602494535 0.6865865830 0.8877145685 0.9396146095 0.8995168745 0.6592293991 0.8585283884 0.6402781220 0.7072323205 0.2807439106 0.9072687422 0.9291276050 0.7606489413 0.9738017465 0.7137022300 0.4422235540 0.8627000058 0.9307968677 0.2779555521 0.8058310176 0.7687106408 0.9657259125 0.8873503851 0.2801593644 0.8569804987 0.6091195101 0.9238442883 0.7389327791 0.9788312488 0.8082691473 0.7925539351 0.6993745607 0.8068422312 0.7419173018 0.7347197081 0.4475461379 0.9644943704 0.5618380043 0.7207244867 0.8657632927 0.8896998645 0.6059745077 0.8869365751 0.8927658774 0.9710933612 0.7722844441 0.8109799231 0.6810447002 0.8035448772 0.4134612875 0.8597939509 0.6464756832 0.9612051644 0.5963617108 0.9055037997 0.8224293641 0.9553075373 0.9628651370 0.8714567613 0.9769731800 0.7723767607 0.7437555129 0.6331445923 0.6333917451 0.4512073529 0.6140265803 0.8810557255 0.9971290827
 0.3274959564 0.2861047810 0.1713974060 0.5522466426 0.0613547258 0.0144370805 0.3665644487 0.4690023526 0.5991230541 0.0365798640 0.1592955393 0.2415997009 0.8173645616 0.5000000000 0.7484437781 0.8512529947 0.9696591915 0.7881757547 0.6125508340 0.9640219235 0.4768036983 0.7760293672 0.3252809847 0.7623528701 0.9570273805 0.8768285887 0.9642478512 0.9701451464 0.9480629491 0.9675592193 0.8607309695 0.7688221934 0.6456136352 0.9663690858 0.9535481991 0.7706543197 0.5406628997 0.8744094474 0.8988571150 0.7286694462 0.9102413516 0.6685654276 0.9980417327 0.4025964499 0.9571091102 0.9083710540 0.9087766093 0.5267366593 0.9143441561 0.9063237662 0.4119510036 0.8725173490 0.7068466680 0.4447096014 0.8612124406 0.7924957058 0.5172206313 0.5977974193 0.5445860125 0.6155080862 0.9596440713 0.6148307783 0.8105017702 0.3766394193 0.8739877283 0.9709275536 0.9674969081 0.8352228310 0.9367829084 0.9022360314 0.6720582490 0.9505004418 0.8425465971 0.6499777023 0.2362243799 0.7548600474 0.7993209290 0.7683304615 0.8698028009 0.9824523237 0.7513069881 0.7678576655 0.8971642915 0.8438080557 0.3957715947 0.6773559733 0.9923862401 0.8913333876 0.7551076825 0.7030996976 0.9015768977 0.7734907990 0.9996639053 0.9935869881 0.8585913383 0.8796982842 0.9494152499 0.9491613488 0.6596220605 0.3042741589
 0.1446822750 0.0914314927 0.2114476951 0.5359277546 0.5249005162 0.1445055113 0.0643928267 0.1514800323 0.3862554204 0.2018069530 0.3443747653 0.1392009054 0.5543857166 0.2515562219 0.5000000000 0.6645570485 0.6621301513 0.8554381721 0.7643170034 0.5053867713 0.8745940736 0.6387826170 0.9702028605 0.5264120602 0.6159369170 0.6614348995 0.9426468311 0.9286372700 0.8479344634 0.5965521590 0.7085300955 0.8119094044 0.1816905085 0.4809163625 0.7343062661 0.7435894342 0.6703193014 0.6458346388 0.6590196682 0.9875883827 0.8351734970 0.4588145690 0.7898579303 0.8730551671 0.9834860290 0.8064835620 0.8438194883 0.8179554939 0.3497347038 0.2547648383 0.8288453829 0.8860575179 0.9206709619 0.7434481445 0.6063446707 0.9807012653 0.9146141264 0.8197079742 0.5163690238 0.4895296907 0.9828750800 0.5666255742 0.3286452883 0.7812378096 0.8977272549 0.8410870728 0.6290955012 0.7586692617 0.9799308269 0.8064915251 0.9813359503 0.9033825274 0.7685351004 0.4716411982 0.2265870865 0.8934547236 0.9713678712 0.6177615979 0.9953267091 0.5085835656 0.7990797073 0.1860827494 0.9354625301 0.9751825514 0.8072329479 0.9856321225 0.7748010043 0.6147648739 0.6091976075 0.2542564668 0.5311406602 0.9220061379 0.7818270991 0.9571255742 0.1047130835 0.9107597854 0.7209669266 0.5840603062 0.7626274964 0.8275514049
 0.2790421086 0.1402190642 0.0207382192 0.4512414048 0.0094394244 0.2792522944 0.2221351408 0.0671532463 0.4775265984 0.4726417388 0.1916225804 0.6968110445 0.1429736313 0.1487470053 0.3354429515 0.5000000000 0.7439865758 0.5656982615 0.9049573666 0.9340765453 0.9336400278 0.7706164687 0.5156311747 0.5900984145 0.5853260185 0.9600344663 0.8112550074 0.9935284377 0.1220547097 0.7420639124 0.8266880991 0.4317812685 0.3475744407 0.8817058756 0.6126814520 0.8378871469 0.9375885990 0.3381379670 0.9071693051 0.9333096883 0.6312773429 0.9259017873 0.9888222039 0.2778282149 0.7079029564 0.3961293402 0.6787650691 0.8956071869 0.3147256064 0.8460459666 0.6400689571 0.7688346269 0.8670718521 0.7315049908 0.5295654345 0.4106382514 0.9213115653 0.7617669391 0.9979630026 0.7711386630 0.6485976473 0.8923832338 0.7609984889 0.6389396821 0.5599540110 0.9683579351 0.7210382678 0.3741371553 0.9397789923 0.3718851352 0.9189555538 0.9689209895 0.9109076038 0.9497682214 0.5738663377 0.9662690330 0.3085820710 0.8849198214 0.6559010846 0.6490173510 0.7834566746 0.8140271096 0.8664081262 0.8028675540 0.8904692607 0.7327331871 0.6631754495 0.6808788463 0.8805891381 0.7356736966 0.8529703750 0.8227563781 0.9686726318 0.9277457588 0.7289313099 0.7410803202 0.9682898264 0.5545295594 0.6700682035 0.9197932021
 0.1558134227 0.4014178620 0.4867832499 0.0225007765 0.1321101411 0.8419589924 0.1622604474 0.0218224555 0.0050774416 0.3277189679 0.1122593446 0.1017068131 0.4750982484 0.0303408085 0.3378698487 0.2560134242 0.5000000000 0.8413121020 0.2502745435 0.9634301754 0.8310746558 0.5950591011 0.3493665467 0.5140902820 0.4761265677 0.8002458740 0.5665521723 0.4116518474 0.5544766292 0.7597445424 0.2308177431 0.7305449865 0.9045555684 0.5486826619 0.4570366339 0.4034732145 0.7929651167 0.8611578826 0.6021382962 0.9673569670 0.9955785993 0.7904594795 0.2630947202 0.6281416563 0.5935707706 0.6008961014 0.4806465365 0.1527183782 0.6139293323 0.2545272378 0.2238726757 0.4110319830 0.8706490997 0.7835378516 0.8450294271 0.9634229467 0.6038026205 0.9628821098 0.7831705123 0.5511548014 0.9180751166 0.7291668382 0.6821772709 0.7449583321 0.9320888298 0.6782029084 0.9009884625 0.3768971035 0.4657210428 0.9677597713 0.7121483904 0.8182359798 0.8766112800 0.9806784912 0.7880125450 0.6144235055 0.8751034769 0.9581979662 0.9728664001 0.3852639790 0.8202234079 0.8285146876 0.4784838864 0.6966057920 0.5541155093 0.3151628729 0.6817795041 0.9983435457 0.9488795590 0.6311933012 0.9461001903 0.9093886372 0.7429512995 0.9445498893 0.8302362136 0.7597373258 0.8469075456 0.4866706740 0.5034113773 0.8283729529
 0.1977049387 0.1710468471 0.0040937629 0.3110849983 0.1116789519 0.0690111730 0.2604757049 0.1934664223 0.2857003288 0.0108623511 0.2590213020 0.4277757602 0.1208423187 0.2118242453 0.1445618279 0.4343017385 0.1586878980 0.5000000000 0.9340047998 0.6525033988 0.9724816672 0.9142172725 0.8944278394 0.9946672333 0.5753753743 0.5173339074 0.9249969221 0.5303786484 0.8832343737 0.6728363481 0.9881558520 0.9791825454 0.7629898438 0.8416787742 0.7690825663 0.6426361780 0.3064136234 0.9981177564 0.2617708295 0.7637329406 0.6225640751 0.9248029149 0.4818137405 0.8139520925 0.7296605427 0.8728233201 0.9615132361 0.7257422665 0.9074940255 0.9495093790 0.7686183547 0.8624275446 0.5638529766 0.8218073283 0.9965340027 0.8311478419 0.5936438642 0.2890384348 0.8866371512 0.8625175464 0.6182119464 0.7477010082 0.9234418688 0.8824861915 0.3098095220 0.8497737951 0.9586147662 0.6610269811 0.6532432700 0.3701236650 0.7213787316 0.8241154275 0.6157632362 0.9278134980 0.4881670878 0.7412573374 0.7876870505 0.8105389897 0.8065268839 0.8782521316 0.6597506438 0.7526036913 0.8215393242 0.2884511226 0.4760113332 0.8732008861 0.6744335013 0.3961670644 0.8057729652 0.8971486219 0.4623835774 0.8648999252 0.9214205497 0.4792053739 0.7687346872 0.3984241410 0.8697452504 0.7225417488 0.9596659313 0.7043736602
 0.1627410326 0.6242325720 0.2440748139 0.1000884389 0.3661151968 0.8155964835 0.4950986650 0.3328753685 0.0415451907 0.6622979490 0.0834802169 0.1391512722 0.3696426709 0.3874491660 0.2356829966 0.0950426334 0.7497254565 0.0659952002 0.5000000000 0.6835590549 0.6500268457 0.2197740552 0.9922892511 0.6610730077 0.7972839034 0.7800861990 0.5277913426 0.7413667427 0.8854446087 0.8181283842 0.9066423557 0.8974969880 0.9955747283 0.6562451722 0.6252447655 0.7419064023 0.7599817068 0.9831649179 0.9626178353 0.8206115563 0.6707374871 0.5849190101 0.7237248485 0.6065426064 0.4670639514 0.2795902880 0.7085199316 0.7532076762 0.7139403879 0.7489259858 0.4727811098 0.7639580645 0.7101382245 0.7771511069 0.7377717850 0.6491116746 0.4871039621 0.7069025402 0.2821836775 0.9804280591 0.9786691790 0.4100694101 0.6497042212 0.4993800739 0.8444107975 0.1592190699 0.4848997553 0.8249899072 0.7730493795 0.4214036910 0.9107136928 0.8841859124 0.9608999308 0.6668064704 0.7090371873 0.7219904351 0.8542114478 0.8712127502 0.6049156780 0.8294467281 0.9316501608 0.6065964229 0.7882184212 0.7819867157 0.8524684821 0.3986111384 0.9462593979 0.9546795065 0.3352131091 0.9191670537 0.3804569999 0.3952098047 0.9431555775 0.8135497976 0.9076253790 0.6289789062 0.7379602646 0.5624617868 0.5845885488 0.9610686757
 0.3056059371 0.1381399328 0.2150166280 0.0690856209 0.3202522065 0.0202442677 0.0039169472 0.1773598800 0.3865343977 0.0722179533 0.2272673771 0.0870298510 0.3944949797 0.0359780765 0.4946132287 0.0659234547 0.0365698246 0.3474966012 0.3164409451 0.5000000000 0.6400721868 0.8764814535 0.8121107004 0.7961709317 0.8055381906 0.8060178401 0.8551920151 0.8716245690 0.8957360288 0.6608437777 0.8761466825 0.8582826559 0.8743528681 0.9241307456 0.8633135783 0.7251823768 0.7734135017 0.6607719748 0.5313534949 0.8065328846 0.5023179554 0.7376633117 0.9875208578 0.5291491918 0.8466938723 0.9223854635 0.9654437214 0.7489218371 0.6667739688 0.6806787871 0.7874807165 0.8368780436 0.9273323641 0.8268933661 0.5313905917 0.2153873526 0.7767712209 0.6435043792 0.7648857928 0.7822454692 0.9038595861 0.8085355791 0.7775967204 0.8092834788 0.8871897048 0.8391136411 0.9402663004 0.8326324074 0.6426833031 0.6383422800 0.5678807655 0.8998850164 0.8532046350 0.2612164947 0.1728403912 0.9434280091 0.9362296532 0.6823840835 0.8315426461 0.7761622547 0.9010298153 0.9431091281 0.9000481190 0.5760473657 0.6671887513 0.9326118060 0.4948635026 0.8263940553 0.6620118569 0.9117156223 0.7373725294 0.9729988179 0.5964188932 0.8027065220 0.9706481107 0.7897998468 0.8971830074 0.4613072973 0.9459542091 0.9431065657
 0.1762580363 0.2193610205 0.2137183865 0.0410051354 0.0103452207 0.2629323909 0.0323605275 0.5713504946 0.4388292541 0.7962591395 0.0968931161 0.2188484596 0.5255576090 0.5231963017 0.1254059264 0.0663599722 0.1689253442 0.0275183328 0.3499731543 0.3599278132 0.5000000000 0.3641687970 0.9312555319 0.8091665399 0.9367803425 0.7316588552 0.8132178204 0.6221601822 0.9791395484 0.7881167673 0.7258643074 0.7468960378 0.8957305323 0.9776874945 0.9992479585 0.7425899130 0.5353183161 0.9643669741 0.8756699869 0.8636007833 0.8294183042 0.4721058184 0.5736728341 0.4594525667 0.8889056308 0.8945812702 0.9249301308 0.8383067587 0.5297241731 0.7549896289 0.7471861684 0.9850101234 0.8349863511 0.7061703991 0.3863603376 0.7899107396 0.9570803753 0.8528922120 0.6148138428 0.9990832477 0.5866751930 0.5691591771 0.5214700717 0.6831512816 0.8131483638 0.9203938523 0.6334333138 0.7128203828 0.7169238427 0.7205989007 0.9323187939 0.4629579629 0.6851244328 0.3873512308 0.7446621228 0.8028819421 0.6382204685 0.9423354652 0.6437289043 0.9907822121 0.8201601447 0.6893885480 0.9793420374 0.8511298734 0.8145128573 0.8578126118 0.9397913940 0.7621923920 0.8296696865 0.6645391460 0.8312435453 0.9206808657 0.7457775375 0.7731310776 0.6897159666 0.6101786923 0.9030101279 0.6978024637 0.6629563365 0.8548366809
 0.6846581661 0.0127488039 0.0253516381 0.6276149813 0.3435586029 0.5590043289 0.0548429861 0.1972056328 0.0108075186 0.1454870601 0.3154088809 0.2245700747 0.3335776930 0.2239706328 0.3612173830 0.2293835313 0.4049408989 0.0857827275 0.7802259448 0.1235185465 0.6358312030 0.5000000000 0.4146666980 0.9601003787 0.9059340155 0.9244448493 0.8591410283 0.4603657009 0.8694455818 0.4041814825 0.9857951156 0.8940615945 0.7227239857 0.9434469708 0.7497486964 0.5509790740 0.7921279359 0.9339803290 0.6147919113 0.9381055531 0.2632573184 0.8771143734 0.9068806298 0.6746435241 0.6863387274 0.8760313835 0.9387820373 0.6632345307 0.7892638602 0.8044820035 0.5149401225 0.7088510206 0.6247404536 0.5409119986 0.7499634775 0.8541086932 0.6989981614 0.7889035962 0.4867295035 0.2237795021 0.7954212606 0.8558587929 0.7916702507 0.3212338607 0.9929098241 0.9159997364 0.9406854112 0.7999780010 0.7674815570 0.6923346872 0.6487402764 0.9954762045 0.2469595910 0.9951610440 0.9888382915 0.9129164294 0.9974900003 0.8585854495 0.6257373554 0.8837506885 0.9793056976 0.6092363241 0.8411779682 0.8722953937 0.9045285484 0.9931583280 0.7772772497 0.5298192558 0.8937379726 0.5141924017 0.4594364905 0.7513966080 0.9232118449 0.8767338886 0.7244725315 0.6839805538 0.6058697493 0.7719903440 0.3838375474 0.7181243020
 0.7170752121 0.5674057138 0.7626349265 0.1696580743 0.0677975146 0.5132543677 0.1980752404 0.0514356842 0.3483544589 0.3164064984 0.4274820911 0.4483211439 0.6598402875 0.6747190153 0.0297971395 0.4843688253 0.6506334533 0.1055721606 0.0077107489 0.1878892996 0.0687444681 0.5853333020 0.5000000000 0.9540279202 0.5490727958 0.9418361738 0.7819595297 0.2340559300 0.4226901230 0.1063959136 0.3810573433 0.6079030713 0.8091824495 0.3696523127 0.7688095633 0.4290089753 0.5511206774 0.7826450138 0.2051317181 0.3727327743 0.6045360149 0.8962756419 0.9610137388 0.6314130040 0.7033550119 0.9921483988 0.9615681481 0.8079726987 0.7938034113 0.8343657981 0.8793639172 0.9018587660 0.6310870557 0.3621610088 0.3008572586 0.8343981746 0.6743550209 0.3423808927 0.5193500453 0.8900060817 0.9458231934 0.3505648617 0.8296569911 0.9552424440 0.2464847674 0.9684349280 0.3807623881 0.8300849027 0.9008536117 0.9094478984 0.6796676069 0.9534316222 0.8387254271 0.9298953588 0.7988300528 0.2927777186 0.8410367448 0.6026833725 0.8906408387 0.5853588791 0.6542966938 0.8714457258 0.5606691294 0.6827205345 0.6697426105 0.9881991961 0.8776268651 0.2051764008 0.1224939904 0.7017151188 0.5650272300 0.9681566263 0.8998979199 0.7180804260 0.5922491919 0.9972428021 0.6274218169 0.5896811857 0.7895703834 0.9700818559
 0.0502972924 0.2423604261 0.2333584222 0.0849552595 0.2300870179 0.0485695827 0.6803109618 0.5715839503 0.4853922525 0.0744247617 0.5573767484 0.0472841846 0.2608860786 0.2376471299 0.4735879398 0.4099015855 0.4859097180 0.0053327667 0.3389269923 0.2038290683 0.1908334601 0.0398996213 0.0459720798 0.5000000000 0.6780353786 0.5160078798 0.7960957416 0.8887753499 0.9472284448 0.6218346782 0.9844674886 0.2762066929 0.5982310838 0.7439512348 0.6708419138 0.4821728476 0.5330487816 0.7616863433 0.3851885311 0.7896015504 0.9572813088 0.5005595552 0.8434109474 0.0617506941 0.7549558796 0.3601693729 0.9104254145 0.7603946594 0.8700309182 0.8909404740 0.9977112419 0.6511820483 0.8772946744 0.8746731577 0.7183101357 0.3748738886 0.9974989871 0.7924923924 0.5363826670 0.4929759972 0.7189413233 0.9946101893 0.6252496694 0.7615910425 0.8584252244 0.8602127248 0.8227965507 0.2198092158 0.8216747955 0.7582359217 0.5304352067 0.7640992972 0.8481756663 0.7632062832 0.7321982197 0.7660891827 0.9244073959 0.9993188856 0.8484483689 0.7470883585 0.7093979332 0.8488017674 0.9082665278 0.9108387981 0.7565815070 0.9568620482 0.8641819410 0.9294427435 0.9724230532 0.9885539239 0.9164844088 0.7730773190 0.5576389387 0.7865934674 0.7222085514 0.2153517002 0.2038702324 0.8076026365 0.7779819351 0.9009188899
 0.0971894615 0.2591460142 0.1047739372 0.1723163205 0.0619179552 0.2084005777 0.2078599804 0.0570448639 0.3207129104 0.5173837804 0.2821218901 0.0861693340 0.1363229609 0.0429726195 0.3840630830 0.4146739815 0.5238734323 0.4246246257 0.2027160966 0.1944618094 0.0632196575 0.0940659845 0.4509272042 0.3219646214 0.5000000000 0.1730960728 0.7090480104 0.9070877786 0.4541082303 0.9295405640 0.8307206601 0.6872429141 0.8327379529 0.5504190801 0.7176338290 0.5238358521 0.8273489043 0.9091191492 0.7030531658 0.9612827567 0.9947468132 0.9308531781 0.3532993754 0.5176440147 0.9854074926 0.9275046790 0.6115175357 0.9248574724 0.7215529854 0.8477843436 0.9558566625 0.9035636436 0.7484583128 0.5438269797 0.9066453411 0.8178134993 0.7519123889 0.9883169626 0.9474765513 0.9449004534 0.9715590007 0.8480002127 0.5167852865 0.2625369538 0.3658442187 0.6753931746 0.7509270587 0.7139908586 0.8017868185 0.7568049923 0.8464609052 0.6611865325 0.9291424383 0.3516874585 0.8614043807 0.9656613210 0.6957530047 0.8749093650 0.7258480886 0.8763741351 0.5841680578 0.8820028925 0.8393917086 0.8972711166 0.7624906287 0.9529728097 0.6049038832 0.9162446190 0.7321168163 0.8823341908 0.9947210067 0.4375959503 0.7554719213 0.9631869107 0.5494427513 0.8445619628 0.6131407470 0.9770465473 0.9393452223 0.9227753997
 0.3727319229 0.5720370471 0.0588189410 0.0798887887 0.2274419329 0.1348573290 0.0551691377 0.0635366938 0.3698120808 0.5354974380 0.4571031876 0.4234917309 0.1018020898 0.1231714113 0.3385651005 0.0399655337 0.1997541260 0.4826660926 0.2199138010 0.1939821599 0.2683411448 0.0755551507 0.0581638262 0.4839921202 0.8269039272 0.5000000000 0.9901291498 0.8359810258 0.8558838516 0.8147578518 0.3008930534 0.9417114875 0.8689247859 0.3853315877 0.5915469647 0.8972461322 0.9298648980 0.8069889049 0.7733813608 0.8398056969 0.8277336696 0.7404474621 0.9422233847 0.6543329640 0.9010959794 0.7199953529 0.7801437653 0.5994321118 0.9392890209 0.7033340121 0.9706699133 0.4681272276 0.9580896965 0.9577601255 0.9132885041 0.7853420990 0.7030107477 0.8004951511 0.9598417284 0.9061612806 0.9727400718 0.9182337763 0.6593117831 0.5221462847 0.8518767168 0.8223821411 0.9556718417 0.9604301468 0.7465933640 0.4722574216 0.5924844948 0.9772671448 0.4720788136 0.4394022233 0.4103104385 0.6447061495 0.8184409668 0.7818228050 0.9487047466 0.5439057979 0.8578649615 0.9106551597 0.6409560495 0.8145267912 0.9509733178 0.5642932655 0.7750365350 0.7373109821 0.9537093282 0.6909260020 0.6281818149 0.7033587292 0.9637324666 0.9882984753 0.6730445732 0.9455651003 0.9068466208 0.7451234841 0.7492037064 0.9385080381
 0.6922950367 0.1017678786 0.4416623680 0.0121127223 0.6376516925 0.1314771154 0.5002723709 0.3342799240 0.6136449550 0.2234658640 0.6973459653 0.1820611907 0.0577124664 0.0357521488 0.0573531689 0.1887449926 0.4334478277 0.0750030779 0.4722086574 0.1448079849 0.1867821796 0.1408589717 0.2180404703 0.2039042584 0.2909519896 0.0098708502 0.5000000000 0.6714306207 0.9993358122 0.9397164331 0.9565737276 0.5917593165 0.6546361928 0.9923549282 0.6862414482 0.4017028400 0.6414083933 0.6550030638 0.5495852997 0.7675925329 0.5968640970 0.6642562671 0.7944090550 0.6785482156 0.6063158117 0.9174870104 0.9328761768 0.9068138520 0.5535870557 0.9520260474 0.7816359452 0.9991341128 0.5050959577 0.9974234323 0.1190840390 0.7188519330 0.7283865982 0.6979679574 0.9153090310 0.6374631833 0.5653548621 0.5360500807 0.6460996512 0.5362701154 0.9485567782 0.6326426198 0.9090190093 0.7137065430 0.7493284701 0.8869221541 0.8711121696 0.3987988402 0.9855627465 0.8970451504 0.8942346493 0.9100001228 0.8433213086 0.5975865707 0.9165873298 0.3434476004 0.8087493968 0.9018029401 0.7765016130 0.4762868748 0.6609996671 0.7495852237 0.5824333925 0.8990399609 0.7992144193 0.4599340687 0.7749444113 0.6381601158 0.2607899428 0.9513853766 0.7592240596 0.3599680351 0.7396524955 0.9544297783 0.7313335502 0.8924832464
 0.2187777299 0.3197066147 0.0371083816 0.1406057882 0.8047596904 0.6668360425 0.4488000054 0.0051907858 0.4152979460 0.1675896839 0.2672393453 0.1223607085 0.6248335639 0.0298548536 0.0713627300 0.0064715623 0.5883481526 0.4696213516 0.2586332573 0.1283754310 0.3778398178 0.5396342991 0.7659440700 0.1112246501 0.0929122214 0.1640189742 0.3285693793 0.5000000000 0.8525829598 0.8089175203 0.6484238151 0.8737913555 0.7083071480 0.9797200351 0.5863902906 0.7832177178 0.9085860006 0.9194400503 0.5904085303 0.5827104908 0.9159933693 0.8776307612 0.7683762729 0.8674640591 0.8217051826 0.9819998965 0.9281346491 0.7181367934 0.6562232484 0.7939357806 0.6846486963 0.7975022268 0.4754586337 0.7203400120 0.8097993903 0.9374576184 0.8406721699 0.9430457564 0.1466975754 0.5668403880 0.9673765443 0.3106545207 0.8970317315 0.8069787899 0.9044716645 0.9245778846 0.6417477992 0.9977416229 0.9738498557 0.5594601972 0.3363648664 0.8347995390 0.7225643888 0.9515205489 0.8456816286 0.5628522635 0.8801798507 0.6208825205 0.5786346184 0.6890494122 0.9880279043 0.4168952765 0.8124463217 0.8623907717 0.7184615971 0.6516070483 0.9947311704 0.5431306685 0.8314457145 0.6656549736 0.6082060979 0.9849607632 0.9949909323 0.9585267691 0.6399089336 0.8797411364 0.3975858920 0.8204798216 0.6387437661 0.7660092813
 0.1706955572 0.1094774113 0.1818255440 0.4664642901 0.2085960907 0.0109601453 0.2099575975 0.0852724960 0.2990198046 0.0695704736 0.2394059177 0.0793706730 0.2541706845 0.0519370509 0.1520655366 0.8779452903 0.4455233708 0.1167656263 0.1145553913 0.1042639712 0.0208604516 0.1305544182 0.5773098770 0.0527715552 0.5458917697 0.1441161484 0.0006641878 0.1474170402 0.5000000000 0.7616034000 0.8331008267 0.8242282909 0.8566686845 0.9629729726 0.9069860277 0.9055579674 0.8927354717 0.9112824882 0.8809070372 0.4308916237 0.5243206150 0.3975526614 0.9233043015 0.9928671353 0.7797370553 0.7743535358 0.9459706411 0.3771062136 0.9782375701 0.5959395706 0.4868006799 0.6860835485 0.5898547879 0.8152617404 0.5878519537 0.9790186141 0.9411455968 0.9417243028 0.9135616811 0.4140619503 0.5191085382 0.5381407575 0.7436887651 0.5968137555 0.5817503892 0.9671262935 0.8376453917 0.8801845237 0.9025616633 0.6665427545 0.8595159119 0.9808558365 0.9359100559 0.9430688883 0.9925729891 0.9514329009 0.5963057665 0.9080448151 0.8719354165 0.8227757808 0.8840155954 0.7667706191 0.9415802905 0.4284180720 0.3514916935 0.7980340320 0.1263583565 0.8569730577 0.9615168264 0.9745387420 0.3725878564 0.8448276065 0.9735138198 0.6460349738 0.7353647713 0.9738191405 0.5714599914 0.7537379251 0.6672252447 0.2615081470
 0.2425298445 0.7248143390 0.1765859626 0.1577918100 0.0187625172 0.7615847721 0.2318325012 0.6872391332 0.0546002392 0.0729359205 0.3153521290 0.1002786742 0.1513294609 0.0324407807 0.4034478410 0.2579360876 0.2402554576 0.3271636519 0.1818716158 0.3391562223 0.2118832327 0.5958185175 0.8936040864 0.3781653218 0.0704594360 0.1852421482 0.0602835669 0.1910824797 0.2383966000 0.5000000000 0.4213436351 0.4316818938 0.9181213500 0.4833122266 0.5452622793 0.8136501112 0.9440570360 0.6742715054 0.8833657450 0.5867658158 0.7209476565 0.6247364617 0.9541882664 0.9552142300 0.8088203900 0.8438018329 0.9759154807 0.9065895767 0.9237942599 0.7448766066 0.8489673457 0.8012170398 0.9811849630 0.9365672974 0.5191466642 0.8949565441 0.7873011760 0.2278957770 0.6086042383 0.9272142661 0.9355094302 0.8896764347 0.8543267710 0.7769842108 0.4753329779 0.5187791270 0.6949234948 0.4956978546 0.9757996225 0.5325042785 0.3955431603 0.8117609756 0.8128045718 0.5874261045 0.5538027192 0.6283211959 0.7473800556 0.8386602218 0.7774697208 0.9165548320 0.9941698135 0.5546912555 0.6834572261 0.6023661918 0.5640122391 0.5967806273 0.6972510821 0.8227113300 0.8418428349 0.8292090944 0.9730232279 0.5025411632 0.2614117460 0.5422659293 0.9659083451 0.9040564926 0.4988110821 0.7955543603 0.5956345861 0.5090981279
 0.5054170609 0.8408112154 0.1062001440 0.5025537534 0.3622385965 0.2329582200 0.0388262695 0.4435929951 0.1903254752 0.3457267591 0.0561098544 0.1265253540 0.0383084909 0.1392690305 0.2914699045 0.1733119009 0.7691822569 0.0118441480 0.0933576443 0.1238533175 0.2741356926 0.0142048844 0.6189426567 0.0155325114 0.1692793399 0.6991069466 0.0434262724 0.3515761849 0.1668991733 0.5786563649 0.5000000000 0.8195522713 0.7912395097 0.5902956089 0.9648982345 0.4145368683 0.1917848156 0.7890362329 0.7815487367 0.8706435910 0.6497265538 0.9863724079 0.6939038889 0.7097271500 0.7356777140 0.6939574415 0.9895651303 0.4986851185 0.9765987712 0.1231117043 0.9607115966 0.7146935452 0.9100678820 0.4535296138 0.9548119056 0.9191200036 0.8004785843 0.7912292508 0.9717534571 0.7852205620 0.7922333672 0.6684677309 0.8191261929 0.5740097391 0.9900328332 0.8084344920 0.6422479272 0.6343181733 0.9699382474 0.9188363021 0.8260867729 0.9507820562 0.6860174850 0.8461318441 0.8939530151 0.9757933239 0.8962515768 0.8645482154 0.3503287436 0.7044145696 0.9483966911 0.7151007702 0.7392486522 0.7017361263 0.6054064869 0.8042041603 0.9581105837 0.8027697231 0.8903765070 0.4011869747 0.7752838712 0.8707361704 0.2920892394 0.6613082775 0.4509591332 0.8285654525 0.8748731948 0.8259146179 0.6995167012 0.8777137886
 0.3781300179 0.1957714365 0.1305792580 0.0000951942 0.2702897445 0.1410576560 0.3372447146 0.1737882727 0.0474939145 0.1693808922 0.3755706790 0.3851378221 0.3527215159 0.2311778066 0.1880905956 0.5682187315 0.2694550135 0.0208174546 0.1025030120 0.1417173441 0.2531039622 0.1059384055 0.3920969287 0.7237933071 0.3127570859 0.0582885125 0.4082406835 0.1262086445 0.1757717091 0.5683181062 0.1804477287 0.5000000000 0.4526488072 0.9630361064 0.8588444461 0.9435270416 0.9354217179 0.8831530566 0.7502674127 0.5801467069 0.9708864810 0.5971362335 0.8184161507 0.8612463204 0.6206667926 0.7766272269 0.7293582584 0.9244463767 0.9216196323 0.6891216539 0.9994580579 0.6711788277 0.9187395060 0.6694511319 0.9059900271 0.6433687434 0.8289521192 0.5724959666 0.8545516617 0.8688171263 0.8873443884 0.7779680102 0.5361075289 0.9587654375 0.7979116678 0.5525895535 0.9243491237 0.8742757211 0.6349862802 0.8374753893 0.8212422829 0.8381425774 0.8563379162 0.9512942973 0.7009387161 0.8792671599 0.8213768197 0.6745714419 0.4859358960 0.9562384542 0.8104556800 0.3166485397 0.9761482853 0.9734563487 0.9139026220 0.8920792449 0.9643124926 0.8833275283 0.8365108981 0.8293510700 0.4064055622 0.8069362716 0.8922026365 0.9800614189 0.7833099659 0.9627586171 0.8806964775 0.9351557751 0.9772247578 0.5708016635
 0.1084972257 0.1781755273 0.1458315762 0.1479447406 0.1722325373 0.2643164018 0.3166717823 0.5357976719 0.0519306841 0.5535158778 0.1864103417 0.0309804742 0.6397505465 0.3543863648 0.8183094915 0.6524255593 0.0954444316 0.2370101562 0.0044252717 0.1256471319 0.1042694677 0.2772760143 0.1908175505 0.4017689162 0.1672620471 0.1310752141 0.3453638072 0.2916928520 0.1433313155 0.0818786500 0.2087604903 0.5473511928 0.5000000000 0.7270281773 0.8946280890 0.8298176000 0.8238129044 0.9954433927 0.8461084741 0.6828407222 0.5296116781 0.9661707590 0.9757047627 0.7326997951 0.8021634281 0.6808248368 0.8410879959 0.9984836327 0.9025669688 0.8676640545 0.8842963731 0.8342757438 0.9150603553 0.9801326435 0.6557382377 0.6330161268 0.5461621699 0.6021063052 0.8356606007 0.8111079984 0.7731013184 0.3962682877 0.8490182695 0.7795067993 0.4966671232 0.8110918018 0.7333705117 0.7637231749 0.9140280825 0.7014528963 0.7768303147 0.7054465753 0.9783173331 0.9925205276 0.7743533144 0.5692923625 0.9456531035 0.6586564549 0.4828619347 0.7809338551 0.8967342625 0.3424319641 0.5421936378 0.4953541701 0.6759373155 0.8442010025 0.3252267576 0.4418430803 0.9675910861 0.3258583727 0.5961600237 0.9747014515 0.9473089874 0.9956822444 0.5446907091 0.8036732855 0.8516933650 0.9969303958 0.9749632810 0.8026383134
 0.0331922394 0.1773364267 0.2806651107 0.2055920173 0.0608132296 0.0202381918 0.4367816265 0.2331231281 0.2831364434 0.0831717775 0.5122811149 0.1985221295 0.3134134170 0.0336309142 0.5190836375 0.1182941244 0.4513173381 0.1583212258 0.3437548278 0.0758692544 0.0223125055 0.0565530292 0.6303476873 0.2560487652 0.4495809199 0.6146684123 0.0076450718 0.0202799649 0.0370270274 0.5166877734 0.4097043911 0.0369638936 0.2729718227 0.5000000000 0.9964144782 0.7415929936 0.9962045604 0.7850724027 0.9915229501 0.7710007114 0.9085426187 0.8119480119 0.5824616492 0.9985225681 0.5505292509 0.8877826366 0.6638942898 0.8322131583 0.7825570972 0.8541471409 0.9373852477 0.5993132787 0.6731486879 0.5932128695 0.6371605313 0.7829010773 0.3064592534 0.7363109913 0.8615789849 0.3934805591 0.7565491342 0.6500002957 0.8521763875 0.9580115876 0.9878532604 0.4918701629 0.4672224208 0.4846426539 0.4866299928 0.6654752038 0.7657230765 0.3886560582 0.9679364988 0.5589889159 0.8251209768 0.9428250018 0.9529161127 0.9067942275 0.8714892413 0.9092555608 0.8228895418 0.9628805090 0.8159730404 0.9081154208 0.7393596595 0.5905603029 0.8873592927 0.4388053245 0.6893154733 0.5002061244 0.9414726014 0.8300900456 0.8024638740 0.9717285289 0.9256211844 0.8907789183 0.6722030361 0.8587213946 0.6933026965 0.8988137216
 0.3145888385 0.6053092248 0.1920067548 0.3557172356 0.2983013489 0.1658653838 0.6270968431 0.1718282572 0.3275503044 0.4782278456 0.5191348674 0.1848420761 0.1122854315 0.0464518009 0.2656937339 0.3873185480 0.5429633661 0.2309174337 0.3747552345 0.1366864217 0.0007520415 0.2502513036 0.2311904367 0.3291580862 0.2823661710 0.4084530353 0.3137585518 0.4136097094 0.0930139723 0.4547377207 0.0351017655 0.1411555539 0.1053719110 0.0035855218 0.5000000000 0.6474150852 0.9013230692 0.8030429428 0.8976166063 0.7737760592 0.9361256565 0.5075302739 0.7621633406 0.6501742665 0.4223088889 0.9814736115 0.7055583475 0.1592721121 0.8352505586 0.4556350160 0.6739076876 0.8998107954 0.9463353808 0.9890662105 0.5046569262 0.4707069278 0.7144766399 0.7640876463 0.8626153765 0.8222730219 0.8217129104 0.6047523441 0.8858104903 0.9920973079 0.9037906029 0.9179014372 0.6343956739 0.6349193468 0.8222586076 0.9574819574 0.5163220849 0.9684615823 0.8224292913 0.9467188128 0.9160902834 0.9820188682 0.2724714123 0.5528401044 0.4014356426 0.7654140531 0.7686199215 0.9845819432 0.8928910694 0.9153601182 0.5364241656 0.7754580614 0.8973238166 0.1656322308 0.6158019126 0.9382574234 0.7836075122 0.6858151113 0.9467391674 0.6318937851 0.9417005712 0.8953183840 0.9942238340 0.9387512914 0.5018336572 0.8182093176
 0.2898099588 0.5669775708 0.3025856750 0.3143205376 0.0138898125 0.0660386074 0.2591585605 0.3826358605 0.6357514220 0.4912629793 0.0985434541 0.1910110617 0.0603853905 0.2293456803 0.2564105658 0.1621128531 0.5965267855 0.3573638220 0.2580935977 0.2748176232 0.2574100870 0.4490209260 0.5709910247 0.5178271524 0.4761641479 0.1027538678 0.5982971600 0.2167822822 0.0944420326 0.1863498888 0.5854631317 0.0564729584 0.1701824000 0.2584070064 0.3525849148 0.5000000000 0.9509626660 0.9042238698 0.7008545129 0.3387011408 0.4833606886 0.7517153257 0.7106226269 0.6020456156 0.8268802443 0.7627416938 0.8242523638 0.5198361043 0.8858979611 0.7483464276 0.2031749700 0.7122878323 0.9311205319 0.8083581403 0.8836491484 0.5021215475 0.6596629737 0.5699227987 0.7708041069 0.3922929890 0.9682935557 0.7918459951 0.9204524896 0.5936984780 0.7160950175 0.5633901899 0.7209023738 0.8513601267 0.9473888108 0.7271252863 0.6553583636 0.6802725757 0.5389396153 0.7404802092 0.7922522938 0.8153248434 0.7653038075 0.8134287661 0.9891339268 0.1560943007 0.7030989601 0.9133745486 0.9606890047 0.6868395198 0.5324263154 0.8979469613 0.8638768591 0.7052676772 0.9714152160 0.8179837145 0.6729800648 0.2644952493 0.8958285856 0.6098086898 0.9777945966 0.7863453835 0.5150520428 0.6241019620 0.8513818200 0.9331746972
 0.0978899170 0.0898477948 0.2464455409 0.1005273876 0.0341557717 0.5747359099 0.2515655865 0.0166193717 0.2709271912 0.4963723947 0.5197346023 0.3463965482 0.1004831255 0.4593371003 0.3296806986 0.0624114010 0.2070348833 0.6935863766 0.2400182932 0.2265864983 0.4646816839 0.2078720641 0.4488793226 0.4669512184 0.1726510957 0.0701351020 0.3585916067 0.0914139994 0.1072645283 0.0559429640 0.8082151844 0.0645782821 0.1761870956 0.0037954396 0.0986769308 0.0490373340 0.5000000000 0.6263577993 0.7462284413 0.3561232269 0.6521986860 0.5259686201 0.6562295172 0.9879708484 0.9904077797 0.6691725458 0.9280825582 0.6662489840 0.9812027494 0.9376274061 0.9697244778 0.9305289498 0.9634188134 0.9199813085 0.8724020386 0.8433997000 0.8624940663 0.8583258738 0.9266685999 0.6700617986 0.9526975958 0.8631790449 0.4408585659 0.2351702077 0.7603924806 0.5659564105 0.9837159341 0.9555158750 0.6920015479 0.9559143542 0.7557734894 0.7709763325 0.8446657910 0.9739100538 0.9878570600 0.3963990434 0.9878358740 0.6477547579 0.5998990104 0.6903757830 0.5252574502 0.8410235977 0.6565870465 0.7270971581 0.3061147434 0.7815174609 0.7875655010 0.4888221968 0.9456118084 0.8020068475 0.8984350225 0.5156823945 0.8865796474 0.9585781490 0.8876128025 0.7330135924 0.7262050632 0.7274765555 0.6685848319 0.9083503290
 0.1504372218 0.4663007437 0.3233777261 0.2461305700 0.1098223590 0.0512310001 0.4395203751 0.2731637046 0.1859419204 0.5939667941 0.2529631221 0.0348444420 0.3407706009 0.1255905526 0.3541653612 0.6618620330 0.1388421174 0.0018822436 0.0168350821 0.3392280252 0.0356330259 0.0660196710 0.2173549862 0.2383136567 0.0908808508 0.1930110951 0.3449969362 0.0805599497 0.0887175118 0.3257284946 0.2109637671 0.1168469434 0.0045566073 0.2149275973 0.1969570572 0.0957761302 0.3736422007 0.5000000000 0.4427976018 0.9337668114 0.8074487880 0.7740337223 0.9793818787 0.4046941923 0.9399297109 0.4754549923 0.8892195343 0.9165293804 0.5385435090 0.9326096344 0.6800806287 0.6932560462 0.5228963614 0.3954081601 0.9996035571 0.4126962470 0.4705916985 0.7844845165 0.5577482838 0.7245048355 0.6888471068 0.9204022286 0.4854375642 0.6753785703 0.9325675018 0.8623845562 0.8881742588 0.5939615256 0.7947992131 0.8202855951 0.7642092834 0.9998897599 0.4311991801 0.4385189471 0.7923791116 0.9675482154 0.5149260151 0.8986140841 0.4330934101 0.6200606395 0.5831944231 0.9335566301 0.9781885986 0.8914980490 0.8152953900 0.7259695841 0.4993862921 0.9089986859 0.9957270569 0.5274741801 0.9106047294 0.9906421716 0.7208675916 0.7534441172 0.8727685053 0.6561114170 0.7947294633 0.7024943222 0.7594820082 0.8885082947
 0.0472348177 0.1715880879 0.4133643258 0.2034181997 0.0863946501 0.8292560375 0.3454184405 0.1796397409 0.8132023006 0.2244163057 0.0681290660 0.2540121459 0.1414716116 0.1011428850 0.3409803318 0.0928306949 0.3978617038 0.7382291705 0.0373821647 0.4686465051 0.1243300131 0.3852080887 0.7948682819 0.6148114689 0.2969468342 0.2266186392 0.4504147003 0.4095914697 0.1190929628 0.1166342550 0.2184512633 0.2497325873 0.1538915259 0.0084770499 0.1023833937 0.2991454871 0.2537715587 0.5572023982 0.5000000000 0.8144359407 0.6631810464 0.8461581291 0.7906448422 0.7543769703 0.9687065609 0.8421864626 0.5798984374 0.3675050886 0.9222890006 0.8887118160 0.6596928948 0.8194135398 0.7476256474 0.3043256292 0.6883374285 0.5759245938 0.4079007441 0.8820007569 0.8070079864 0.9538851242 0.8823652728 0.8542204777 0.9446222095 0.8545825305 0.8774084789 0.7863919317 0.8136787732 0.7024624109 0.8755707438 0.8821484215 0.9357203383 0.9558187546 0.3091920978 0.9562730536 0.9165906502 0.4463833502 0.8772471554 0.6828936471 0.7785797826 0.5352483013 0.9245876986 0.8513956125 0.9659320538 0.8297573751 0.8393097058 0.7767950355 0.8600524907 0.9788140661 0.4380336236 0.5819550480 0.8695371667 0.8121383986 0.9609920523 0.8574445224 0.4701303057 0.8782378450 0.8178663529 0.9336635673 0.5357384924 0.8536685607
 0.2028031874 0.1641645848 0.4452052614 0.4746334013 0.4143357200 0.2265446378 0.0366855404 0.2386302575 0.3645954298 0.3311077351 0.1291465924 0.3806243202 0.3597218780 0.2713305538 0.0124116173 0.0666903117 0.0326430330 0.2362670594 0.1793884437 0.1934671154 0.1363992167 0.0618944469 0.6272672257 0.2103984496 0.0387172433 0.1601943031 0.2324074671 0.4172895092 0.5691083763 0.4132341842 0.1293564090 0.4198532931 0.3171592778 0.2289992886 0.2262239408 0.6612988592 0.6438767731 0.0662331886 0.1855640593 0.5000000000 0.5248587653 0.7813657043 0.5478745139 0.9840799411 0.7003498490 0.7537427681 0.6540800858 0.9046527656 0.7035375880 0.8320546486 0.9014196664 0.6495764162 0.7420140781 0.7593778349 0.8829542486 0.8984964389 0.9646972801 0.5130703448 0.9532645197 0.7945066778 0.5944556072 0.8603145433 0.8063141515 0.9500383565 0.9174954558 0.2753647041 0.4014413436 0.6655383901 0.9611524956 0.8128127630 0.4014136982 0.6400404596 0.6004728748 0.9789501141 0.3024832606 0.8707125861 0.6195102357 0.9420568438 0.6269173974 0.6905128114 0.8411987782 0.8229055276 0.8592594145 0.7233432568 0.5633935349 0.3511812253 0.2562894118 0.9914833511 0.7899574392 0.7160755113 0.7874912127 0.5054090483 0.4934794222 0.8447919006 0.9253388172 0.5511536413 0.8117873563 0.9404870593 0.6617790957 0.7655270745
 0.2699655547 0.3495215720 0.0734205380 0.1590144519 0.6329254872 0.0116904329 0.0807810452 0.1776608876 0.2267777077 0.0197668951 0.1811646821 0.1101863702 0.2927676795 0.0897586484 0.1648265030 0.3687226571 0.0044214007 0.3774359249 0.3292625129 0.4976820446 0.1705816958 0.7367426816 0.3954639851 0.0427186912 0.0052531868 0.1722663304 0.4031359030 0.0840066307 0.4756793850 0.2790523435 0.3502734462 0.0291135190 0.4703883219 0.0914573813 0.0638743435 0.5166393114 0.3478013140 0.1925512120 0.3368189536 0.4751412347 0.5000000000 0.9722032393 0.5070302006 0.9288196120 0.4707272610 0.7813702889 0.7081423276 0.9463961444 0.8421154642 0.5598576751 0.9278032371 0.5749874402 0.9344631613 0.9730580130 0.8071773640 0.6416635193 0.8302630747 0.3234895254 0.8583412962 0.9757503699 0.7140722860 0.6413005506 0.7654876882 0.9777746001 0.9330104677 0.9820212927 0.9886941172 0.8424605822 0.5149750500 0.7112989309 0.9597910162 0.4556513314 0.8909754933 0.9716616368 0.6885699593 0.5799808519 0.7762852223 0.8697748224 0.9207140341 0.8830422681 0.6994295064 0.7414785978 0.7011411501 0.8266332863 0.8007653949 0.8909464878 0.9281346723 0.7312804104 0.9830988958 0.9602474804 0.7360425454 0.8898514081 0.4914235369 0.9856706196 0.7402707410 0.9538439976 0.9879965162 0.1852018904 0.9660310022 0.9776854093
 0.5085301448 0.3279416340 0.2730916588 0.0505363655 0.3579786853 0.1928747650 0.4942313790 0.3342158502 0.3981421119 0.2247011015 0.7074930520 0.3491263074 0.7192560894 0.3314345724 0.5411854310 0.0740982127 0.2095405205 0.0751970851 0.4150809899 0.2623366883 0.5278941816 0.1228856266 0.1037243581 0.4994404448 0.0691468219 0.2595525379 0.3357437329 0.1223692388 0.6024473386 0.3752635383 0.0136275921 0.4028637665 0.0338292410 0.1880519881 0.4924697261 0.2482846743 0.4740313799 0.2259662777 0.1538418709 0.2186342957 0.0277967607 0.5000000000 0.8544796590 0.9666223941 0.9938045173 0.8910020740 0.3844945807 0.3586013853 0.7342940675 0.7187646738 0.9301443435 0.9973293215 0.7798494163 0.8511235962 0.9167078498 0.8779434722 0.7976546860 0.9957420129 0.2118223637 0.9910025045 0.9619073985 0.9922702203 0.2662109002 0.3888605168 0.9679105148 0.9768186969 0.7917956280 0.7437223762 0.9584226652 0.9494775314 0.9429291331 0.6905431692 0.8706474232 0.6288796651 0.6903421291 0.6738750611 0.6598796202 0.5719617690 0.7355664316 0.7070364341 0.5975583831 0.7198549183 0.9050156649 0.8472801513 0.9767569391 0.6578472850 0.5882519513 0.3003046229 0.9710576363 0.7415691127 0.3693617381 0.8921030567 0.7373081807 0.5896589237 0.7112754320 0.7399710560 0.4725026527 0.1678951041 0.9434852698 0.9344459465
 0.0924818163 0.8755782971 0.6552368276 0.3123658394 0.3960602302 0.6781175326 0.1145751689 0.1743955457 0.3608126326 0.1687676838 0.2198734240 0.5528348691 0.0927312578 0.0019582673 0.2101420697 0.0111777961 0.7369052798 0.5181862595 0.2762751515 0.0124791422 0.4263271659 0.0931193702 0.0389862612 0.1565890526 0.6467006246 0.0577766153 0.2055909450 0.2316237271 0.0766956985 0.0458117336 0.3060961111 0.1815838493 0.0242952373 0.4175383508 0.2378366594 0.2893773731 0.3437704828 0.0206181213 0.2093551578 0.4521254861 0.4929697994 0.1455203410 0.5000000000 0.6227965291 0.9200819367 0.9410420265 0.9046487527 0.9489164501 0.9753877436 0.9625722427 0.9915916544 0.9945219677 0.9037589035 0.3791621889 0.7207573374 0.4400615646 0.9621134057 0.6825946018 0.9806688074 0.9979439636 0.8888536712 0.8984279055 0.8045187531 0.7363469547 0.9688042574 0.9322220090 0.7860098007 0.7468289119 0.1683896181 0.9595371670 0.8348395630 0.7340570570 0.5865869887 0.9339543947 0.2053319292 0.2282517734 0.8448677488 0.9343875394 0.4100702027 0.8121883742 0.4762754323 0.9935494774 0.8804163795 0.9013081958 0.4290323429 0.6713085658 0.8448169832 0.7014812374 0.9977894238 0.8941965113 0.7744763287 0.7576430131 0.9174573793 0.9479050140 0.7826372872 0.8151785283 0.8369818292 0.9528889323 0.8641049914 0.4549432111
 0.1055689464 0.2380449284 0.1025706263 0.2327457922 0.0722202942 0.6561384852 0.2073904920 0.4369951477 0.1895745431 0.0156126698 0.5511040180 0.0069729264 0.0708723950 0.5974035501 0.1269448329 0.7221717851 0.3718583437 0.1860479075 0.3934573936 0.4708508082 0.5405474333 0.3253564759 0.3685869960 0.9382493059 0.4823559853 0.3456670360 0.3214517844 0.1325359409 0.0071328647 0.0447857700 0.2902728500 0.1387536796 0.2673002049 0.0014774319 0.3498257335 0.3979543844 0.0120291516 0.5953058077 0.2456230297 0.0159200589 0.0711803880 0.0333776059 0.3772034709 0.5000000000 0.9420242796 0.9683707126 0.6468158923 0.8141181387 0.8878579353 0.1855409399 0.5232701759 0.8109466401 0.5660337136 0.7483471482 0.6551247337 0.6382078387 0.5282397535 0.5996633892 0.9603387349 0.5264328140 0.9445609636 0.7524562314 0.7654243223 0.3708688533 0.8581189031 0.9454138634 0.4086995244 0.9277499393 0.6089923363 0.8504358595 0.8061889470 0.3444601674 0.7306615337 0.9845756113 0.7183918927 0.7266956225 0.6195039726 0.7112123602 0.7730448594 0.7490532107 0.8440175963 0.4704516901 0.7409535946 0.8696015516 0.7956941084 0.9201309613 0.7411243947 0.6803436189 0.8216304299 0.7111338526 0.6710702173 0.6780304245 0.7811404529 0.9715558716 0.9130973914 0.1345888061 0.4391623853 0.8229323433 0.4909977475 0.9865620869
 0.0306007123 0.5167893718 0.2733976135 0.6237832359 0.0730930993 0.1076036789 0.1840865151 0.0221788814 0.0095394590 0.7979722896 0.3412323594 0.5418135156 0.2393510587 0.0428908898 0.0165139710 0.2920970436 0.4064292294 0.2703394573 0.5329360486 0.1533061277 0.1110943692 0.3136612726 0.2966449881 0.2450441204 0.0145925074 0.0989040206 0.3936841883 0.1782948174 0.2202629447 0.1911796100 0.2643222860 0.3793332074 0.1978365719 0.4494707491 0.5776911111 0.1731197557 0.0095922203 0.0600702891 0.0312934391 0.2996501510 0.5292727390 0.0061954827 0.0799180633 0.0579757204 0.5000000000 0.6333054332 0.6804368048 0.6241914415 0.7550763509 0.6925205964 0.7178632433 0.9692127540 0.9511183530 0.8735030997 0.8825798600 0.7861915206 0.7618395741 0.8332642935 0.5564451155 0.6857248244 0.8464167335 0.2995284160 0.6694241141 0.9812160132 0.8259260169 0.7046684126 0.7616890741 0.4944918188 0.9737594769 0.6418002518 0.6654459957 0.9047200165 0.5455099853 0.7212368040 0.7399670311 0.6877897091 0.8899577799 0.8527461461 0.9776139237 0.8021326277 0.7388382661 0.8621449488 0.9427284373 0.9370955738 0.9546084569 0.7933432056 0.6779714633 0.9185284873 0.9083518139 0.9707312712 0.9154403708 0.8768422127 0.7575587514 0.8602958739 0.7186278030 0.8310243529 0.9957407607 0.9845917142 0.8745256129 0.4858050363
 0.1083603127 0.1238647417 0.0413685478 0.6101772427 0.0261244342 0.2164218773 0.2814802198 0.0439779043 0.4167208869 0.0498709881 0.6444810329 0.0005778228 0.0261982535 0.0916289460 0.1935164380 0.6038706598 0.3991038986 0.1271766799 0.7204097120 0.0776145365 0.1054187298 0.1239686165 0.0078516012 0.6398306271 0.0724953210 0.2800046471 0.0825129896 0.0180001035 0.2256464642 0.1561981671 0.3060425585 0.2233727731 0.3191751632 0.1122173634 0.0185263885 0.2372583062 0.3308274542 0.5245450077 0.1578135374 0.2462572319 0.2186297111 0.1089979260 0.0589579735 0.0316292874 0.3666945668 0.5000000000 0.7065586724 0.8189397113 0.8055673093 0.7926010871 0.7191564687 0.9727822983 0.7283007550 0.6610363068 0.6046773822 0.7762716547 0.9427768507 0.7325389380 0.4240222039 0.3408539978 0.4319118450 0.9796202618 0.6702481559 0.3291395212 0.9060756080 0.7423640033 0.8717584382 0.6135707710 0.2612867211 0.5966196904 0.8590071696 0.9993225970 0.9864667909 0.7243321805 0.7561179397 0.9648830038 0.8649711263 0.7977840286 0.7983756043 0.8208214692 0.6364759880 0.6964706675 0.8056431351 0.7803550945 0.3796577273 0.2809751394 0.8561887321 0.5692225796 0.7023276165 0.9332240202 0.9098544499 0.7373362422 0.5530511905 0.6612960577 0.6237637370 0.9953939508 0.7821426399 0.5279310292 0.9856687913 0.8179499339
 0.0484775461 0.1333714920 0.2200236671 0.2089578398 0.0512451935 0.2201066570 0.1769095464 0.2157298244 0.3430906772 0.0103190769 0.0223351776 0.0154608871 0.2862977700 0.0912233907 0.1561805117 0.3212349309 0.5193534635 0.0384867639 0.2914800684 0.0345562786 0.0750698692 0.0612179627 0.0384318519 0.0895745855 0.3884824643 0.2198562347 0.0671238232 0.0718653509 0.0540293589 0.0240845193 0.0104348697 0.2706417416 0.1589120041 0.3361057102 0.2944416525 0.1757476362 0.0719174418 0.1107804657 0.4201015626 0.3459199142 0.2918576724 0.6155054193 0.0953512473 0.3531841077 0.3195631952 0.2934413276 0.5000000000 0.6080041370 0.9336503858 0.8576377652 0.7418237691 0.6880577367 0.8774062961 0.6381936083 0.8766674597 0.7319518745 0.8276506997 0.4399659115 0.7590681055 0.9481103848 0.9879690827 0.4107156289 0.9904426550 0.9142527295 0.9022450537 0.4293136008 0.9647329634 0.9821517210 0.2588273289 0.6299170863 0.9261271429 0.8199261801 0.3232241863 0.8285444938 0.7137776993 0.7697999758 0.9119130782 0.9832140048 0.5349199829 0.6424522416 0.5816916882 0.7993063765 0.4265069774 0.7502093768 0.9357868546 0.6953780481 0.9451156094 0.7049977984 0.8791140855 0.8163498499 0.8897240828 0.5203689026 0.9945939039 0.6497897439 0.6020662803 0.7094293083 0.9000312396 0.4635735666 0.9053196339 0.9804407121
 0.5805447111 0.3634152850 0.2899033896 0.2593755353 0.1071484175 0.2715981699 0.0050909947 0.3559127704 0.0898689662 0.5113220339 0.4006633863 0.0843552911 0.5577764460 0.4732633407 0.1820445061 0.1043928131 0.8472816218 0.2742577335 0.2467923238 0.2510781629 0.1616932413 0.3367654693 0.1920273013 0.2396053406 0.0751425276 0.4005678882 0.0931861480 0.2818632066 0.6228937864 0.0934104233 0.5013148815 0.0755536233 0.0015163673 0.1677868417 0.8407278879 0.4801638957 0.3337510160 0.0834706196 0.6324949114 0.0953472344 0.0536038556 0.6413986147 0.0510835499 0.1858818613 0.3758085585 0.1810602887 0.3919958630 0.5000000000 0.9862254351 0.9202837786 0.9151427457 0.7855420151 0.6077948409 0.8964716602 0.7905945230 0.9319020655 0.6213050707 0.6243451045 0.9476367470 0.4677486295 0.6837901333 0.9697775702 0.8945017069 0.8282542737 0.2279394233 0.5030438674 0.9867960073 0.8739411187 0.3470042324 0.4419944643 0.5479543730 0.6717227354 0.2793449355 0.5455511486 0.7717691692 0.5728429144 0.3140653674 0.3348821607 0.9642050596 0.9990663800 0.9556488802 0.9608894696 0.9604158346 0.9715275907 0.6793006768 0.7593004525 0.9641070311 0.9996243476 0.6987535823 0.9226755231 0.8767683363 0.5196575057 0.8703800000 0.7299295221 0.6255205415 0.9606868335 0.9191390332 0.9431077500 0.6082464595 0.8652207791
 0.3236005687 0.4246281555 0.0811971077 0.2964035424 0.4533987811 0.1631950923 0.0500766564 0.0224545680 0.2641593248 0.4144155231 0.0292124652 0.4563964828 0.1372999942 0.0856558439 0.6502652962 0.6852743936 0.3860706677 0.0925059745 0.2860596121 0.3332260312 0.4702758269 0.2107361398 0.2061965887 0.1299690818 0.2784470146 0.0607109791 0.4464129443 0.3437767516 0.0217624299 0.0762057401 0.0234012288 0.0783803677 0.0974330312 0.2174429028 0.1647494414 0.1141020389 0.0187972506 0.4614564910 0.0777109994 0.2964624120 0.1578845358 0.2657059325 0.0246122564 0.1121420647 0.2449236491 0.1944326907 0.0663496142 0.0137745649 0.5000000000 0.7723813905 0.7678288712 0.7743278599 0.6568338556 0.6947631807 0.8026125758 0.2215589526 0.2167452894 0.6230607437 0.7862361167 0.7178646487 0.9410212224 0.2887585815 0.7994717461 0.8000171127 0.8657939166 0.5045716054 0.5213691419 0.9567259266 0.8872436496 0.6665862965 0.6139561111 0.6659090014 0.9359425363 0.8156497380 0.8069263663 0.2199455294 0.9829815237 0.7538349421 0.6500711767 0.2406900997 0.7623398908 0.8352016471 0.8332800702 0.7631567972 0.8010899342 0.9276511717 0.9888504764 0.9875372176 0.8819859912 0.7936058229 0.3382028262 0.9673326209 0.8943434285 0.8509299963 0.6755921396 0.6431816504 0.8351222431 0.6998440201 0.5437662877 0.9869124814
 0.3267031653 0.0631081919 0.0127045704 0.1234791745 0.0654729833 0.0424689923 0.8204930862 0.1805331440 0.1070983854 0.1033718005 0.0636943210 0.0010994766 0.0692031323 0.0936762338 0.7452351617 0.1539540334 0.7454727622 0.0504906210 0.2510740142 0.3193212129 0.2450103711 0.1955179965 0.1656342019 0.1090595260 0.1522156564 0.2966659879 0.0479739526 0.2060642194 0.4040604294 0.2551233934 0.8768882957 0.3108783461 0.1323359455 0.1458528591 0.5443649840 0.2516535724 0.0623725939 0.0673903656 0.1112881840 0.1679453514 0.4401423249 0.2812353262 0.0374277573 0.8144590601 0.3074794036 0.2073989129 0.1423622348 0.0797162214 0.2276186095 0.5000000000 0.7989946366 0.9460713422 0.1691827466 0.7288073658 0.6496089279 0.6502432629 0.7989346153 0.5466981878 0.8987662677 0.2928689326 0.9801704628 0.9711873544 0.7593838484 0.5710700810 0.8174976723 0.9040267092 0.8195292437 0.7622030417 0.9132463769 0.7263017541 0.4805938868 0.6182120297 0.8643068000 0.9886114403 0.9606180504 0.8502120222 0.9978990303 0.6798029747 0.9642215649 0.9964034735 0.8511434526 0.6544062332 0.5985631928 0.7283951511 0.7512631267 0.8895020103 0.7358668852 0.9605417401 0.7202140383 0.3502414922 0.8815750881 0.7834875256 0.9822420991 0.5244269339 0.9907748028 0.9745277628 0.2763735412 0.9175608398 0.8312611718 0.8551039919
 0.2371105379 0.2286380334 0.0730695581 0.5105438743 0.3010270703 0.0506818931 0.2891350456 0.0582181514 0.1437043065 0.1260784486 0.1311829224 0.2266701531 0.7220444479 0.5880489964 0.1711546171 0.3599310429 0.7761273243 0.2313816453 0.5272188902 0.2125192835 0.2528138316 0.4850598775 0.1206360828 0.0022887581 0.0441433375 0.0293300867 0.2183640548 0.3153513037 0.5131993201 0.1510326543 0.0392884034 0.0005419421 0.1157036269 0.0626147523 0.3260923124 0.7968250300 0.0302755222 0.3199193713 0.3403071052 0.0985803336 0.0721967629 0.0698556565 0.0084083456 0.4767298241 0.2821367567 0.2808435313 0.2581762309 0.0848572543 0.2321711288 0.2010053634 0.5000000000 0.9901339790 0.9928283663 0.9042965671 0.6592058051 0.9072849203 0.4535640053 0.7564763049 0.6931449590 0.6803728631 0.9292607296 0.5243810256 0.8404354857 0.6426083557 0.8324427250 0.9639652320 0.6561259211 0.4143382565 0.9586852935 0.9180262353 0.3767228909 0.8272283474 0.6374582744 0.9392294203 0.6892895241 0.8604706803 0.9735279784 0.9672212272 0.6242349752 0.6725817228 0.5559231110 0.6095746194 0.6220134515 0.7074554360 0.5395390790 0.8217826107 0.9054365616 0.4687745349 0.9603995612 0.2765488657 0.9240116473 0.5115997476 0.6172636174 0.6271223817 0.7904201207 0.9928346875 0.9745346097 0.8621415991 0.7962834372 0.9231356686
 0.4243897344 0.0505887684 0.0914950820 0.0471336956 0.3751770213 0.0244248405 0.2299677181 0.5124690952 0.2333133445 0.1979382112 0.2832225238 0.1935475490 0.1941689824 0.1274826510 0.1139424821 0.2311653731 0.5889680170 0.1375724554 0.2360419355 0.1631219564 0.0149898766 0.2911489794 0.0981412340 0.3488179517 0.0964363564 0.5318727724 0.0008658872 0.2024977732 0.3139164515 0.1987829602 0.2853064548 0.3288211723 0.1657242562 0.4006867213 0.1001892046 0.2877121677 0.0694710502 0.3067439538 0.1805864602 0.3504235838 0.4250125598 0.0026706785 0.0054780323 0.1890533599 0.0307872460 0.0272177017 0.3119422633 0.2144579849 0.2256721401 0.0539286578 0.0098660210 0.5000000000 0.8796501622 0.4789889262 0.6321891346 0.6420691875 0.4131080140 0.8969243839 0.5320767969 0.7470321885 0.5846783895 0.9696165101 0.7289888610 0.5888179845 0.9540196228 0.7894740851 0.9564866836 0.9124876272 0.5494597310 0.7449279587 0.9817330994 0.9635436009 0.9520775656 0.8380749447 0.8749908930 0.3441785813 0.7006279042 0.8462106707 0.9759470701 0.8554351544 0.7489806849 0.8435771371 0.8086009392 0.6869263344 0.6028005014 0.9559216230 0.7381228023 0.7201601389 0.9856057313 0.9811168604 0.5780362963 0.5830783352 0.8641107707 0.7273745313 0.7428689496 0.6254357127 0.6627488081 0.7678902231 0.9310164314 0.8556278423
 0.0784019035 0.1125060535 0.2673548751 0.0048625497 0.2536263107 0.3995474846 0.2542666611 0.2279461818 0.1673245441 0.6396105731 0.0359876182 0.4155095865 0.2312893592 0.2931533320 0.0793290381 0.1329281479 0.1293509003 0.4361470234 0.2898617755 0.0726676359 0.1650136489 0.3752595464 0.3689129443 0.1227053256 0.2515416872 0.0419103035 0.4949040423 0.5245413663 0.4101452121 0.0188150370 0.0899321180 0.0812604940 0.0849396447 0.3268513121 0.0536646192 0.0688794681 0.0365811866 0.4771036386 0.2523743526 0.2579859219 0.0655368387 0.2201505837 0.0962410965 0.4339662864 0.0488816470 0.2716992450 0.1225937039 0.3922051591 0.3431661444 0.8308172534 0.0071716337 0.1203498378 0.5000000000 0.5918078414 0.9980665634 0.6398777649 0.9739547875 0.3815865902 0.9111496320 0.7388250417 0.7506225407 0.9746656471 0.5274316069 0.8313120717 0.7995693217 0.9795049709 0.8723962857 0.9296614970 0.7806497112 0.5357180300 0.2363391444 0.8736779421 0.7893974179 0.6741294180 0.6554231165 0.9792619042 0.9582815321 0.7887184251 0.8409575325 0.8997582495 0.9534383958 0.9875318989 0.6200236501 0.2892546387 0.9185662230 0.3823256558 0.8526754842 0.8586978779 0.9624763937 0.8972866097 0.9371901256 0.9837025313 0.9650430795 0.9745913708 0.7303474901 0.5186204682 0.8606677558 0.9734661092 0.9472979140 0.1678881102
 0.0119839719 0.3456867994 0.0820998133 0.5364528922 0.0798234591 0.3716407344 0.6284918064 0.2529517586 0.3096013590 0.4386036855 0.2454998146 0.1561486415 0.0342740875 0.5552903986 0.2565518555 0.2684950092 0.2164621484 0.1781926717 0.2228488931 0.1731066339 0.2938296009 0.4590880014 0.6378389912 0.1253268423 0.4561730203 0.0422398745 0.0025765677 0.2796599880 0.1847382596 0.0634327026 0.5464703862 0.3305488681 0.0198673565 0.4067871305 0.0109337895 0.1916418597 0.0800186915 0.6045918399 0.6956743708 0.2406221651 0.0269419870 0.1488764038 0.6208378111 0.2516528518 0.1264969003 0.3389636932 0.3618063917 0.1035283398 0.3052368193 0.2711926342 0.0957034329 0.5210110738 0.4081921586 0.5000000000 0.9497141551 0.6575657114 0.6498736387 0.6070840259 0.7238576997 0.8782600393 0.9932400436 0.7757999205 0.9027680075 0.9059651732 0.7013609166 0.3693340554 0.7577788825 0.5120314428 0.8750021030 0.2029019496 0.9958898734 0.9269571277 0.5942758717 0.7508985232 0.9039650068 0.9196589812 0.9358625469 0.9016193788 0.5721888195 0.3857623668 0.2496937295 0.7847730474 0.9640813868 0.3823343787 0.5343643321 0.9150926892 0.4263435426 0.9546824007 0.8147127810 0.6908061451 0.7165548254 0.9410147993 0.7835303774 0.3035982374 0.9107857430 0.7503447893 0.5095796493 0.9192037033 0.8630407182 0.6340069247
 0.0743837678 0.1622964286 0.4370810704 0.3137305891 0.5477366807 0.0393646515 0.0221765698 0.0267601503 0.3831977828 0.4238498639 0.1641963140 0.3100158119 0.1126496149 0.1387875594 0.3936553293 0.4704345655 0.1549705729 0.0034659973 0.2622282150 0.4686094083 0.6136396624 0.2500365225 0.6991427414 0.2816898643 0.0933546589 0.0867114959 0.8809159610 0.1902006097 0.4121480463 0.4808533358 0.0451880944 0.0940099729 0.3442617623 0.3628394687 0.4953430738 0.1163508516 0.1275979614 0.0003964429 0.3116625715 0.1170457514 0.1928226360 0.0832921502 0.2792426626 0.3448752663 0.1174201400 0.3953226178 0.1233325403 0.2094054770 0.1973874242 0.3503910721 0.3407941949 0.3678108654 0.0019334366 0.0502858449 0.5000000000 0.9582378828 0.9778041138 0.5851636556 0.6637090847 0.5535940334 0.7111609804 0.7685094419 0.3793655878 0.9417718057 0.7937821232 0.8594214443 0.9697397341 0.9346824178 0.6072921822 0.9551614890 0.8456368321 0.8951340618 0.6502835734 0.9305171386 0.7631965772 0.6234120728 0.9840728799 0.8753903936 0.8937230391 0.7461761774 0.8408756214 0.1401172300 0.7502597559 0.7486118205 0.8201605848 0.8616938951 0.7248340370 0.7835133400 0.8689218240 0.5451237248 0.9002514364 0.9236609923 0.9353285339 0.7598658439 0.7402652468 0.8246762198 0.7647401849 0.1746949018 0.7014271275 0.3347942313
 0.0604676836 0.0196597015 0.4346463339 0.0096276525 0.2006824464 0.2044949925 0.2168083582 0.5575567297 0.1050563561 0.2752044744 0.1658195909 0.0411282351 0.7198406356 0.2075042942 0.0192987347 0.5893617486 0.0365770533 0.1688521581 0.3508883254 0.7846126474 0.2100892604 0.1458913068 0.1656018254 0.6251261114 0.1821865007 0.2146579010 0.2811480670 0.0625423816 0.0209813859 0.1050434559 0.0808799964 0.3566312566 0.3669838732 0.2170989227 0.5292930722 0.4978784525 0.1566003000 0.5873037530 0.4240754062 0.1015035611 0.3583364807 0.1220565278 0.5599384354 0.3617921613 0.2138084794 0.2237283453 0.2680481255 0.0680979345 0.7784410474 0.3497567371 0.0927150797 0.3579308125 0.3601222351 0.3424342886 0.0417621172 0.5000000000 0.9464738969 0.9704567189 0.6788804885 0.8678067472 0.9524490844 0.8893666292 0.3500780672 0.9100289501 0.7763835573 0.9451000994 0.9059371543 0.6799511208 0.8328284988 0.5779496099 0.4771083903 0.7279253457 0.5733410112 0.8921468711 0.8345808551 0.9336255825 0.4681157015 0.6806992489 0.9710347081 0.9380638667 0.8903660273 0.7674039678 0.7968016343 0.6352817643 0.7122226337 0.8340020711 0.2686749053 0.6846411880 0.8972327798 0.7408420221 0.8582868691 0.5499725979 0.7903798020 0.9710710446 0.8672830516 0.8974391328 0.8450822746 0.5049070951 0.8004098485 0.9725579087
 0.2606546289 0.2937382974 0.0936836034 0.3342433141 0.1794399071 0.0350402289 0.2886907902 0.1391208294 0.1075658492 0.1034244334 0.1462029855 0.1833368010 0.1430195013 0.4827793687 0.0853858736 0.0786884347 0.3961973795 0.4063561358 0.5128960379 0.2232287791 0.0429196247 0.3010018386 0.3256449791 0.0025010129 0.2480876111 0.2969892523 0.2716134018 0.1593278301 0.0588544032 0.2126988240 0.1995214157 0.1710478808 0.4538378301 0.6935407466 0.2855233601 0.3403370263 0.1375059337 0.5294083015 0.5920992559 0.0353027199 0.1697369253 0.2023453140 0.0378865943 0.4717602465 0.2381604259 0.0572231493 0.1723493003 0.3786949293 0.7832547106 0.2010653847 0.5464359947 0.5868919860 0.0260452125 0.3501263613 0.0221958862 0.0535261031 0.5000000000 0.8899778014 0.4690043511 0.6771199270 0.6758365396 0.8102286087 0.6545981847 0.8684072069 0.9123797866 0.1544573695 0.9063325011 0.4293646207 0.7226840101 0.6702574262 0.6220324619 0.6516009589 0.9891233222 0.9196469736 0.8993416638 0.8703467943 0.9281301855 0.6690092239 0.5012494667 0.1499884151 0.5072119815 0.9217635157 0.8328873736 0.6080667684 0.8195890431 0.5403339569 0.8169996636 0.8103144797 0.9340722788 0.2158819362 0.8327509718 0.9280753157 0.7529777124 0.9535041456 0.9933935934 0.8957231638 0.9770870665 0.9291156159 0.5124173873 0.4969782093
 0.1904116825 0.2220113187 0.1775413895 0.3667364625 0.0853506340 0.0498632643 0.2555124173 0.1741157757 0.2438551964 0.2555549250 0.7040083325 0.5908813313 0.3908804899 0.4022025807 0.1802920258 0.2382330609 0.0371178902 0.7109615652 0.2930974598 0.3564956208 0.1471077880 0.2110964038 0.6576191073 0.2075076076 0.0116830374 0.1995048489 0.3020320426 0.0569542436 0.0582756972 0.7721042230 0.2087707492 0.4275040334 0.3978936948 0.2636890087 0.2359123537 0.4300772013 0.1416741262 0.2155154835 0.1179992431 0.4869296552 0.6765104746 0.0042579871 0.3174053982 0.4003366108 0.1667357065 0.2674610620 0.5600340885 0.3756548955 0.3769392563 0.4533018122 0.2435236951 0.1030756161 0.6184134098 0.3929159741 0.4148363444 0.0295432811 0.1100221986 0.5000000000 0.6007650658 0.8201738539 0.9004009196 0.9606705695 0.5165756584 0.4965793347 0.4452347428 0.8200520211 0.7972796324 0.9735194734 0.9733723312 0.9288078793 0.9062636676 0.4375682124 0.7044813836 0.9797576574 0.6760301309 0.8132110505 0.5701748551 0.7951241663 0.8163396679 0.9611314394 0.9065782337 0.2388042116 0.6222697611 0.4896728872 0.9317939710 0.3168178797 0.8613373424 0.8954890212 0.9833242386 0.8601427270 0.9242067220 0.7064163262 0.5171157401 0.9967861361 0.7112686442 0.7129147166 0.8079611456 0.6178600496 0.9027980817 0.8997198729
 0.6032005185 0.2446230253 0.2187645472 0.1345991805 0.0552812515 0.0292346961 0.2333667036 0.1835699032 0.1454082231 0.0159831169 0.1341543086 0.1362954508 0.0761557117 0.4554139875 0.4836309762 0.0020369974 0.2168294877 0.1133628488 0.7178163225 0.2351142072 0.3851861572 0.5132704965 0.4806499547 0.4636173330 0.0525234487 0.0401582716 0.0846909690 0.8533024246 0.0864383189 0.3913957617 0.0282465429 0.1454483383 0.1643393993 0.1384210151 0.1373846235 0.2291958931 0.0733314001 0.4422517162 0.1929920136 0.0467354803 0.1416587038 0.7881776363 0.0193311926 0.0396612651 0.4435548845 0.5759777961 0.2409318945 0.0523632530 0.2137638833 0.1012337323 0.3068550410 0.4679232031 0.0888503680 0.2761423003 0.3362909153 0.3211195115 0.5309956489 0.3992349342 0.5000000000 0.6673427012 0.6908524954 0.2833005372 0.9235716935 0.3207421465 0.9775208006 0.7221350095 0.7394453770 0.7662502707 0.9709853404 0.8628182765 0.7286381572 0.8125895394 0.8752015398 0.4773185215 0.9566791021 0.8375441284 0.7470869406 0.4712874290 0.8044105290 0.8033927429 0.8410292796 0.8062471740 0.4749818549 0.9213657788 0.7923238697 0.8094822689 0.2746685075 0.2688033463 0.3687530115 0.7195996919 0.0704133569 0.2261305121 0.6247931423 0.8902960334 0.9807327139 0.6939086427 0.9060335295 0.9694661133 0.9815473443 0.8064411902
 0.3332189290 0.4267930883 0.0583028693 0.3848281490 0.2351251702 0.0019692797 0.2408828853 0.1118318390 0.1865259953 0.2280225362 0.2446044693 0.4090211927 0.2610672209 0.3844919138 0.5104703093 0.2288613370 0.4488451986 0.1374824536 0.0195719409 0.2177545308 0.0009167523 0.7762204979 0.1099939183 0.5070240028 0.0550995466 0.0938387194 0.3625368167 0.4331596120 0.5859380497 0.0727857339 0.2147794380 0.1311828737 0.1888920016 0.6065194409 0.1777269781 0.6077070110 0.3299382014 0.2754951645 0.0461148758 0.2054933222 0.0242496301 0.0089974955 0.0020560364 0.4735671860 0.3142751756 0.6591460022 0.0518896152 0.5322513705 0.2821353513 0.7071310674 0.3196271369 0.2529678115 0.2611749583 0.1217399607 0.4464059666 0.1321932528 0.3228800730 0.1798261461 0.3326572988 0.5000000000 0.9952394828 0.6141314284 0.9841618003 0.8944527054 0.8779477631 0.3155565533 0.9144228906 0.6732106282 0.8914078692 0.8006603640 0.9592226999 0.9245346913 0.4752767144 0.8794514061 0.6720094536 0.8350611564 0.7840572806 0.6374392427 0.9907647215 0.9403719015 0.7424458107 0.5433778410 0.8133337806 0.8767907079 0.9223309008 0.4347461335 0.2683080158 0.9704853080 0.3919622456 0.5514671832 0.8674841671 0.8236031999 0.9314731443 0.9855600899 0.2480840911 0.5804995681 0.0939803444 0.8380313780 0.9330503500 0.7407532198
 0.4055950123 0.3458234747 0.4193615290 0.0600574227 0.3771792235 0.3900662480 0.1914329167 0.4641198673 0.1514100628 0.5273816439 0.0718000226 0.1307367201 0.0211687512 0.0403559287 0.0171249200 0.3514023527 0.0819248834 0.3817880536 0.0213308210 0.0961404139 0.4133248070 0.2045787394 0.0541768066 0.2810586767 0.0284409993 0.0272599282 0.4346451379 0.0326234557 0.4808914618 0.0644905698 0.2077666328 0.1126556116 0.2268986816 0.2434508658 0.1782870896 0.0317064443 0.0473024042 0.3111528932 0.1176347272 0.4055443928 0.2859277140 0.0380926015 0.1111463288 0.0554390364 0.1535832665 0.5680881550 0.0120309173 0.3162098667 0.0589787776 0.0198295372 0.0707392704 0.4153216105 0.2493774593 0.0067599564 0.2888390196 0.0475509156 0.3241634604 0.0995990804 0.3091475046 0.0047605172 0.5000000000 0.7127865906 0.9013862463 0.5776526359 0.9578214323 0.8299394368 0.8833398796 0.8204290934 0.9915183097 0.8328354113 0.9483411264 0.2924966885 0.9276979931 0.5591766064 0.8545065010 0.7926608790 0.8846057629 0.6131951106 0.5041683432 0.7632831495 0.8469457303 0.7967561473 0.8217723496 0.9695795547 0.8806403202 0.8179540885 0.2004579371 0.7542335095 0.9486320158 0.5294449799 0.9327939969 0.7843108467 0.9242865164 0.9106001786 0.8499355164 0.7062502025 0.9426806876 0.7622776490 0.4857991341 0.8614793102
 0.2976837338 0.0576432340 0.0407094273 0.4034995864 0.1704125864 0.1324491385 0.0927129066 0.2845542501 0.6493671817 0.0908574389 0.0151011304 0.1489192186 0.1917308527 0.3851692217 0.4333744258 0.1076167662 0.2708331618 0.2522989918 0.5899305899 0.1914644209 0.4308408229 0.1441412071 0.6494351383 0.0053898107 0.1519997873 0.0817662237 0.4639499193 0.6893454793 0.4618592425 0.1103235653 0.3315322691 0.2220319898 0.6037317123 0.3499997043 0.3952476559 0.2081540049 0.1368209551 0.0795977714 0.1457795223 0.1396854567 0.3586994494 0.0077297797 0.1015720945 0.2475437686 0.7004715840 0.0203797382 0.5892843711 0.0302224298 0.7112414185 0.0288126456 0.4756189744 0.0303834899 0.0253343529 0.2242000795 0.2314905581 0.1106333708 0.1897713913 0.0393294305 0.7166994628 0.3858685716 0.2872134094 0.5000000000 0.8330070223 0.8460635772 0.7202175860 0.7803123154 0.5910846059 0.6720583690 0.7241248260 0.2734702330 0.6047515765 0.4669694157 0.5540919073 0.6489515991 0.3681742411 0.7486513087 0.3770186102 0.9629164741 0.7529222493 0.6045982285 0.8251931046 0.8965127592 0.8714878332 0.8761293303 0.7990909853 0.6250600183 0.8794357254 0.8859765539 0.4768260535 0.7698450056 0.4850810700 0.9607513219 0.5913026367 0.9828358940 0.9668409450 0.8493669489 0.4936270531 0.7793853484 0.4067486651 0.5657189295
 0.0592915026 0.1581536789 0.2218181350 0.0317909434 0.1390076729 0.0855884585 0.4546926022 0.0832522055 0.0449271004 0.1739352653 0.1496696156 0.3522300710 0.2074460649 0.1894982298 0.6713547117 0.2390015111 0.3178227291 0.0765581312 0.3502957788 0.2224032796 0.4785299283 0.2083297493 0.1703430089 0.3747503306 0.4832147135 0.3406882169 0.3539003488 0.1029682685 0.2563112349 0.1456732290 0.1808738071 0.4638924711 0.1509817305 0.1478236125 0.1141895097 0.0795475104 0.5591414341 0.5145624358 0.0553777905 0.1936858485 0.2345123118 0.7337890998 0.1954812469 0.2345756777 0.3305758859 0.3297518441 0.0095573450 0.1054982931 0.2005282539 0.2406161516 0.1595645143 0.2710111390 0.4725683931 0.0972319925 0.6206344122 0.6499219328 0.3454018153 0.4834243416 0.0764283065 0.0158381997 0.0986137537 0.1669929777 0.5000000000 0.2226113125 0.7094282782 0.8732653392 0.7250778000 0.8152676220 0.8235848217 0.9299651745 0.9344954887 0.8602563184 0.5578343687 0.9214692148 0.8164548363 0.8956999132 0.8648394987 0.6041735601 0.6862547875 0.4997502309 0.5603667809 0.9963907730 0.9136434634 0.7113106087 0.4746162209 0.8872850819 0.8598258617 0.3638065490 0.6336218996 0.6861906804 0.7635684947 0.9004409785 0.8676019518 0.9840494728 0.9760213900 0.3416259895 0.7403833112 0.7174315733 0.8342641140 0.8624854273
 0.3028868523 0.4230303996 0.3477059189 0.0927464309 0.1015894609 0.0784657502 0.1365896326 0.1136855479 0.4286845687 0.1512840563 0.5986244081 0.1525997429 0.3006254393 0.6233605807 0.2187621904 0.3610603179 0.2550416679 0.1175138085 0.5006199261 0.1907165212 0.3168487184 0.6787661393 0.0447575560 0.2384089575 0.7374630462 0.4778537153 0.4637298846 0.1930212101 0.4031862445 0.2230157892 0.4259902609 0.0412345625 0.2204932007 0.0419884124 0.0079026921 0.4063015220 0.7648297923 0.3246214297 0.1454174695 0.0499616435 0.0222253999 0.6111394832 0.2636530453 0.6291311467 0.0187839868 0.6708604788 0.0857472705 0.1717457263 0.1999828873 0.4289299190 0.3573916443 0.4111820155 0.1686879283 0.0940348268 0.0582281943 0.0899710499 0.1315927931 0.5034206653 0.6792578535 0.1055472946 0.4223473641 0.1539364228 0.7773886875 0.5000000000 0.8473164363 0.3274581247 0.7986655314 0.5529236589 0.8790186752 0.9870993913 0.9314559223 0.7777017075 0.5233679631 0.6956809062 0.3174708444 0.8084364466 0.7514087009 0.7761069886 0.9958695132 0.8899850404 0.7473787672 0.8470678537 0.9904792367 0.7142697770 0.9729538079 0.3960626342 0.4366059664 0.8347399349 0.1818034737 0.7994420542 0.3898284458 0.7788725667 0.7708463963 0.9467336145 0.8178518957 0.9383927788 0.8844564027 0.8192822195 0.8547249114 0.3185232173
 0.4671629144 0.6119372127 0.6407488190 0.0036610387 0.1703355286 0.1162755687 0.4249640612 0.1148237888 0.5589782043 0.0207395390 0.3421641803 0.0478722693 0.1931577688 0.1260122717 0.1022727451 0.4400459890 0.0679111702 0.6901904780 0.1555892025 0.1128102952 0.1868516362 0.0070901759 0.7535152326 0.1415747756 0.6341557813 0.1481232832 0.0514432218 0.0955283355 0.4182496108 0.5246670221 0.0099671668 0.2020883322 0.5033328768 0.0121467396 0.0962093971 0.2839049825 0.2396075194 0.0674324982 0.1225915211 0.0825045442 0.0669895323 0.0320894852 0.0311957426 0.1418810969 0.1740739831 0.0939243920 0.0977549463 0.7720605767 0.1342060834 0.1825023277 0.1675572750 0.0459803772 0.2004306783 0.2986390834 0.2062178768 0.2236164427 0.0876202134 0.5547652572 0.0224791994 0.1220522369 0.0421785677 0.2797824140 0.2905717218 0.1526835637 0.5000000000 0.8504494251 0.8641329071 0.7293052423 0.6342134872 0.9854612216 0.6278748177 0.9091696365 0.9189521793 0.6079696053 0.8621063583 0.8280661999 0.5732696433 0.9527425878 0.3623473868 0.3238172025 0.9945917926 0.8380793085 0.5003917672 0.8309964493 0.6713632013 0.8771357872 0.9393872217 0.5270995349 0.5904290682 0.1887294946 0.6266423122 0.7063654225 0.8851904506 0.8055504538 0.9812554529 0.7617608403 0.9768332856 0.7079763665 0.7747899411 0.6744809826
 0.0741922350 0.0983027641 0.1351386019 0.2205422806 0.3187463417 0.0473446876 0.2477539864 0.0965561490 0.1937511102 0.1251397743 0.4945256847 0.2092874326 0.2580826982 0.0290724464 0.1589129272 0.0316420649 0.3217970916 0.1502262049 0.8407809301 0.1608863589 0.0796061477 0.0840002636 0.0315650720 0.1397872752 0.3246068254 0.1776178589 0.3673573802 0.0754221154 0.0328737065 0.4812208730 0.1915655080 0.4474104465 0.1889081982 0.5081298371 0.0820985628 0.4366098101 0.4340435895 0.1376154438 0.2136080683 0.7246352959 0.0179787073 0.0231813031 0.0677779910 0.0545861366 0.2953315874 0.2576359967 0.5706863992 0.4969561326 0.4954283946 0.0959732908 0.0360347680 0.2105259149 0.0204950291 0.6306659446 0.1405785557 0.0548999006 0.8455426305 0.1799479789 0.2778649905 0.6844434467 0.1700605632 0.2196876846 0.1267346608 0.6725418753 0.1495505749 0.5000000000 0.9173833634 0.5037726352 0.9445475118 0.9275997329 0.6531817188 0.9955518143 0.5172274935 0.6677303730 0.9387367255 0.7957425394 0.8403850227 0.8160782512 0.5964424901 0.5211957584 0.7737319216 0.4861162030 0.8349157256 0.4358422690 0.5460057695 0.3842609432 0.9892877975 0.7655269505 0.3787206782 0.5710474024 0.4782473512 0.7381137952 0.9558291503 0.8573271585 0.7551290138 0.9038415591 0.6804508390 0.9614325665 0.8532475760 0.9178126841
 0.0474480838 0.1228810031 0.3436112439 0.0499592995 0.1250227619 0.7016174422 0.0294286029 0.3636126789 0.1712015912 0.3186196055 0.0700780620 0.3007379658 0.2652802919 0.0325030919 0.3709044988 0.2789617322 0.0990115375 0.0413852338 0.5151002447 0.0597336996 0.3665666862 0.0593145888 0.6192376119 0.1772034493 0.2490729413 0.0443281583 0.0909809907 0.3582522008 0.1623546083 0.3050765052 0.3577520728 0.0756508763 0.2666294883 0.5327775792 0.3656043261 0.2790976262 0.0162840659 0.1118257412 0.1863212268 0.5985586564 0.0113058828 0.2082043720 0.2139901993 0.5913004756 0.2383109259 0.1282415618 0.0352670366 0.0132039927 0.4786308581 0.1804707563 0.3438740789 0.0435133164 0.1276037143 0.2422211175 0.0302602659 0.0940628457 0.0936674989 0.2027203676 0.2605546230 0.0855771094 0.1166601204 0.4089153941 0.2749222000 0.2013344686 0.1358670929 0.0826166366 0.5000000000 0.6172516930 0.9290727345 0.8359431075 0.9216911471 0.9572203724 0.6082588242 0.6871854160 0.9369004322 0.7990480192 0.4558866412 0.7879608719 0.9929994616 0.8030817489 0.7701867473 0.5899235572 0.4693885343 0.6245520022 0.6910626564 0.5697186198 0.8669663276 0.5421051579 0.8964763155 0.6192439835 0.5095779068 0.7743567244 0.5842052119 0.0793556434 0.7865939440 0.3886199960 0.9194222689 0.8862322940 0.9297924889 0.4308826196
 0.7401358180 0.1051060534 0.3679000456 0.1912812224 0.1799496933 0.5590953442 0.0058921047 0.0290451213 0.2161054103 0.2627988481 0.5544384883 0.2062799597 0.5524538621 0.1647771690 0.2413307383 0.6258628447 0.6231028965 0.3389730189 0.1750100928 0.1673675926 0.2871796172 0.2000219990 0.1699150973 0.7801907842 0.2860091414 0.0395698532 0.2862934570 0.0022583771 0.1198154763 0.5043021454 0.3656818267 0.1257242789 0.2362768251 0.5153573461 0.3650806532 0.1486398733 0.0444841250 0.4060384744 0.2975375891 0.3344616099 0.1575394178 0.2562776238 0.2531710881 0.0722500607 0.5055081812 0.3864292290 0.0178482790 0.1260588813 0.0432740734 0.2377969583 0.5856617435 0.0875123728 0.0703385030 0.4879685572 0.0653175822 0.3200488792 0.5706353793 0.0264805266 0.2337497293 0.3267893718 0.1795709066 0.3279416310 0.1847323780 0.4470763411 0.2706947577 0.4962273648 0.3827483070 0.5000000000 0.7912199494 0.9052237878 0.7871632404 0.4232659142 0.9071406889 0.7470880741 0.8878096066 0.6543625338 0.7613913477 0.9655153602 0.6012140085 0.5467361905 0.9583634826 0.6654591298 0.9558010681 0.6765092658 0.4874794519 0.7762880398 0.8494694904 0.8813501611 0.6173404260 0.8870180576 0.5060492675 0.9980413294 0.9222455099 0.8673527005 0.9074540200 0.7115245015 0.9105306404 0.6259223221 0.8209576800 0.1113597378
 0.0643151027 0.0935864765 0.0310663550 0.4456397919 0.5691493485 0.0736601283 0.0655712788 0.0715279192 0.3238838891 0.0634002383 0.1801952003 0.1038718372 0.0355056296 0.0632170916 0.0200691731 0.0602210077 0.5342789572 0.3467567300 0.2269506205 0.3573166969 0.2830761573 0.2325184430 0.0991463883 0.1783252045 0.1982131815 0.2534066360 0.2506715299 0.0261501443 0.0974383367 0.0242003775 0.0300617526 0.3650137198 0.0859719175 0.5133700072 0.1777413924 0.0526111892 0.3079984521 0.2052007869 0.1244292562 0.0388475044 0.4850249500 0.0415773348 0.8316103819 0.3910076637 0.0262405231 0.7387132789 0.7411726711 0.6529957676 0.1127563504 0.0867536231 0.0413147065 0.4505402690 0.2193502888 0.1249978970 0.3927078178 0.1671715012 0.2773159899 0.0266276688 0.0290146596 0.1085921308 0.0084816903 0.2758751740 0.1764151783 0.1209813248 0.3657865128 0.0554524882 0.0709272655 0.2087800506 0.5000000000 0.9773218011 0.8716625423 0.8318563731 0.3629926261 0.4640437447 0.5065980026 0.6998030261 0.7379875798 0.7519980968 0.9536709362 0.9152089953 0.9691055087 0.9766212933 0.9797700416 0.5545462582 0.4985677290 0.6587970195 0.5960349750 0.9111322451 0.9362307789 0.7920288151 0.3459647605 0.3928922270 0.7849837553 0.9230758183 0.4955850452 0.7491766606 0.4026076209 0.8006000349 0.4688496125 0.8705684518
 0.0216313532 0.0215155651 0.2182091332 0.1166838786 0.1312310874 0.3273762532 0.1346826529 0.1777025425 0.0863779743 0.3764627742 0.0420827007 0.1439035388 0.4381619957 0.0977639686 0.1935084749 0.6281148648 0.0322402287 0.6298763350 0.5785963090 0.3616577200 0.2794010993 0.3076653128 0.0905521016 0.2417640783 0.2431950077 0.5277425784 0.1130778459 0.4405398028 0.3334572455 0.4674957215 0.0811636979 0.1625246107 0.2985471037 0.3345247962 0.0425180426 0.2728747137 0.0440856458 0.1797144049 0.1178515785 0.1871872370 0.2887010691 0.0505224686 0.0404628330 0.1495641405 0.3581997482 0.4033803096 0.3700829137 0.5580055357 0.3334137035 0.2736982459 0.0819737647 0.2550720413 0.4642819700 0.7970980504 0.0448385110 0.4220503901 0.3297425738 0.0711921207 0.1371817235 0.1993396360 0.1671645887 0.7265297670 0.0700348255 0.0129006087 0.0145387784 0.0724002671 0.1640568925 0.0947762122 0.0226781989 0.5000000000 0.9517163941 0.5168190769 0.6951842659 0.5728290095 0.9391163353 0.4156838519 0.9827321615 0.6364071634 0.8769408499 0.6603472679 0.5115702340 0.6078552767 0.8360138495 0.8977574971 0.9900049178 0.5060158966 0.7466370081 0.7657225513 0.7848796865 0.9131536127 0.7759643087 0.9944537266 0.8271138319 0.7914099539 0.5842420369 0.9538156648 0.3303809596 0.9751442534 0.7736344830 0.9490153715
 0.7324589857 0.0295129595 0.1829668042 0.0990013968 0.1290579369 0.0241436057 0.1156904166 0.0679690734 0.3415738753 0.4250741336 0.2122672998 0.1527250643 0.2792755133 0.3279417510 0.0186640497 0.0810444462 0.2878516096 0.2786212684 0.0892863072 0.4321192345 0.0676812061 0.3512597236 0.3203323931 0.4695647933 0.1535390948 0.4075155052 0.1288878304 0.6636351336 0.1404840881 0.6044568397 0.1739132271 0.1787577171 0.2231696853 0.2342769235 0.4836779151 0.3446416364 0.2442265106 0.2357907166 0.0642796617 0.5985863018 0.0402089838 0.0570708669 0.1651604370 0.1938110530 0.3345540043 0.1409928304 0.0738728571 0.4520456270 0.3860438889 0.5194061132 0.6232771091 0.0182669006 0.7636608556 0.0041101266 0.1543631679 0.5228916097 0.3779675381 0.0937363324 0.2713618428 0.0407773001 0.0516588736 0.3952484235 0.0655045113 0.0685440777 0.3721251823 0.3468182812 0.0783088529 0.2128367596 0.1283374577 0.0482836059 0.5000000000 0.8494212162 0.6248880808 0.9094779171 0.7920006459 0.7598765504 0.9887848896 0.9008326487 0.8967708709 0.9586007288 0.9041930782 0.5457444354 0.7461221947 0.9920670207 0.9390154584 0.5612012456 0.7136660170 0.6901650514 0.7243305162 0.7924740124 0.9735003799 0.6968399319 0.9951939750 0.3210321465 0.8792385079 0.9525160851 0.4069446343 0.7772466148 0.9280161803 0.9993803876
 0.3274847692 0.0132829625 0.4301706172 0.0027815510 0.1685766640 0.3211059965 0.0028754085 0.1140021502 0.0645148483 0.1613248484 0.2459531953 0.0786241457 0.1342367073 0.0494995582 0.0966174726 0.0310790105 0.1817640202 0.1758845725 0.1158140876 0.1001149836 0.5370420371 0.0045237955 0.0465683778 0.2359007028 0.3388134675 0.0227328552 0.6012011598 0.1652004610 0.0191441635 0.1882390244 0.0492179438 0.1618574226 0.2945534247 0.6113439418 0.0315384177 0.3197274243 0.2290236675 0.0001102401 0.0441812454 0.3599595404 0.5443486686 0.3094568308 0.2659429430 0.6555398326 0.0952799835 0.0006774030 0.1800738199 0.3282772646 0.3340909986 0.3817879703 0.1727716526 0.0364563991 0.1263220579 0.0730428723 0.1048659382 0.2720746543 0.3483990411 0.5624317876 0.1874104606 0.0754653087 0.7075033115 0.5330305843 0.1397436816 0.2222982925 0.0908303635 0.0044481857 0.0427796276 0.5767340858 0.1681436269 0.4831809231 0.1505787838 0.5000000000 0.5342743929 0.5985029801 0.7554651029 0.5573207265 0.4457839471 0.9551852274 0.8006104616 0.3835321546 0.9768091422 0.4038449797 0.9212620482 0.9647910454 0.7929676181 0.8720293205 0.8985518625 0.4065198028 0.7969088039 0.6786600212 0.8031071582 0.7033529642 0.8037603055 0.9183005879 0.8008646061 0.4332312076 0.5649123339 0.9933106988 0.9497345421 0.8691998307
 0.2421869070 0.1050301183 0.1794191239 0.2327171508 0.7135743010 0.0669458152 0.6969758133 0.1754959826 0.2313761295 0.0252691470 0.0342910089 0.0363880875 0.1103001355 0.1574534029 0.2314648996 0.0890923962 0.1233887200 0.3842367638 0.0391000692 0.1467953650 0.3148755672 0.7530404090 0.1612745729 0.1518243337 0.0708575617 0.5279211864 0.0144372535 0.2774356112 0.0640899441 0.1871954282 0.3139825150 0.1436620838 0.0216826669 0.0320635012 0.1775707087 0.4610603847 0.1553342090 0.5688008199 0.6908079022 0.3995271252 0.1090245067 0.1293525768 0.4134130113 0.2693384663 0.4544900147 0.0135332091 0.6767758137 0.7206550645 0.0640574637 0.1356932000 0.3625417256 0.0479224344 0.2106025821 0.4057241283 0.3497164266 0.4266589888 0.0108766778 0.2955186164 0.1247984602 0.5247232856 0.0723020069 0.4459080927 0.4421656313 0.4766320369 0.0810478207 0.4827725065 0.3917411758 0.0928593111 0.6370073739 0.3048157341 0.3751119192 0.4657256071 0.5000000000 0.7928657592 0.8417444018 0.9921965448 0.9249310809 0.8336481067 0.8213671641 0.8553303465 0.6638690942 0.8293338165 0.3397758422 0.7701504546 0.6600430651 0.9100837620 0.7650808485 0.5443504741 0.4143390178 0.5611848619 0.8828667325 0.7879981132 0.7008468949 0.9479221107 0.8594272616 0.6861804216 0.7402627516 0.5426842898 0.5170838855 0.3939418450
 0.1791784313 0.4206317803 0.2490265899 0.0476492520 0.1845483576 0.4116106296 0.0853207724 0.4798856383 0.2371759562 0.4222994724 0.6048732899 0.2820467583 0.3940254923 0.3500222977 0.5283588018 0.0502317786 0.0193215088 0.0721865020 0.3331935296 0.7387835053 0.6126487692 0.0048389560 0.0701046412 0.2367937168 0.6483125415 0.5605977767 0.1029548496 0.0484794511 0.0569311117 0.4125738955 0.1538681559 0.0487057027 0.0074794724 0.4410110841 0.0532811872 0.2595197908 0.0260899462 0.5614810529 0.0437269464 0.0210498859 0.0283383632 0.3711203349 0.0660456053 0.0154243887 0.2787631960 0.2756678195 0.1714555062 0.4544488514 0.1843502620 0.0113885597 0.0607705797 0.1619250553 0.3258705820 0.2491014768 0.0694828614 0.1078531289 0.0803530264 0.0202423426 0.5226814785 0.1205485939 0.4408233936 0.3510484009 0.0785307852 0.3043190938 0.3920303947 0.3322696270 0.3128145840 0.2529119259 0.5359562553 0.4271709905 0.0905220829 0.4014970199 0.2071342408 0.5000000000 0.1386905205 0.5549333511 0.8916948394 0.9895454559 0.8589059387 0.9101293712 0.6633761884 0.7732241986 0.7590443627 0.9852984358 0.9320692934 0.6738357762 0.7402549039 0.8584361440 0.6465701542 0.8981095531 0.8705442639 0.7945655344 0.8667489766 0.6018634829 0.9384577455 0.4488733034 0.6095832628 0.5842384020 0.7217378904 0.9871001849
 0.4741880061 0.5223030177 0.0405195370 0.0277664020 0.0378058495 0.1093682032 0.2750162180 0.0222187794 0.3670123618 0.1122575584 0.4618389934 0.0294106533 0.1130634249 0.7637756201 0.7734129135 0.4261336623 0.2119874550 0.5118329122 0.2909628127 0.8271596088 0.2553378772 0.0111617085 0.2011699472 0.2678017803 0.1385956193 0.5896895615 0.1057653507 0.1543183714 0.0074270109 0.4461972808 0.1060469849 0.2990612839 0.2256466856 0.1748790232 0.0839097166 0.2077477062 0.0121429400 0.2076208884 0.0834093498 0.6975167394 0.3114300407 0.3096578709 0.7946680708 0.2816081073 0.2600329689 0.2438820603 0.2862223007 0.2282308308 0.1930736337 0.0393819496 0.3107104759 0.1250091070 0.3445768835 0.0960349932 0.2368034228 0.1654191449 0.1006583362 0.3239698691 0.0433208979 0.3279905464 0.1454934990 0.6318257589 0.1835451637 0.6825291556 0.1378936417 0.0612632745 0.0630995678 0.1121903934 0.4934019974 0.0608836647 0.2079993541 0.2445348971 0.1582555982 0.8613094795 0.5000000000 0.9102433601 0.7106862981 0.6395762160 0.6970373612 0.7553126711 0.8433944165 0.4183901891 0.7005631011 0.9426877317 0.9895294767 0.9006042188 0.9901580702 0.8566809719 0.2854036913 0.6652680242 0.9725477365 0.7918681141 0.5104751828 0.8145487688 0.6515941418 0.7441061771 0.3924605289 0.4159361849 0.2975419142 0.3477136183
 0.0220406625 0.4458679941 0.0392225295 0.3548476283 0.0292710129 0.0014726971 0.2272492941 0.0532297898 0.1714361661 0.5419014848 0.2359831401 0.0715648598 0.1072341226 0.2451399526 0.1065452764 0.0337309670 0.3855764945 0.2587426626 0.2780095649 0.0565719909 0.1971180579 0.0870835706 0.7072222814 0.2339108173 0.0343386790 0.3552938505 0.0899998772 0.4371477365 0.0485670991 0.3716788041 0.0242066761 0.1207328401 0.4307076375 0.0571749982 0.0179811318 0.1846751566 0.6036009566 0.0324517846 0.5536166498 0.1292874139 0.4200191481 0.3261249389 0.7717482266 0.2733043775 0.3122102909 0.0351169962 0.2302000242 0.4271570856 0.7800544706 0.1497879778 0.1395293197 0.6558214187 0.0207380958 0.0803410188 0.3765879272 0.0663744175 0.1296532057 0.1867889495 0.1624558716 0.1649388436 0.2073391210 0.2513486913 0.1043000868 0.1915635534 0.1719338001 0.2042574606 0.2009519808 0.3456374662 0.3001969739 0.5843161481 0.2401234496 0.4426792735 0.0078034552 0.4450666489 0.0897566399 0.5000000000 0.6801474140 0.6963298697 0.5712236174 0.1807760764 0.9400587388 0.9758182196 0.3455401892 0.9953208988 0.7590800443 0.7454383693 0.4363958102 0.1349232692 0.9336250456 0.7959339814 0.7223121850 0.4752906205 0.6873691821 0.4798781046 0.5710884106 0.7229374254 0.8172639658 0.4712951545 0.6427401022 0.9635012437
 0.1109274598 0.2465568517 0.1174304393 0.6029194156 0.1057934706 0.2462519520 0.3070482114 0.3519157062 0.4197617066 0.2736935369 0.2110892863 0.1859038045 0.0289066388 0.2006790710 0.0286321288 0.6914179290 0.1248965231 0.2123129495 0.1457885522 0.0637703468 0.3617795315 0.0025099997 0.1589632552 0.0755926041 0.3042469953 0.1815590332 0.1566786914 0.1198201493 0.4036942335 0.2526199444 0.1037484232 0.1786231803 0.0543468965 0.0470838873 0.7275285877 0.2346961925 0.0121641260 0.4850739849 0.1227528446 0.3804897643 0.2237147777 0.3401203798 0.1551322512 0.3804960274 0.1100422201 0.1350288737 0.0880869218 0.6859346326 0.0170184763 0.0021009697 0.0264720216 0.2993720958 0.0417184679 0.0641374531 0.0159271201 0.5318842985 0.0718698145 0.4298251449 0.2529130594 0.2159427194 0.1153942371 0.6229813898 0.1351605013 0.2485912991 0.4267303567 0.1596149773 0.5441133588 0.2386086523 0.2620124202 0.0172678385 0.0112151104 0.5542160529 0.0750689191 0.1083051606 0.2893137019 0.3198525860 0.5000000000 0.9863195659 0.9808167921 0.8497877739 0.7672297231 0.7305988778 0.6038232005 0.7299410760 0.8819551497 0.9283953782 0.8065363274 0.6515052980 0.5605666565 0.9232155627 0.8145286907 0.8465212892 0.7272407386 0.9526623554 0.7914254142 0.9850045340 0.9666005750 0.5622942488 0.8874999890 0.8357335332
 0.2230280704 0.0738926055 0.0825819480 0.2000694405 0.4855400150 0.2330105920 0.3141187493 0.6334889958 0.1905479182 0.0818951304 0.2179413101 0.6439777940 0.2277155559 0.2316695385 0.3822384021 0.1150801786 0.0418020338 0.1894610103 0.1287872498 0.3176159165 0.0576645348 0.1414145505 0.3973166275 0.0006811144 0.1250906350 0.2181771950 0.4024134293 0.3791174795 0.0919551849 0.1613397782 0.1354517846 0.3254285581 0.3413435451 0.0932057725 0.4471598956 0.1865712339 0.3522452421 0.1013859159 0.3171063529 0.0579431562 0.1302251776 0.4280382310 0.0656124606 0.2887876398 0.1472538539 0.2022159714 0.0167859952 0.6651178393 0.2461650579 0.3201970253 0.0327787728 0.1537893293 0.2112815749 0.0983806212 0.1246096064 0.3193007511 0.3309907761 0.2048758337 0.5287125710 0.3625607573 0.3868048894 0.0370835259 0.3958264399 0.2238930114 0.0472574122 0.1839217488 0.2120391281 0.0344846398 0.2480019032 0.3635928366 0.0991673513 0.0448147726 0.1663518933 0.0104545441 0.3604237840 0.3036701303 0.0136804341 0.5000000000 0.9446651936 0.9780600825 0.5821224827 0.9765135537 0.9834554384 0.9079077333 0.2272044031 0.9897702442 0.6435664117 0.6763014652 0.9229968739 0.7076822902 0.4684964194 0.5051403161 0.9896727266 0.7628062581 0.7733543521 0.4226140915 0.8557213399 0.3306195845 0.8780700882 0.9754741888
 0.2724322657 0.3804829081 0.2061971921 0.5762012374 0.3151980347 0.2994933867 0.0161784070 0.0837483898 0.7151248464 0.5912832823 0.0412033376 0.6297134769 0.1890200769 0.1301971991 0.0046732909 0.3440989154 0.0271335999 0.1934731161 0.3950843220 0.1684573539 0.3562710957 0.3742626446 0.1093591613 0.1515516311 0.2741519114 0.0512952534 0.0834126702 0.4213653816 0.1280645835 0.2225302792 0.6496712564 0.5140641040 0.5171380653 0.1285107587 0.5985643574 0.0108660732 0.4001009896 0.5669065899 0.2214202174 0.3730826026 0.0792859659 0.2644335684 0.5899297973 0.2269551406 0.0223860763 0.2016243957 0.4650800171 0.0357949404 0.3499288233 0.0357784351 0.3757650248 0.0240529299 0.1590424675 0.4278111805 0.1062769609 0.0289652919 0.4987505333 0.1836603321 0.1955894710 0.0092352785 0.4958316568 0.2470777507 0.3137452125 0.0041304868 0.6376526132 0.4035575099 0.0070005384 0.3987859915 0.0463290638 0.1230591501 0.1032291291 0.1993895384 0.1786328359 0.1410940613 0.3029626388 0.4287763826 0.0191832079 0.0553348064 0.5000000000 0.9508539353 0.3555060217 0.6359937093 0.8745365000 0.8741707913 0.8623663680 0.9960110984 0.9893437062 0.8740338591 0.7154213017 0.9493706257 0.8637408472 0.4943858351 0.6902989169 0.9263077357 0.8533212268 0.9853564013 0.3903392890 0.6245844872 0.7467624719 0.7912049587
 0.1288314756 0.2086293553 0.2618250990 0.5435606703 0.1373488763 0.1068676232 0.2045585939 0.3472400810 0.6184260682 0.2347506309 0.0159652868 0.3770297995 0.3189552998 0.0175476763 0.4914164344 0.3509826490 0.6147360210 0.1217478684 0.1705532719 0.2238377453 0.0092177879 0.1162493115 0.4146411209 0.2529116415 0.1236258649 0.4560942021 0.6565523996 0.3109505878 0.1772242192 0.0834451680 0.2955854304 0.0437615458 0.2190661449 0.0907444392 0.2345859469 0.8439056993 0.3096242170 0.3799393605 0.4647516987 0.3094871886 0.1169577319 0.2929635659 0.1878116258 0.2509467893 0.1978673723 0.1791785308 0.3575477584 0.0009336200 0.7593099003 0.0035965265 0.3274182772 0.1445648456 0.1002417505 0.6142376332 0.2538238226 0.0619361333 0.8500115849 0.0388685606 0.1966072571 0.0596280985 0.2367168505 0.3954017715 0.5002497691 0.1100149596 0.6761827975 0.4788042416 0.1969182511 0.4532638095 0.0847910047 0.3396527321 0.0413992712 0.6164678454 0.1446696535 0.0898706288 0.2446873289 0.8192239236 0.1502122261 0.0219399175 0.0491460647 0.5000000000 0.7143414964 0.1835916074 0.9722657037 0.9488062784 0.7101189697 0.9613505767 0.9280385433 0.9803393865 0.7049798528 0.1432326581 0.1664839599 0.8676508267 0.8877785944 0.8828939224 0.6033584848 0.9937024159 0.9008273471 0.5068521878 0.4280746760 0.6803773305
 0.1227684466 0.3140527621 0.0828011492 0.4298634720 0.0168033486 0.0821408339 0.5916196402 0.0637118786 0.6616058395 0.0150911012 0.6642717557 0.7241189977 0.1964551228 0.2486930119 0.2009202927 0.2165433254 0.1797765921 0.3402493562 0.0683498392 0.0989701847 0.1798398553 0.0206943024 0.3457033062 0.2906020668 0.4158319422 0.1421350385 0.1912506032 0.0119720957 0.1159844046 0.0058301865 0.0516033089 0.1895443200 0.1032657375 0.1771104582 0.2313800785 0.2969010399 0.4747425498 0.4168055769 0.0754123014 0.1588012218 0.3005704936 0.4024416169 0.5237245677 0.1559824037 0.2611617339 0.3635240120 0.4183083118 0.0443511198 0.2376601092 0.1488565474 0.4440768890 0.2510193151 0.0465616042 0.7503062705 0.1591243786 0.1096339727 0.4927880185 0.0934217663 0.1589707204 0.2575541893 0.1530542697 0.1748068954 0.4396332191 0.2526212328 0.0054082074 0.2262680784 0.2298132527 0.0416365174 0.0308944913 0.4884297660 0.0958069218 0.0231908578 0.3361309058 0.3366238116 0.1566055835 0.0599412612 0.2327702769 0.4178775173 0.6444939783 0.2856585036 0.5000000000 0.5766156228 0.5146796162 0.5198729824 0.6873684552 0.5761405284 0.6229370244 0.8091805884 0.9121376772 0.8984809443 0.6734352401 0.9706517557 0.6450074139 0.6688009262 0.9962016370 0.6439301162 0.6417234260 0.7840785132 0.2109631412 0.6708622172
 0.2369001842 0.0939262003 0.4060071134 0.2819919517 0.0842268605 0.2501817901 0.7946242912 0.7333745618 0.2460602816 0.4822972167 0.2772723106 0.0979217874 0.5865387125 0.2321423345 0.8139172506 0.1859728904 0.1714853124 0.2473963087 0.3934035771 0.0568908719 0.3106114520 0.3907636759 0.1285542742 0.1511982326 0.1179971075 0.0893448403 0.0981970599 0.5831047235 0.2332293809 0.4453087445 0.2848992298 0.6833514603 0.6575680359 0.0371194910 0.0154180568 0.0866254514 0.1589764023 0.0664433699 0.1486043875 0.1770944724 0.2585214022 0.2801450817 0.0064505226 0.5295483099 0.1378550512 0.3035293325 0.2006936235 0.0391105304 0.1647983529 0.3455937668 0.3904253806 0.1564228629 0.0124681011 0.2152269526 0.8598827700 0.2325960322 0.0782364843 0.7611957884 0.1937528260 0.4566221590 0.2032438527 0.1034872408 0.0036092270 0.1529321463 0.1619206915 0.5138837970 0.4100764428 0.3345408702 0.0233787067 0.3921447233 0.4542555646 0.5961550203 0.1706661835 0.2267758014 0.5816098109 0.0241817804 0.2694011222 0.0234864463 0.3640062907 0.8164083926 0.4233843772 0.5000000000 0.6668979571 0.6774325292 0.3912177688 0.8048514026 0.7276581042 0.7779014831 0.3171349113 0.9586408292 0.7131067020 0.9138728492 0.2637079889 0.9115438070 0.3959186616 0.4813034323 0.9638837933 0.6109334580 0.1824282261 0.7180019287
 0.7642688360 0.2878114071 0.2202921102 0.0546228718 0.1143967248 0.6006276682 0.2055370341 0.5626469481 0.0632430300 0.1619982295 0.0343458116 0.3534433302 0.1402060491 0.1028357085 0.0645374699 0.1335918738 0.5215161136 0.1784606758 0.2117815788 0.0999518810 0.0206579626 0.1588220318 0.4393308706 0.0917334722 0.1606082914 0.3590439505 0.2234983870 0.1875536783 0.0584197095 0.3165427739 0.2607513478 0.0238517147 0.4578063622 0.1840269596 0.1071089306 0.0393109953 0.3434129535 0.0218114014 0.0340679462 0.1407405855 0.2988588499 0.0949843351 0.1195836205 0.2590464054 0.0572715627 0.1943568649 0.5734930226 0.0395841654 0.1667199298 0.4014368072 0.3779865485 0.1913990608 0.3799763499 0.0359186132 0.2497402441 0.2031983657 0.1671126264 0.3777302389 0.5250181451 0.1866662194 0.1782276504 0.1285121668 0.0863565366 0.0095207633 0.4996082328 0.1650842744 0.5306114657 0.0441989319 0.0202299584 0.1639861505 0.2538778053 0.0787379518 0.6602241578 0.2409556373 0.2994368989 0.6544598108 0.3961767995 0.0165445616 0.1254635000 0.0277342963 0.4853203838 0.3331020429 0.5000000000 0.9899417024 0.9796528432 0.8098202709 0.9957235076 0.5091701391 0.5328741653 0.6043393282 0.8983214464 0.2086949271 0.4077732921 0.6993063029 0.9144027947 0.7543945880 0.8513011529 0.6269040618 0.8532117355 0.7539087771
 0.4808082942 0.0137653813 0.4137037252 0.2416959136 0.0151415819 0.0024646191 0.5452922266 0.1475683272 0.1846783973 0.1960378836 0.2019072429 0.0568126789 0.3535243168 0.1561919443 0.0248174486 0.1971324460 0.3033942080 0.7115488774 0.2180132843 0.4239526343 0.1488701266 0.1277046063 0.3172794655 0.0891612019 0.1027288834 0.1854732088 0.5237131252 0.1376092283 0.5715819280 0.3976338082 0.2982638737 0.0265436513 0.5046458299 0.0918845792 0.0846398818 0.3131604802 0.2729028419 0.1085019510 0.1702426249 0.2766567432 0.1733667137 0.1527198487 0.0986918042 0.1303984484 0.0629044262 0.2196449055 0.2497906232 0.0284724093 0.2368432028 0.2716048489 0.2925445640 0.3130736656 0.7107453613 0.6176656213 0.2513881795 0.3647182357 0.3919332316 0.5103271128 0.0786342212 0.1232092921 0.0304204453 0.1238706697 0.2886893913 0.2857302230 0.1690035507 0.5641577310 0.3754479978 0.3234907342 0.4454537418 0.1022425029 0.0079329793 0.0352089546 0.2298495454 0.0147015642 0.0573122683 0.0046791012 0.2700589240 0.0920922667 0.1258292087 0.0511937216 0.4801270176 0.3225674708 0.0100582976 0.5000000000 0.9113320022 0.9515116054 0.7267863070 0.4489923523 0.6379962161 0.8646559352 0.8691634219 0.7575997606 0.8676470114 0.8074425272 0.4404998664 0.9890289179 0.8301597404 0.5193389212 0.6012254120 0.9051943003
 0.0018839748 0.0063997795 0.1709226331 0.5235932353 0.0259093374 0.3921594171 0.1324973840 0.2306193009 0.5882685426 0.0954061170 0.3168172606 0.1906438748 0.0387948356 0.6042284053 0.1927670521 0.1095307393 0.4458844907 0.5239886668 0.1475315179 0.3328112487 0.1854871427 0.0954714516 0.3302573895 0.2434184930 0.2375093713 0.0490266822 0.3390003329 0.2815384029 0.6485083065 0.4359877609 0.3945935131 0.0860973780 0.3240626845 0.2606403405 0.4635758344 0.4675736846 0.6938852566 0.1847046100 0.1606902942 0.4366064651 0.1992346051 0.0232430609 0.5709676571 0.2043058916 0.0453915431 0.6203422727 0.0642131454 0.3206993232 0.1989100658 0.2487368733 0.4604609210 0.3971994986 0.0814337770 0.4656356679 0.1798394152 0.2877773663 0.1804109569 0.0682060290 0.2076761303 0.0776690992 0.1193596798 0.2009090147 0.5253837791 0.0270461921 0.3286367987 0.4539942305 0.3089373436 0.5125205481 0.5014322710 0.0099950822 0.0609845416 0.2070323819 0.3399569349 0.0679307066 0.0104705233 0.2409199557 0.1180448503 0.7727955969 0.1376336320 0.2898810303 0.3126315448 0.6087822312 0.0203471568 0.0886679978 0.5000000000 0.5113299157 0.7672498678 0.9487625295 0.9566979569 0.5709422316 0.7720073737 0.9552074493 0.8261079180 0.9493480721 0.9509893901 0.9869973385 0.9693778286 0.7859315490 0.5176776328 0.8351230002
 0.5098856253 0.4638084733 0.5021884950 0.0470745774 0.0862710495 0.1620514929 0.1735915441 0.6117817682 0.4507931733 0.6894154138 0.3712867307 0.0230404568 0.4036382892 0.3226440267 0.0143678775 0.2672668129 0.6848371271 0.1267991139 0.6013888616 0.0673881940 0.1421873882 0.0068416720 0.0118008039 0.0431379518 0.0470271903 0.4357067345 0.2504147763 0.3483929517 0.2019659680 0.4032193727 0.1957958397 0.1079207551 0.1557989975 0.4094396971 0.2245419386 0.1020530387 0.2184825391 0.2740304159 0.2232049645 0.6488187747 0.1090535122 0.3421527150 0.3286914342 0.0798690387 0.2066567944 0.7190248606 0.3046219519 0.2406995475 0.0723488283 0.1104979897 0.1782173893 0.0440783770 0.6176743442 0.0849073108 0.1383061049 0.1659979289 0.4596660431 0.6831821203 0.1905177311 0.5652538665 0.1820459115 0.3749399817 0.1127149181 0.6039373658 0.1228642128 0.6157390568 0.4302813802 0.2237119602 0.3412029805 0.4939841034 0.4387987544 0.1279706795 0.0899162380 0.3261642238 0.0993957812 0.2545616307 0.0716046218 0.0102297558 0.0039889016 0.0386494233 0.4238594716 0.1951485974 0.1901797291 0.0484883946 0.4886700843 0.5000000000 0.9569998973 0.9561150153 0.7193430308 0.4764393087 0.1945408858 0.4948893660 0.5003930513 0.7696738855 0.7143943721 0.4457927474 0.7929347326 0.9305656265 0.9707912766 0.5213780230
 0.0864971078 0.3090636945 0.4403548117 0.2940827585 0.0062715284 0.6067297150 0.4155511981 0.0926670102 0.1308931525 0.0630194319 0.4804205426 0.8347524805 0.0944962003 0.0076137599 0.2251989957 0.3368245505 0.3182204959 0.3255664987 0.0537406021 0.5051364974 0.0602086060 0.2227227503 0.1223731349 0.1358180590 0.3950961168 0.2249634650 0.4175666075 0.0052688296 0.8736416435 0.3027489179 0.0418894163 0.0356875074 0.6747732424 0.1126407073 0.1026761834 0.1361231409 0.2124344990 0.5006137079 0.1399475093 0.7437105882 0.0718653277 0.4117480487 0.1551830168 0.2588756053 0.3220285367 0.1438112679 0.0548843906 0.0358929689 0.0111495236 0.2641331148 0.0945634384 0.2618771977 0.1473245158 0.5736564574 0.2751659630 0.7313250947 0.1830003364 0.1386626576 0.7253314925 0.7316919842 0.7995420629 0.1205642746 0.1401741383 0.5633940336 0.0606127783 0.0107122025 0.1330336724 0.1505305096 0.4039650250 0.2533629919 0.2863339830 0.1014481375 0.2349191515 0.2597450961 0.0098419298 0.5636041898 0.1934636726 0.3564335883 0.0106562938 0.0719614567 0.3770629756 0.2723418958 0.0042764924 0.2732136930 0.2327501322 0.0430001027 0.5000000000 0.6670475581 0.9714487552 0.4382334740 0.4425479201 0.9440303296 0.2484783938 0.8741756939 0.6541857152 0.7922821099 0.9633295567 0.4402927644 0.8730025550 0.8732279190
 0.0067940067 0.0325360259 0.1689141026 0.0192934380 0.2710259690 0.0429469614 0.3149753843 0.1612464945 0.3880540118 0.3573706280 0.0793003274 0.3824624273 0.1775706359 0.1086666124 0.3852351261 0.3191211537 0.0016564543 0.6038329356 0.0453204935 0.1736059447 0.2378076080 0.4701807442 0.7948235992 0.0705572565 0.0837553810 0.2626890179 0.1009600391 0.4568693315 0.1430269423 0.1772886700 0.1972302769 0.1166724717 0.5581569197 0.5611946755 0.8343677692 0.2947323228 0.5111778032 0.0910013141 0.0211859339 0.0085166489 0.2687195896 0.6996953771 0.2985187626 0.3196563811 0.0814715127 0.4307774204 0.2950022016 0.0003756524 0.0124627824 0.0394582599 0.5312254651 0.2798398611 0.1413021221 0.0453175993 0.2164866600 0.3153588120 0.1896855203 0.1045109788 0.7311966537 0.0295146920 0.2457664905 0.1140234461 0.6361934510 0.1652600651 0.4729004651 0.2344730495 0.4578948421 0.1186498389 0.0888677549 0.2342774487 0.3098349486 0.5934801972 0.4556495259 0.1415638560 0.1433190281 0.8650767308 0.3484947020 0.3236985348 0.1259661409 0.0196606135 0.1908194116 0.2220985169 0.4908298609 0.5510076477 0.0512374705 0.0438849847 0.3329524419 0.5000000000 0.7848320252 0.8625134128 0.5275817667 0.6138715654 0.8442053450 0.5835288422 0.8826769073 0.8062353515 0.6898275629 0.9510554489 0.9060989019 0.7088795502
 0.3278797095 0.7641401711 0.2650763358 0.5006235066 0.0783081671 0.1914315043 0.3330085112 0.2405063436 0.2130675534 0.4217720803 0.1272344389 0.0223358658 0.0446924627 0.2448923175 0.3908023925 0.1194108619 0.0511204410 0.1942270348 0.6647868909 0.3379881431 0.1703303135 0.1062620274 0.8775060096 0.0275769468 0.2678831837 0.0462906718 0.2007855807 0.1685542855 0.0384831736 0.1581571651 0.1096234930 0.1634891019 0.0324089139 0.3106845267 0.3841980874 0.0285847840 0.0543881916 0.0042729431 0.5619663764 0.2100425608 0.0169011042 0.0289423637 0.0022105762 0.1783695701 0.0916481861 0.2976723835 0.1208859145 0.3012464177 0.1180140088 0.2797859617 0.0396004388 0.0143942687 0.0375236063 0.1852872190 0.1310781760 0.1027672202 0.0659277212 0.0166757614 0.6312469885 0.6080377544 0.0513679842 0.5231739465 0.3663781004 0.8181965263 0.4095709318 0.6212793218 0.1035236845 0.3826595740 0.0637692211 0.2151203135 0.2756694838 0.2030911961 0.5856609822 0.3534298458 0.7145963087 0.0663749544 0.4394333435 0.0770031261 0.2845786983 0.2950201472 0.0878623228 0.6828650887 0.4671258347 0.3620037839 0.0433020431 0.2806569692 0.0285512448 0.2151679748 0.5000000000 0.6129014922 0.4708343667 0.8602862091 0.6840106623 0.8542615898 0.8738156058 0.9716026060 0.5684678246 0.9705476708 0.7410794602 0.7200866348
 0.2327439295 0.3774708590 0.5675021555 0.5217576820 0.4789063332 0.1373469619 0.3196140518 0.0993832135 0.1065512491 0.0807014276 0.1582896950 0.0244519216 0.0371348630 0.2969003024 0.7457435332 0.2643263034 0.3688066988 0.1028513781 0.0808329463 0.0882843777 0.3354608540 0.4858075983 0.2982848812 0.0114460761 0.1176658092 0.3090739980 0.5400659313 0.3343450264 0.0254612580 0.1707909056 0.5988130253 0.1706489300 0.6741416273 0.4997938756 0.0617425766 0.1820162855 0.1979931525 0.4725258199 0.4180449520 0.2839244887 0.0397525196 0.2584308873 0.1058034887 0.2888661474 0.0292687288 0.0667759798 0.1836501501 0.0773244769 0.2063941771 0.6497585078 0.7234511343 0.0188831396 0.1027133903 0.3091938549 0.4548762752 0.2591579779 0.7841180638 0.1398572730 0.2804003081 0.4485328168 0.4705550201 0.2301549944 0.3138093196 0.2005579458 0.8112705054 0.4289525976 0.3807560165 0.1129819424 0.2079711849 0.0868463873 0.2075259876 0.3213399788 0.4388151381 0.1018904469 0.3347319758 0.2040660186 0.0767844373 0.2923177098 0.0506293743 0.8567673419 0.1015190557 0.0413591708 0.3956606718 0.1353440648 0.4290577684 0.5235606913 0.5617665260 0.1374865872 0.3870985078 0.5000000000 0.8281663176 0.8861432051 0.4223090910 0.8488188093 0.8824581734 0.8639640946 0.8910322345 0.7704437203 0.6067159980 0.3903459762
 0.3201304711 0.0737487761 0.6877190634 0.5702047214 0.2019805867 0.1789173477 0.0689087050 0.1388346314 0.0838574172 0.0456420343 0.6421598089 0.3015982095 0.1285432387 0.0984231023 0.4688593398 0.1470296250 0.0538998097 0.5376164226 0.6195430001 0.2626274706 0.1687564547 0.5405635095 0.4349727700 0.0835155912 0.0052789933 0.3718181851 0.2250555887 0.3917939021 0.6274121436 0.0269767721 0.2247161288 0.5935944378 0.4038399763 0.0585273986 0.2163924878 0.3270199352 0.1015649775 0.0893952706 0.1304628333 0.2125087873 0.2639574546 0.6306382619 0.2255236713 0.3289297827 0.0845596292 0.0901455501 0.1102759172 0.1232316637 0.6617971738 0.1184249119 0.0759883527 0.4219637037 0.0628098744 0.2834451746 0.0997485636 0.1417131309 0.1672490282 0.0757932780 0.9295866431 0.1325158329 0.0672060031 0.5149189300 0.2364315053 0.6101715542 0.3733576878 0.5217526488 0.4904220932 0.4939507325 0.6540352395 0.2240356913 0.0264996201 0.1968928418 0.1171332675 0.1294557361 0.0274522635 0.2776878150 0.1854713093 0.5315035806 0.1362591528 0.8335160401 0.3265647599 0.2868932980 0.1016785536 0.1308365781 0.2279926263 0.8054591142 0.5574520799 0.4724182333 0.5291656333 0.1718336824 0.5000000000 0.8466972805 0.5108544846 0.8055640465 0.9887553720 0.7235393815 0.9059388057 0.7343286661 0.8347513639 0.9282779148
 0.0665474290 0.2409811051 0.1347676570 0.0361804732 0.0966643086 0.1079773072 0.0329160836 0.0054566334 0.0489198782 0.0382379445 0.6794296097 0.1685217800 0.0230268200 0.2265092010 0.0779938621 0.1772436219 0.0906113628 0.1351000748 0.6047901953 0.0270011821 0.0793191343 0.2486033920 0.0318433737 0.2269226810 0.5624040497 0.2966412708 0.3618398842 0.0150392368 0.1551723935 0.4974588368 0.1292638296 0.1930637284 0.0252985485 0.1699099544 0.3141848887 0.7355047507 0.4843176055 0.0093578284 0.1878616014 0.4945909517 0.1101485919 0.1078969433 0.2423569869 0.3219695755 0.1231577873 0.2626637578 0.4796310974 0.4803424943 0.0326673791 0.2165124744 0.4884002524 0.4169216648 0.0162974687 0.0589852007 0.0763390077 0.4500274021 0.0719246843 0.2935836738 0.7738694879 0.1763968001 0.2156891533 0.0392486781 0.0995590215 0.2211274333 0.2936345775 0.2618862048 0.2256432756 0.0019586706 0.6071077730 0.0055462734 0.3031600681 0.2966470358 0.2120018868 0.2054344656 0.2081318859 0.5247093795 0.1534787108 0.4948596839 0.5056141649 0.1323491733 0.0293482443 0.0861271508 0.7913050729 0.2424002394 0.0447925507 0.5051106340 0.0559696704 0.3861284346 0.1397137909 0.1138567949 0.1533027195 0.5000000000 0.4924941493 0.7643614465 0.9277056857 0.4608336866 0.9582146360 0.8440281411 0.6174217980 0.7777789192
 0.4027126200 0.0283086891 0.5079364161 0.5967414229 0.1024004227 0.1132522027 0.1800941272 0.0797720780 0.1499073976 0.0362618031 0.0228470010 0.2066712817 0.2276232393 0.0003360947 0.2181729009 0.0313273682 0.2570487005 0.0785794503 0.0568444225 0.4035811068 0.2542224625 0.0767881551 0.1001020801 0.4423610613 0.2445280787 0.0362675334 0.7392100572 0.0050090677 0.0264861802 0.7385882540 0.7079107606 0.1077973635 0.0526910126 0.1975361260 0.0532608326 0.1041714144 0.1134203526 0.2791324084 0.0390079477 0.5065205778 0.5085764631 0.2626918193 0.0825426207 0.2188595471 0.2424412486 0.4469488095 0.0054060961 0.1296200000 0.1056565715 0.0177579009 0.3827363826 0.1358892293 0.0349569205 0.2164696226 0.0646714661 0.2096201980 0.2470222876 0.4828842599 0.3752068577 0.0685268557 0.0757134836 0.4086973633 0.1323980482 0.2291536037 0.1148095494 0.0441708497 0.4157947881 0.0777544901 0.2150162447 0.1728861681 0.0048060250 0.1962396945 0.2991531051 0.1332510234 0.4895248172 0.3126308179 0.2727592614 0.0103272734 0.3097010831 0.1122214056 0.3549925861 0.7362920111 0.5922267079 0.1323529886 0.1738920820 0.4996069487 0.7515216062 0.1557946550 0.3159893377 0.5776909090 0.4891455154 0.5075058507 0.5000000000 0.6572825499 0.8956277610 0.8946869447 0.9271813760 0.5602229807 0.8842508903 0.8225790796
 0.0731499994 0.4097608747 0.1169532884 0.6513374405 0.0966664373 0.2628470010 0.3342623184 0.0709068111 0.7108668536 0.3650802450 0.2904945404 0.0657120972 0.2562444871 0.0064130119 0.0428744258 0.0722542412 0.0554501107 0.5207946261 0.1864502024 0.1972934780 0.2268689224 0.1232661114 0.2819195740 0.2134065326 0.0368130893 0.0117015247 0.0486146234 0.0414732309 0.3539650262 0.4577340707 0.3386917225 0.0199385811 0.0043177556 0.0282714711 0.3681062149 0.3901913102 0.0414218510 0.2465558828 0.1425554776 0.1552080994 0.0143293804 0.4103410763 0.0520949860 0.0284441284 0.1397041261 0.3387039423 0.3502102561 0.2700704779 0.1490700037 0.4755730661 0.3728776183 0.2726254687 0.0254086292 0.6964017626 0.2401341561 0.0289289554 0.0464958544 0.0032138639 0.1097039666 0.0144399101 0.0893998214 0.0171641060 0.0159505272 0.0532663855 0.1944495462 0.1426728415 0.9206443566 0.1326472995 0.0769241817 0.2085900461 0.6789678535 0.0816994121 0.0520778893 0.3981365171 0.1854512312 0.5201218954 0.0473376446 0.2371937419 0.0736922643 0.1171060776 0.3311990738 0.0884561930 0.3006936971 0.1925574728 0.0506519279 0.2303261145 0.1258243061 0.4164711578 0.1457384102 0.1511811907 0.1944359535 0.2356385535 0.3427174501 0.5000000000 0.5336080571 0.7684274826 0.7748712608 0.8532348058 0.7435675859 0.8268293536
 0.1994880186 0.1605337981 0.2143300126 0.2571239355 0.2341179338 0.2111686081 0.5436024413 0.0117370080 0.4889659835 0.4212689681 0.1824879973 0.2542269920 0.3668554077 0.1414086617 0.8952869165 0.2710686901 0.1697637864 0.2312653128 0.0923746210 0.0293518893 0.3102840334 0.2755274685 0.4077508081 0.2777914486 0.4505572487 0.3269554268 0.2407759404 0.3600910664 0.2646352287 0.0340916549 0.5490408668 0.2166900341 0.4553092909 0.0743788156 0.0582994288 0.0222054034 0.1123871975 0.1272314947 0.5298696943 0.0746611828 0.2597292590 0.2887245680 0.2173627128 0.0869026086 0.2813721970 0.3762362630 0.3979337197 0.3744794585 0.3244078604 0.0092251972 0.2095798793 0.2571310504 0.2696525099 0.0892142570 0.2597347532 0.1327169484 0.0066064066 0.2887313558 0.0192672861 0.7519159089 0.1500644836 0.0331590550 0.0239786100 0.1821481043 0.0187445471 0.2448709862 0.2134060560 0.0925459800 0.5044149548 0.4157579631 0.1207614921 0.1991353939 0.1405727384 0.0615422545 0.3484058582 0.4289115894 0.2085745858 0.2266456479 0.1466787732 0.3966415152 0.0037983630 0.6040813384 0.0855972053 0.5595001336 0.0490106099 0.2856056279 0.3458142848 0.1173230927 0.1261843942 0.1175418266 0.0112446280 0.0722943143 0.1043722390 0.4663919429 0.5000000000 0.9632538909 0.1485730852 0.8879830871 0.8538038399 0.7484132437
 0.2206115190 0.1603436719 0.0470620812 0.2782063391 0.0726543251 0.1950271254 0.1576339668 0.0831407594 0.0499317685 0.4832423516 0.1605461780 0.2761190095 0.3666082549 0.1203017158 0.0892402146 0.2589196798 0.2402626742 0.6015758590 0.3710210938 0.2102001532 0.3898213077 0.3160194462 0.0027571979 0.7846482998 0.1554380372 0.0544348997 0.6400319649 0.1202588636 0.0261808595 0.0959435074 0.1714345475 0.0372413829 0.1963267145 0.1092210817 0.1046816160 0.2136546165 0.2669864076 0.3438885830 0.1217621550 0.4488463587 0.0461560024 0.2600289440 0.1848214717 0.8654111939 0.1689756471 0.0046060492 0.2905706917 0.0393131665 0.3568183496 0.0254722372 0.0071653125 0.3745642873 0.4813795318 0.2496552107 0.1753237802 0.1025608672 0.1042768362 0.2870852834 0.3060913573 0.4195004319 0.2937497975 0.1506330511 0.6583740105 0.0616072212 0.2382391597 0.0961584409 0.6113800040 0.2884754985 0.2508233394 0.0461843352 0.0474839149 0.5667687924 0.3138195784 0.5511266966 0.2558938229 0.2770625746 0.0149954660 0.5773859085 0.0146435987 0.0062975841 0.3560698838 0.5186965677 0.2456054120 0.0109710821 0.0130026615 0.5542072526 0.2077178901 0.1937646485 0.0283973940 0.1360359054 0.2764606185 0.5391663134 0.1053130553 0.2315725174 0.0367461091 0.5000000000 0.5154216699 0.7456075575 0.7626443347 0.5420618585
 0.2493211664 0.0918628475 0.3756096613 0.0641430427 0.6850752581 0.2571290741 0.2868628707 0.1596506436 0.1750453144 0.3145849967 0.4121949308 0.1309216961 0.5487926471 0.0505847501 0.2790330734 0.0317101736 0.1530924544 0.1302547496 0.2620397354 0.1028169926 0.0969898721 0.3941302507 0.3725781831 0.7961297676 0.3868592530 0.0931533792 0.2603475045 0.6024141080 0.4285400086 0.5011889179 0.1251268052 0.1193035225 0.1483066350 0.3277969639 0.0057761660 0.4849479572 0.2737949368 0.2052705367 0.1821336471 0.1882126437 0.0120034838 0.5274973473 0.1630181708 0.5608376147 0.0042592393 0.2178573601 0.0999687604 0.0808609668 0.1648777569 0.7236264588 0.0254653903 0.3372511919 0.1393322442 0.4904203507 0.2352598151 0.1549177254 0.0229129335 0.1920388544 0.0939664705 0.9060196556 0.0573193124 0.5063729469 0.2596166888 0.1155435973 0.0231667144 0.3195491610 0.0805777311 0.0894693596 0.5973923791 0.6696190404 0.5930553657 0.4350876661 0.2597372484 0.3904167372 0.6075394711 0.1827360342 0.0333994250 0.1442786601 0.6096607110 0.0991726529 0.3582765740 0.0361162067 0.1486988471 0.1698402596 0.0306221714 0.2070652674 0.0366704433 0.3101724371 0.4315321754 0.1089677655 0.0940611943 0.0417853640 0.0728186240 0.2251287392 0.8514269148 0.4845783301 0.5000000000 0.8676671004 0.1510632740 0.7606965399
 0.0287994849 0.0527337910 0.6215607966 0.2311960830 0.4461092445 0.1885521205 0.6596064978 0.0254706150 0.7858950566 0.1697077190 0.3088007294 0.2713000212 0.3859734197 0.0508386512 0.4159396938 0.4454704406 0.5133293260 0.2774582512 0.4375382132 0.5386927027 0.3021975363 0.2280096560 0.4103188143 0.1923973635 0.0229534527 0.2548765159 0.0455702217 0.1795201784 0.2462620749 0.2044456397 0.1740853821 0.0648442249 0.0030696042 0.1412786054 0.0612487086 0.3758980380 0.2725234445 0.2975056778 0.0663364327 0.0595129407 0.8147981096 0.8321048959 0.0471110677 0.1770676567 0.0154082858 0.4720689708 0.5364264334 0.0568922500 0.3001559799 0.0824391602 0.1378584009 0.2321097769 0.0265338908 0.0807962967 0.8253050982 0.4950929049 0.0708843841 0.3821399504 0.0305338867 0.1619686220 0.2377223510 0.2206146516 0.2825684267 0.1807177805 0.2920236335 0.0385674335 0.1137677060 0.3740776779 0.1993999651 0.0248557466 0.2227533852 0.0066893012 0.4573157102 0.4157615980 0.5840638151 0.5287048455 0.4377057512 0.6693804155 0.3754155128 0.4931478122 0.2159214868 0.3890665420 0.3730959382 0.4806610788 0.2140684510 0.0694343735 0.5597072356 0.0489445511 0.0294523292 0.2295562797 0.2656713339 0.1559718589 0.4397770193 0.1467651942 0.1120169129 0.2543924425 0.1323328996 0.5000000000 0.8291652167 0.8890470665
 0.2807881876 0.6090219075 0.3771789114 0.1020646047 0.1849641335 0.1151938844 0.0174400880 0.2692494647 0.0860784964 0.2645576756 0.0179077597 0.0420484029 0.1189442745 0.3403779395 0.2373725036 0.3299317965 0.4965886227 0.0403340687 0.4154114512 0.0540457909 0.3370436635 0.6161624526 0.2104296166 0.2220180649 0.0606547777 0.2507962936 0.2686664498 0.3612562339 0.3327747553 0.4043654139 0.3004832988 0.0227752422 0.0250367190 0.3066973035 0.4981663428 0.1486181800 0.3314151681 0.2405179918 0.4642615076 0.3382209043 0.0339689978 0.0565147302 0.1358950086 0.5090022525 0.1254743871 0.0143312087 0.0946803661 0.3917535405 0.4562337123 0.1687388282 0.2037165628 0.0689835686 0.0527020860 0.1369592818 0.2985728725 0.1995901515 0.4875826127 0.0972019183 0.0184526557 0.0669496500 0.5142008659 0.5932513349 0.1657358860 0.1452750886 0.2252100589 0.1467524240 0.0702075111 0.1790423200 0.5311503875 0.2263655170 0.0719838197 0.0502654579 0.4829161145 0.2782621096 0.7024580858 0.3572598978 0.1125000110 0.1219299118 0.2532375281 0.5719253240 0.7890368588 0.8175717739 0.1467882645 0.3987745880 0.4823223672 0.0292087234 0.1269974450 0.0939010981 0.2589205398 0.3932840020 0.1652486361 0.3825782020 0.1157491097 0.2564324141 0.1461961601 0.2373556653 0.8489367260 0.1708347833 0.5000000000 0.7812771953
 0.0655366551 0.3768422350 0.3187037057 0.0030876077 0.4187306920 0.0894964717 0.1665769363 0.2595407391 0.6835353118 0.0623907902 0.1528713488 0.3416669443 0.0028709173 0.6957258411 0.1724485951 0.0802067979 0.1716270471 0.2956263398 0.0389313243 0.0568934343 0.1451633191 0.2818756980 0.0299181441 0.0990811101 0.0772246003 0.0614919619 0.1075167536 0.2339907187 0.7384918530 0.4909018721 0.1222862114 0.4291983365 0.1973616866 0.1011862784 0.1817906824 0.0668253028 0.0916496710 0.1114917053 0.1463314393 0.2344729255 0.0223145907 0.0655540535 0.5450567889 0.0134379131 0.5141949637 0.1820500661 0.0195592879 0.1347792209 0.0130875186 0.1448960081 0.0768643314 0.1443721577 0.8321118898 0.3659930753 0.6652057687 0.0274420913 0.5030217907 0.1002801271 0.1935588098 0.2592467802 0.1385206898 0.4342810705 0.1375145727 0.6814767827 0.3255190174 0.0821873159 0.5691173804 0.8886402622 0.1294315482 0.0509846285 0.0006196124 0.1308001693 0.6060581550 0.0128998151 0.6522863817 0.0364987563 0.1642664668 0.0245258112 0.2087950413 0.3196226695 0.3291377828 0.2819980713 0.2460912229 0.0948056997 0.1648769998 0.4786219770 0.1267720810 0.2911204498 0.2799133652 0.6096540238 0.0717220852 0.2222210808 0.1774209204 0.1731706464 0.2515867563 0.4579381415 0.2393034601 0.1109529335 0.2187228047 0.5000000000
]
